[26Sep2026 23:24:05.322] [main/INFO] [cpw.mods.modlauncher.Launcher/MODLAUNCHER]: ModLauncher running: args [--launchTarget, forgeclientdev, --version, 21.1.251, --assetIndex, 17, --assetsDir, C:\\Users\\stasm\\.gradle\\caches\\neoformruntime\\assets, --gameDir, ., --fml.fmlVersion, 4.0.44, --fml.mcVersion, 1.21.1, --fml.neoForgeVersion, 21.1.251, --fml.neoFormVersion, 20240808.144430]
[26Sep2026 23:24:05.326] [main/INFO] [cpw.mods.modlauncher.Launcher/MODLAUNCHER]: JVM identified as Microsoft OpenJDK 64-Bit Server VM 21.0.12.1+1-LTS
[26Sep2026 23:24:05.328] [main/INFO] [cpw.mods.modlauncher.Launcher/MODLAUNCHER]: ModLauncher 11.0.5+main.901c6ea8 starting: java version 21.0.12.1 by Microsoft; OS Windows 11 arch amd64 version 10.0
[26Sep2026 23:24:05.356] [main/DEBUG] [cpw.mods.modlauncher.LaunchServiceHandler/MODLAUNCHER]: Found launch services [minecraft,forgeclient,forgedatauserdev,testharness,forgeserverdev,forgeserveruserdev,forgejunitdev,forgeclientdev,forgeclientuserdev,forgeserver,forgejunituserdev,forgedatadev]
[26Sep2026 23:24:05.372] [main/DEBUG] [cpw.mods.modlauncher.LaunchPluginHandler/MODLAUNCHER]: Found launch plugins: [mixin,slf4jfixer,runtime_enum_extender,accesstransformer,runtimedistcleaner]
[26Sep2026 23:24:05.380] [main/DEBUG] [cpw.mods.modlauncher.TransformationServicesHandler/MODLAUNCHER]: Discovering transformation services
[26Sep2026 23:24:05.384] [main/DEBUG] [net.neoforged.fml.loading.FMLPaths/CORE]: Path GAMEDIR is C:\Users\stasm\IdeaProjects\Industrial Forogoing Souls Addon\run
[26Sep2026 23:24:05.384] [main/DEBUG] [net.neoforged.fml.loading.FMLPaths/CORE]: Path MODSDIR is C:\Users\stasm\IdeaProjects\Industrial Forogoing Souls Addon\run\mods
[26Sep2026 23:24:05.386] [main/DEBUG] [net.neoforged.fml.loading.FMLPaths/CORE]: Path CONFIGDIR is C:\Users\stasm\IdeaProjects\Industrial Forogoing Souls Addon\run\config
[26Sep2026 23:24:05.386] [main/DEBUG] [net.neoforged.fml.loading.FMLPaths/CORE]: Path FMLCONFIG is C:\Users\stasm\IdeaProjects\Industrial Forogoing Souls Addon\run\config\fml.toml
[26Sep2026 23:24:05.437] [main/DEBUG] [net.neoforged.fml.loading.targets.CommonLaunchHandler/CORE]: Got mod coordinates industrial_forogoing_souls_addon%%C:\\Users\\stasm\\IdeaProjects\\Industrial Forogoing Souls Addon\\build\\classes\\java\\main;industrial_forogoing_souls_addon%%C:\\Users\\stasm\\IdeaProjects\\Industrial Forogoing Souls Addon\\build\\resources\\main from env
[26Sep2026 23:24:05.442] [main/DEBUG] [net.neoforged.fml.loading.targets.CommonLaunchHandler/CORE]: Found supplied mod coordinates [{industrial_forogoing_souls_addon=[C:\Users\stasm\IdeaProjects\Industrial Forogoing Souls Addon\build\classes\java\main, C:\Users\stasm\IdeaProjects\Industrial Forogoing Souls Addon\build\resources\main]}]
[26Sep2026 23:24:05.446] [main/DEBUG] [cpw.mods.modlauncher.TransformationServicesHandler/MODLAUNCHER]: Found additional transformation services from discovery services: 
[26Sep2026 23:24:05.456] [main/INFO] [net.neoforged.fml.loading.ImmediateWindowHandler/]: Loading ImmediateWindowProvider fmlearlywindow
[26Sep2026 23:24:05.579] [main/INFO] [EARLYDISPLAY/]: Trying GL version 4.6
[26Sep2026 23:24:05.686] [main/INFO] [EARLYDISPLAY/]: Requested GL version 4.6 got version 4.6
[26Sep2026 23:24:05.772] [main/DEBUG] [cpw.mods.modlauncher.TransformationServicesHandler/MODLAUNCHER]: Found transformer services : [mixin,fml]
[26Sep2026 23:24:05.773] [main/DEBUG] [cpw.mods.modlauncher.TransformationServicesHandler/MODLAUNCHER]: Transformation services loading
[26Sep2026 23:24:05.773] [main/DEBUG] [cpw.mods.modlauncher.TransformationServiceDecorator/MODLAUNCHER]: Loading service mixin
[26Sep2026 23:24:05.774] [main/DEBUG] [cpw.mods.modlauncher.TransformationServiceDecorator/MODLAUNCHER]: Loaded service mixin
[26Sep2026 23:24:05.774] [main/DEBUG] [cpw.mods.modlauncher.TransformationServiceDecorator/MODLAUNCHER]: Loading service fml
[26Sep2026 23:24:05.775] [main/DEBUG] [net.neoforged.fml.loading.FMLLoader/CORE]: FML 4.0.44 loading
[26Sep2026 23:24:05.775] [main/DEBUG] [net.neoforged.fml.loading.FMLLoader/CORE]: FML found ModLauncher version : 11.0.5+main.901c6ea8
[26Sep2026 23:24:05.775] [main/DEBUG] [net.neoforged.fml.loading.FMLLoader/CORE]: FML found AccessTransformer version : 10.0.1+139da711
[26Sep2026 23:24:05.776] [main/DEBUG] [net.neoforged.fml.loading.FMLLoader/CORE]: FML found EventBus version : null
[26Sep2026 23:24:05.776] [main/DEBUG] [net.neoforged.fml.loading.FMLLoader/CORE]: Found Runtime Dist Cleaner
[26Sep2026 23:24:05.776] [main/DEBUG] [cpw.mods.modlauncher.TransformationServiceDecorator/MODLAUNCHER]: Loaded service fml
[26Sep2026 23:24:05.777] [main/DEBUG] [cpw.mods.modlauncher.TransformationServicesHandler/MODLAUNCHER]: Configuring option handling for services
[26Sep2026 23:24:05.799] [main/DEBUG] [net.neoforged.fml.loading.FMLServiceProvider/CORE]: Received command line version data  : VersionInfo[neoForgeVersion=21.1.251, fmlVersion=4.0.44, mcVersion=1.21.1, neoFormVersion=20240808.144430]
[26Sep2026 23:24:05.800] [main/DEBUG] [cpw.mods.modlauncher.TransformationServicesHandler/MODLAUNCHER]: Transformation services initializing
[26Sep2026 23:24:05.800] [main/DEBUG] [cpw.mods.modlauncher.TransformationServiceDecorator/MODLAUNCHER]: Initializing transformation service mixin
[26Sep2026 23:24:05.816] [main/DEBUG] [mixin/]: MixinService [ModLauncher] was successfully booted in cpw.mods.cl.ModuleClassLoader@544a2ea6
[26Sep2026 23:24:05.832] [main/INFO] [mixin/]: SpongePowered MIXIN Subsystem Version=0.8.7 Source=union:/C:/Users/stasm/.gradle/caches/modules-2/files-2.1/net.fabricmc/sponge-mixin/0.15.2+mixin.0.8.7/2af2f021d8e02a0220dc27a7a72b4666d66d44ca/sponge-mixin-0.15.2+mixin.0.8.7.jar%23138!/ Service=ModLauncher Env=CLIENT
[26Sep2026 23:24:05.836] [main/DEBUG] [mixin/]: Initialising Mixin Platform Manager
[26Sep2026 23:24:05.837] [main/DEBUG] [mixin/]: Adding mixin platform agents for container ModLauncher Root Container(ModLauncher:4f56a0a2)
[26Sep2026 23:24:05.838] [main/DEBUG] [mixin/]: Instancing new MixinPlatformAgentMinecraftForge for ModLauncher Root Container(ModLauncher:4f56a0a2)
[26Sep2026 23:24:05.839] [main/DEBUG] [mixin/]: MixinPlatformAgentMinecraftForge rejected container ModLauncher Root Container(ModLauncher:4f56a0a2)
[26Sep2026 23:24:05.840] [main/DEBUG] [mixin/]: Instancing new MixinPlatformAgentDefault for ModLauncher Root Container(ModLauncher:4f56a0a2)
[26Sep2026 23:24:05.840] [main/DEBUG] [mixin/]: MixinPlatformAgentDefault accepted container ModLauncher Root Container(ModLauncher:4f56a0a2)
[26Sep2026 23:24:05.842] [main/DEBUG] [cpw.mods.modlauncher.TransformationServiceDecorator/MODLAUNCHER]: Initialized transformation service mixin
[26Sep2026 23:24:05.843] [main/DEBUG] [cpw.mods.modlauncher.TransformationServiceDecorator/MODLAUNCHER]: Initializing transformation service fml
[26Sep2026 23:24:05.843] [main/DEBUG] [net.neoforged.fml.loading.FMLServiceProvider/CORE]: Setting up basic FML game directories
[26Sep2026 23:24:05.843] [main/DEBUG] [net.neoforged.fml.loading.FMLPaths/CORE]: Path GAMEDIR is C:\Users\stasm\IdeaProjects\Industrial Forogoing Souls Addon\run
[26Sep2026 23:24:05.844] [main/DEBUG] [net.neoforged.fml.loading.FMLPaths/CORE]: Path MODSDIR is C:\Users\stasm\IdeaProjects\Industrial Forogoing Souls Addon\run\mods
[26Sep2026 23:24:05.844] [main/DEBUG] [net.neoforged.fml.loading.FMLPaths/CORE]: Path CONFIGDIR is C:\Users\stasm\IdeaProjects\Industrial Forogoing Souls Addon\run\config
[26Sep2026 23:24:05.844] [main/DEBUG] [net.neoforged.fml.loading.FMLPaths/CORE]: Path FMLCONFIG is C:\Users\stasm\IdeaProjects\Industrial Forogoing Souls Addon\run\config\fml.toml
[26Sep2026 23:24:05.844] [main/DEBUG] [net.neoforged.fml.loading.FMLServiceProvider/CORE]: Loading configuration
[26Sep2026 23:24:05.850] [main/DEBUG] [net.neoforged.fml.loading.FMLServiceProvider/CORE]: Preparing launch handler
[26Sep2026 23:24:05.851] [main/DEBUG] [net.neoforged.fml.loading.FMLLoader/CORE]: Using forgeclientdev as launch service
[26Sep2026 23:24:05.854] [main/DEBUG] [cpw.mods.modlauncher.TransformationServiceDecorator/MODLAUNCHER]: Initialized transformation service fml
[26Sep2026 23:24:05.854] [main/DEBUG] [cpw.mods.modlauncher.TransformationServicesHandler/MODLAUNCHER]: Transformation services begin scanning
[26Sep2026 23:24:05.856] [main/DEBUG] [cpw.mods.modlauncher.TransformationServiceDecorator/MODLAUNCHER]: Beginning scan trigger - transformation service mixin
[26Sep2026 23:24:05.857] [main/DEBUG] [cpw.mods.modlauncher.TransformationServiceDecorator/MODLAUNCHER]: End scan trigger - transformation service mixin
[26Sep2026 23:24:05.857] [main/DEBUG] [cpw.mods.modlauncher.TransformationServiceDecorator/MODLAUNCHER]: Beginning scan trigger - transformation service fml
[26Sep2026 23:24:05.857] [main/DEBUG] [net.neoforged.fml.loading.FMLServiceProvider/CORE]: Initiating mod scan
[26Sep2026 23:24:05.857] [main/DEBUG] [net.neoforged.fml.loading.targets.CommonLaunchHandler/CORE]: Got mod coordinates industrial_forogoing_souls_addon%%C:\\Users\\stasm\\IdeaProjects\\Industrial Forogoing Souls Addon\\build\\classes\\java\\main;industrial_forogoing_souls_addon%%C:\\Users\\stasm\\IdeaProjects\\Industrial Forogoing Souls Addon\\build\\resources\\main from env
[26Sep2026 23:24:05.858] [main/DEBUG] [net.neoforged.fml.loading.targets.CommonLaunchHandler/CORE]: Found supplied mod coordinates [{industrial_forogoing_souls_addon=[C:\Users\stasm\IdeaProjects\Industrial Forogoing Souls Addon\build\classes\java\main, C:\Users\stasm\IdeaProjects\Industrial Forogoing Souls Addon\build\resources\main]}]
[26Sep2026 23:24:05.860] [main/DEBUG] [net.neoforged.fml.loading.targets.CommonDevLaunchHandler/]: Launching with NeoForge from C:\Users\stasm\IdeaProjects\Industrial Forogoing Souls Addon\build\moddev\artifacts\neoforge-21.1.251.jar
[26Sep2026 23:24:05.881] [main/DEBUG] [net.neoforged.fml.util.ServiceLoaderUtil/CORE]: Found 4 implementations of IModFileCandidateLocator:
[26Sep2026 23:24:05.883] [main/DEBUG] [net.neoforged.fml.util.ServiceLoaderUtil/CORE]: 	       0 - [built-in] net.neoforged.fml.loading.moddiscovery.locators.NeoForgeDevProvider from loader-4.0.44.jar
[26Sep2026 23:24:05.884] [main/DEBUG] [net.neoforged.fml.util.ServiceLoaderUtil/CORE]: 	       0 - net.neoforged.fml.loading.moddiscovery.locators.ModsFolderLocator from loader-4.0.44.jar
[26Sep2026 23:24:05.884] [main/DEBUG] [net.neoforged.fml.util.ServiceLoaderUtil/CORE]: 	       0 - net.neoforged.fml.loading.moddiscovery.locators.MavenDirectoryLocator from loader-4.0.44.jar
[26Sep2026 23:24:05.885] [main/DEBUG] [net.neoforged.fml.util.ServiceLoaderUtil/CORE]: 	   -1000 - [built-in] net.neoforged.fml.loading.moddiscovery.locators.UserdevLocator from loader-4.0.44.jar
[26Sep2026 23:24:05.887] [main/DEBUG] [net.neoforged.fml.util.ServiceLoaderUtil/CORE]: Found 2 implementations of IModFileReader:
[26Sep2026 23:24:05.888] [main/DEBUG] [net.neoforged.fml.util.ServiceLoaderUtil/CORE]: 	       0 - net.neoforged.fml.loading.moddiscovery.readers.JarModsDotTomlModFileReader from loader-4.0.44.jar
[26Sep2026 23:24:05.889] [main/DEBUG] [net.neoforged.fml.util.ServiceLoaderUtil/CORE]: 	   -1000 - net.neoforged.fml.loading.moddiscovery.readers.NestedLibraryModReader from loader-4.0.44.jar
[26Sep2026 23:24:05.891] [main/DEBUG] [net.neoforged.fml.util.ServiceLoaderUtil/CORE]: Found 1 implementations of IDependencyLocator:
[26Sep2026 23:24:05.891] [main/DEBUG] [net.neoforged.fml.util.ServiceLoaderUtil/CORE]: 	       0 - net.neoforged.fml.loading.moddiscovery.locators.JarInJarDependencyLocator from loader-4.0.44.jar
[26Sep2026 23:24:05.967] [main/DEBUG] [net.neoforged.fml.loading.moddiscovery.ModFileInfo/LOADING]: Found valid mod file neoforge-21.1.251.jar with {minecraft} mods - versions {1.21.1}
[26Sep2026 23:24:05.972] [pool-2-thread-1/INFO] [EARLYDISPLAY/]: GL info: AMD Radeon RX 7700 XT GL version 4.6.0 Core Profile Context 26.8.1.260810, ATI Technologies Inc.
[26Sep2026 23:24:05.976] [main/DEBUG] [net.neoforged.fml.loading.moddiscovery.ModFileParser/LOADING]: Considering mod file candidate C:\Users\stasm\IdeaProjects\Industrial Forogoing Souls Addon\build\moddev\artifacts\neoforge-21.1.251.jar
[26Sep2026 23:24:05.998] [main/DEBUG] [net.neoforged.fml.loading.moddiscovery.ModFileInfo/LOADING]: Found valid mod file neoforge-21.1.251.jar with {neoforge} mods - versions {21.1.251}
[26Sep2026 23:24:06.007] [main/DEBUG] [net.neoforged.fml.loading.moddiscovery.ModFileParser/LOADING]: Considering mod file candidate C:\Users\stasm\IdeaProjects\Industrial Forogoing Souls Addon\run\mods\enderio-8.2.12-beta.jar
[26Sep2026 23:24:06.014] [main/DEBUG] [net.neoforged.fml.loading.moddiscovery.ModFileInfo/LOADING]: Found valid mod file enderio-8.2.12-beta.jar with {enderio} mods - versions {8.2.12-beta}
[26Sep2026 23:24:06.017] [main/DEBUG] [net.neoforged.fml.loading.moddiscovery.ModListHandler/CORE]: Found mod coordinates from lists: []
[26Sep2026 23:24:06.018] [main/DEBUG] [net.neoforged.fml.loading.moddiscovery.ModFileParser/LOADING]: Considering mod file candidate C:\Users\stasm\IdeaProjects\Industrial Forogoing Souls Addon\build\classes\java\main
[26Sep2026 23:24:06.023] [main/DEBUG] [net.neoforged.fml.loading.moddiscovery.ModFileInfo/LOADING]: Found valid mod file main with {industrial_forogoing_souls_addon} mods - versions {1}
[26Sep2026 23:24:06.033] [main/DEBUG] [net.neoforged.fml.loading.moddiscovery.ModFileParser/LOADING]: Considering mod file candidate C:\Users\stasm\IdeaProjects\Industrial Forogoing Souls Addon\build\moddev\artifacts\neoforge-21.1.251.jar
[26Sep2026 23:24:06.034] [main/DEBUG] [net.neoforged.fml.loading.moddiscovery.ModFileInfo/LOADING]: Found valid mod file neoforge-21.1.251.jar with {neoforge} mods - versions {21.1.251}
[26Sep2026 23:24:06.038] [main/DEBUG] [net.neoforged.fml.loading.moddiscovery.ModFileParser/LOADING]: Considering mod file candidate C:\Users\stasm\.gradle\caches\modules-2\files-2.1\com.buuz135\industrialforegoing\1.21-3.6.35\ea8a69bf09ba7a8db39301818256be388572a53d\industrialforegoing-1.21-3.6.35.jar
[26Sep2026 23:24:06.042] [main/DEBUG] [net.neoforged.fml.loading.moddiscovery.ModFileInfo/LOADING]: Found valid mod file industrialforegoing-1.21-3.6.35.jar with {industrialforegoing} mods - versions {1.21-3.6.35}
[26Sep2026 23:24:06.046] [main/DEBUG] [net.neoforged.fml.loading.moddiscovery.ModFileParser/LOADING]: Considering mod file candidate C:\Users\stasm\.gradle\caches\modules-2\files-2.1\com.hrznstudio\titanium\1.21-4.0.40\9ea7563f11cb4a3e8189ba007072ed6e25731aaf\titanium-1.21-4.0.40.jar
[26Sep2026 23:24:06.053] [main/DEBUG] [net.neoforged.fml.loading.moddiscovery.ModFileInfo/LOADING]: Found valid mod file titanium-1.21-4.0.40.jar with {titanium} mods - versions {4.0.40}
[26Sep2026 23:24:06.056] [main/DEBUG] [net.neoforged.fml.loading.moddiscovery.ModFileParser/LOADING]: Considering mod file candidate C:\Users\stasm\.gradle\caches\modules-2\files-2.1\mezz.jei\jei-1.21.1-neoforge\19.21.0.247\4d9ed6b03c67148ffe7406a84deb168a632e0a60\jei-1.21.1-neoforge-19.21.0.247.jar
[26Sep2026 23:24:06.059] [main/DEBUG] [net.neoforged.fml.loading.moddiscovery.ModFileInfo/LOADING]: Found valid mod file jei-1.21.1-neoforge-19.21.0.247.jar with {jei} mods - versions {19.21.0.247}
[26Sep2026 23:24:06.061] [main/DEBUG] [net.neoforged.fml.loading.moddiscovery.ModFileParser/LOADING]: Considering mod file candidate C:\Users\stasm\.gradle\caches\modules-2\files-2.1\curse.maven\jade-324717\5444008\cf8f6dc9b9fcbbe204596ee21803ff5b22a5b61b\jade-324717-5444008.jar
[26Sep2026 23:24:06.062] [main/DEBUG] [net.neoforged.fml.loading.moddiscovery.ModFileInfo/LOADING]: Found valid mod file jade-324717-5444008.jar with {jade} mods - versions {15.0.5+neoforge}
[26Sep2026 23:24:06.066] [main/DEBUG] [net.neoforged.fml.loading.moddiscovery.ModFileParser/LOADING]: Considering mod file candidate C:\Users\stasm\.gradle\caches\modules-2\files-2.1\vazkii.patchouli\Patchouli\1.21-87-NEOFORGE-SNAPSHOT\fc795f5395a51d27311cccbbd8fecb35186e4cdb\Patchouli-1.21-87-NEOFORGE-SNAPSHOT.jar
[26Sep2026 23:24:06.068] [main/DEBUG] [net.neoforged.fml.loading.moddiscovery.ModFileInfo/LOADING]: Found valid mod file Patchouli-1.21-87-NEOFORGE-SNAPSHOT.jar with {patchouli} mods - versions {1.21-87-NEOFORGE-SNAPSHOT}
[26Sep2026 23:24:06.071] [main/DEBUG] [net.neoforged.fml.loading.moddiscovery.ModFileParser/LOADING]: Considering mod file candidate C:\Users\stasm\.gradle\caches\modules-2\files-2.1\curse.maven\curios-continuation-1037991\5690713\a4a884d8f457f27940fc3c77884a5e5f7e04cca9\curios-continuation-1037991-5690713.jar
[26Sep2026 23:24:06.073] [main/DEBUG] [net.neoforged.fml.loading.moddiscovery.ModFileInfo/LOADING]: Found valid mod file curios-continuation-1037991-5690713.jar with {curios} mods - versions {9.0.9+1.21}
[26Sep2026 23:24:06.076] [main/DEBUG] [net.neoforged.fml.loading.moddiscovery.ModFileParser/LOADING]: Considering mod file candidate C:\Users\stasm\.gradle\caches\modules-2\files-2.1\curse.maven\ftb-library-forge-404465\6161173\7391fc55abceb8abd4ef568841d9310d19fc1f93\ftb-library-forge-404465-6161173.jar
[26Sep2026 23:24:06.077] [main/DEBUG] [net.neoforged.fml.loading.moddiscovery.ModFileInfo/LOADING]: Found valid mod file ftb-library-forge-404465-6161173.jar with {ftblibrary} mods - versions {2101.1.9}
[26Sep2026 23:24:06.079] [main/DEBUG] [net.neoforged.fml.loading.moddiscovery.ModFileParser/LOADING]: Considering mod file candidate C:\Users\stasm\.gradle\caches\modules-2\files-2.1\curse.maven\ftb-chunks-forge-314906\6121389\a33dea5f2a9aefcd7b933430641ad6d1d23e753b\ftb-chunks-forge-314906-6121389.jar
[26Sep2026 23:24:06.081] [main/DEBUG] [net.neoforged.fml.loading.moddiscovery.ModFileInfo/LOADING]: Found valid mod file ftb-chunks-forge-314906-6121389.jar with {ftbchunks} mods - versions {2101.1.7}
[26Sep2026 23:24:06.086] [main/DEBUG] [net.neoforged.fml.loading.moddiscovery.ModFileParser/LOADING]: Considering mod file candidate C:\Users\stasm\.gradle\caches\modules-2\files-2.1\curse.maven\mekanism-268560\5680395\74c04b02c1e201d3e1646be0cdca2191138193c9\mekanism-268560-5680395.jar
[26Sep2026 23:24:06.088] [main/DEBUG] [net.neoforged.fml.loading.moddiscovery.ModFileInfo/LOADING]: Found valid mod file mekanism-268560-5680395.jar with {mekanism} mods - versions {10.7.7}
[26Sep2026 23:24:06.090] [main/DEBUG] [net.neoforged.fml.loading.moddiscovery.ModFileParser/LOADING]: Considering mod file candidate C:\Users\stasm\.gradle\caches\modules-2\files-2.1\curse.maven\architectury-api-419699\5786327\6ca11d3cc136bf69bb8f4d56982481eb85b5100b\architectury-api-419699-5786327.jar
[26Sep2026 23:24:06.091] [main/DEBUG] [net.neoforged.fml.loading.moddiscovery.ModFileInfo/LOADING]: Found valid mod file architectury-api-419699-5786327.jar with {architectury} mods - versions {13.0.8}
[26Sep2026 23:24:06.092] [main/DEBUG] [net.neoforged.fml.loading.moddiscovery.ModFileParser/LOADING]: Considering mod file candidate C:\Users\stasm\.gradle\caches\modules-2\files-2.1\curse.maven\ftb-teams-forge-404468\6119437\e9431f3b475359cb487e2f308a363844fee74da4\ftb-teams-forge-404468-6119437.jar
[26Sep2026 23:24:06.094] [main/DEBUG] [net.neoforged.fml.loading.moddiscovery.ModFileInfo/LOADING]: Found valid mod file ftb-teams-forge-404468-6119437.jar with {ftbteams} mods - versions {2101.1.2}
[26Sep2026 23:24:06.111] [main/DEBUG] [net.neoforged.fml.loading.moddiscovery.ModDiscoverer/]: Skipping C:\Users\stasm\.gradle\caches\modules-2\files-2.1\net.neoforged.fancymodloader\earlydisplay\4.0.44\cb2afcf15672180eca1c49b1c9b1208951ef322e\earlydisplay-4.0.44.jar because it was already located earlier
[26Sep2026 23:24:06.111] [main/DEBUG] [net.neoforged.fml.loading.moddiscovery.ModDiscoverer/]: Skipping C:\Users\stasm\.gradle\caches\modules-2\files-2.1\net.neoforged.fancymodloader\loader\4.0.44\63433608b68302a442e3dba87880e54f42ea0583\loader-4.0.44.jar because it was already located earlier
[26Sep2026 23:24:06.111] [main/DEBUG] [net.neoforged.fml.loading.moddiscovery.ModDiscoverer/]: Skipping C:\Users\stasm\.gradle\caches\modules-2\files-2.1\net.neoforged.accesstransformers\at-modlauncher\10.0.1\5aba50202aceead086bc09fbc2751c9f05cb4890\at-modlauncher-10.0.1.jar because it was already located earlier
[26Sep2026 23:24:06.112] [main/DEBUG] [net.neoforged.fml.loading.moddiscovery.ModDiscoverer/]: Skipping C:\Users\stasm\.gradle\caches\modules-2\files-2.1\net.neoforged\accesstransformers\10.0.1\fd83b5725f76eae9115e9355fa1c456a6a441400\accesstransformers-10.0.1.jar because it was already located earlier
[26Sep2026 23:24:06.112] [main/DEBUG] [net.neoforged.fml.loading.moddiscovery.ModDiscoverer/]: Skipping C:\Users\stasm\.gradle\caches\modules-2\files-2.1\net.neoforged\bus\8.0.5\5b2d33285ab5d1554e9798ad98c40d6ea3868bd5\bus-8.0.5.jar because it was already located earlier
[26Sep2026 23:24:06.112] [main/DEBUG] [net.neoforged.fml.loading.moddiscovery.ModDiscoverer/]: Skipping C:\Users\stasm\.gradle\caches\modules-2\files-2.1\net.neoforged\coremods\7.0.3\9147e6f638b4272b3bd5fc8f92ad37802512c6c\coremods-7.0.3.jar because it was already located earlier
[26Sep2026 23:24:06.112] [main/DEBUG] [net.neoforged.fml.loading.moddiscovery.ModDiscoverer/]: Skipping C:\Users\stasm\.gradle\caches\modules-2\files-2.1\cpw.mods\modlauncher\11.0.5\b8f0d49294f733fdb6173931b263553e943dc950\modlauncher-11.0.5.jar because it was already located earlier
[26Sep2026 23:24:06.112] [main/DEBUG] [net.neoforged.fml.loading.moddiscovery.ModDiscoverer/]: Skipping C:\Users\stasm\.gradle\caches\modules-2\files-2.1\net.neoforged\mergetool\2.0.0\52fe1949be64e3303aabaaa21e315f551db9c9f4\mergetool-2.0.0-api.jar because it was already located earlier
[26Sep2026 23:24:06.112] [main/DEBUG] [net.neoforged.fml.loading.moddiscovery.ModDiscoverer/]: Skipping C:\Users\stasm\.gradle\caches\modules-2\files-2.1\com.electronwill.night-config\toml\3.8.3\90b2fd6efcb4a7d5b9810cf78f9d824994d717f2\toml-3.8.3.jar because it was already located earlier
[26Sep2026 23:24:06.113] [main/DEBUG] [net.neoforged.fml.loading.moddiscovery.ModDiscoverer/]: Skipping C:\Users\stasm\.gradle\caches\modules-2\files-2.1\com.electronwill.night-config\core\3.8.3\b442a95f09e349927f5a945ecb594455870fcf4f\core-3.8.3.jar because it was already located earlier
[26Sep2026 23:24:06.113] [main/DEBUG] [net.neoforged.fml.loading.moddiscovery.ModDiscoverer/]: Skipping C:\Users\stasm\.gradle\caches\modules-2\files-2.1\net.neoforged\JarJarSelector\0.4.1\fb3cc7a58af22ad2880adb98af6d518128c47dae\JarJarSelector-0.4.1.jar because it was already located earlier
[26Sep2026 23:24:06.113] [main/DEBUG] [net.neoforged.fml.loading.moddiscovery.ModDiscoverer/]: Skipping C:\Users\stasm\.gradle\caches\modules-2\files-2.1\net.neoforged\JarJarMetadata\0.4.1\f8da03683dc81694556dc3e177c5e3bb77ae6fcb\JarJarMetadata-0.4.1.jar because it was already located earlier
[26Sep2026 23:24:06.113] [main/DEBUG] [net.neoforged.fml.loading.moddiscovery.ModDiscoverer/]: Skipping C:\Users\stasm\.gradle\caches\modules-2\files-2.1\org.apache.maven\maven-artifact\3.8.5\4433f50c07debefaed0553bd0068f4f48d449313\maven-artifact-3.8.5.jar because it was already located earlier
[26Sep2026 23:24:06.113] [main/DEBUG] [net.neoforged.fml.loading.moddiscovery.ModDiscoverer/]: Skipping C:\Users\stasm\.gradle\caches\modules-2\files-2.1\net.jodah\typetools\0.6.3\a01aaa6ddaea9ec07ec4f209487b7a46a526283a\typetools-0.6.3.jar because it was already located earlier
[26Sep2026 23:24:06.113] [main/DEBUG] [net.neoforged.fml.loading.moddiscovery.ModDiscoverer/]: Skipping C:\Users\stasm\.gradle\caches\modules-2\files-2.1\net.minecrell\terminalconsoleappender\1.3.0\b562e9bb61235c9520e26282cdee71f8f802d1fc\terminalconsoleappender-1.3.0.jar because it was already located earlier
[26Sep2026 23:24:06.113] [main/DEBUG] [net.neoforged.fml.loading.moddiscovery.ModDiscoverer/]: Skipping C:\Users\stasm\.gradle\caches\modules-2\files-2.1\net.fabricmc\sponge-mixin\0.15.2+mixin.0.8.7\2af2f021d8e02a0220dc27a7a72b4666d66d44ca\sponge-mixin-0.15.2+mixin.0.8.7.jar because it was already located earlier
[26Sep2026 23:24:06.114] [main/DEBUG] [net.neoforged.fml.loading.moddiscovery.ModDiscoverer/]: Skipping C:\Users\stasm\.gradle\caches\modules-2\files-2.1\org.openjdk.nashorn\nashorn-core\15.4\f67f5ffaa5f5130cf6fb9b133da00c7df3b532a5\nashorn-core-15.4.jar because it was already located earlier
[26Sep2026 23:24:06.114] [main/DEBUG] [net.neoforged.fml.loading.moddiscovery.ModDiscoverer/]: Skipping C:\Users\stasm\.gradle\caches\modules-2\files-2.1\org.apache.commons\commons-lang3\3.14.0\1ed471194b02f2c6cb734a0cd6f6f107c673afae\commons-lang3-3.14.0.jar because it was already located earlier
[26Sep2026 23:24:06.114] [main/DEBUG] [net.neoforged.fml.loading.moddiscovery.ModDiscoverer/]: Skipping C:\Users\stasm\.gradle\caches\modules-2\files-2.1\net.sf.jopt-simple\jopt-simple\5.0.4\4fdac2fbe92dfad86aa6e9301736f6b4342a3f5c\jopt-simple-5.0.4.jar because it was already located earlier
[26Sep2026 23:24:06.114] [main/DEBUG] [net.neoforged.fml.loading.moddiscovery.ModDiscoverer/]: Skipping C:\Users\stasm\.gradle\caches\modules-2\files-2.1\commons-io\commons-io\2.15.1\f11560da189ab563a5c8e351941415430e9304ea\commons-io-2.15.1.jar because it was already located earlier
[26Sep2026 23:24:06.114] [main/DEBUG] [net.neoforged.fml.loading.moddiscovery.ModDiscoverer/]: Skipping C:\Users\stasm\.gradle\caches\modules-2\files-2.1\com.mojang\logging\1.2.7\24cb95ffb0e3433fd6e844c04e68009e504ca1c0\logging-1.2.7.jar because it was already located earlier
[26Sep2026 23:24:06.114] [main/DEBUG] [net.neoforged.fml.loading.moddiscovery.ModDiscoverer/]: Skipping C:\Users\stasm\.gradle\caches\modules-2\files-2.1\org.apache.logging.log4j\log4j-slf4j2-impl\2.22.1\d7e6693c2606cb7e7335047d7bb96dec52db5665\log4j-slf4j2-impl-2.22.1.jar because it was already located earlier
[26Sep2026 23:24:06.114] [main/DEBUG] [net.neoforged.fml.loading.moddiscovery.ModDiscoverer/]: Skipping C:\Users\stasm\.gradle\caches\modules-2\files-2.1\org.apache.logging.log4j\log4j-core\2.22.1\7183a25510a02ad00cc6a95d3b3d2a7d3c5a8dc4\log4j-core-2.22.1.jar because it was already located earlier
[26Sep2026 23:24:06.115] [main/DEBUG] [net.neoforged.fml.loading.moddiscovery.ModDiscoverer/]: Skipping C:\Users\stasm\.gradle\caches\modules-2\files-2.1\org.apache.logging.log4j\log4j-api\2.22.1\bea6fede6328fabafd7e68363161a7ea6605abd1\log4j-api-2.22.1.jar because it was already located earlier
[26Sep2026 23:24:06.115] [main/DEBUG] [net.neoforged.fml.loading.moddiscovery.ModDiscoverer/]: Skipping C:\Users\stasm\.gradle\caches\modules-2\files-2.1\com.google.guava\guava\32.1.2-jre\5e64ec7e056456bef3a4bc4c6fdaef71e8ab6318\guava-32.1.2-jre.jar because it was already located earlier
[26Sep2026 23:24:06.115] [main/DEBUG] [net.neoforged.fml.loading.moddiscovery.ModDiscoverer/]: Skipping C:\Users\stasm\.gradle\caches\modules-2\files-2.1\com.google.code.gson\gson\2.10.1\b3add478d4382b78ea20b1671390a858002feb6c\gson-2.10.1.jar because it was already located earlier
[26Sep2026 23:24:06.115] [main/DEBUG] [net.neoforged.fml.loading.moddiscovery.ModDiscoverer/]: Skipping C:\Users\stasm\.gradle\caches\modules-2\files-2.1\org.slf4j\slf4j-api\2.0.9\7cf2726fdcfbc8610f9a71fb3ed639871f315340\slf4j-api-2.0.9.jar because it was already located earlier
[26Sep2026 23:24:06.115] [main/DEBUG] [net.neoforged.fml.loading.moddiscovery.ModDiscoverer/]: Skipping C:\Users\stasm\.gradle\caches\modules-2\files-2.1\org.antlr\antlr4-runtime\4.13.1\17125bae1d965624e265ef49552f6465a2bfa307\antlr4-runtime-4.13.1.jar because it was already located earlier
[26Sep2026 23:24:06.116] [main/DEBUG] [net.neoforged.fml.loading.moddiscovery.ModDiscoverer/]: Skipping C:\Users\stasm\.gradle\caches\modules-2\files-2.1\net.minecraftforge\srgutils\0.4.15\ca408b131759478f164e010fae0d73997e125fb5\srgutils-0.4.15.jar because it was already located earlier
[26Sep2026 23:24:06.116] [main/DEBUG] [net.neoforged.fml.loading.moddiscovery.ModDiscoverer/]: Skipping C:\Users\stasm\.gradle\caches\modules-2\files-2.1\org.codehaus.plexus\plexus-utils\3.3.0\cf43b5391de623b36fe066a21127baef82c64022\plexus-utils-3.3.0.jar because it was already located earlier
[26Sep2026 23:24:06.116] [main/DEBUG] [net.neoforged.fml.loading.moddiscovery.ModDiscoverer/]: Skipping C:\Users\stasm\.gradle\caches\modules-2\files-2.1\org.jline\jline-reader\3.20.0\8f15415b022a25b473e8e16c28ae913186ffb9c4\jline-reader-3.20.0.jar because it was already located earlier
[26Sep2026 23:24:06.116] [main/DEBUG] [net.neoforged.fml.loading.moddiscovery.ModDiscoverer/]: Skipping C:\Users\stasm\.gradle\caches\modules-2\files-2.1\com.machinezoo.noexception\noexception\1.7.1\b65330c98e38a1f915fa54a6e5eca496505e3f0a\noexception-1.7.1.jar because it was already located earlier
[26Sep2026 23:24:06.116] [main/DEBUG] [net.neoforged.fml.loading.moddiscovery.ModDiscoverer/]: Skipping C:\Users\stasm\.gradle\caches\modules-2\files-2.1\com.github.oshi\oshi-core\6.4.10\b1d8ab82d11d92fd639b56d639f8f46f739dd5fa\oshi-core-6.4.10.jar because it was already located earlier
[26Sep2026 23:24:06.116] [main/DEBUG] [net.neoforged.fml.loading.moddiscovery.ModDiscoverer/]: Skipping C:\Users\stasm\.gradle\caches\modules-2\files-2.1\com.google.guava\failureaccess\1.0.1\1dcf1de382a0bf95a3d8b0849546c88bac1292c9\failureaccess-1.0.1.jar because it was already located earlier
[26Sep2026 23:24:06.116] [main/DEBUG] [net.neoforged.fml.loading.moddiscovery.ModDiscoverer/]: Skipping C:\Users\stasm\.gradle\caches\modules-2\files-2.1\com.ibm.icu\icu4j\73.2\61ad4ef7f9131fcf6d25c34b817f90d6da06c9e9\icu4j-73.2.jar because it was already located earlier
[26Sep2026 23:24:06.116] [main/DEBUG] [net.neoforged.fml.loading.moddiscovery.ModDiscoverer/]: Skipping C:\Users\stasm\.gradle\caches\modules-2\files-2.1\com.mojang\authlib\6.0.54\de8bc95660e1b2fe8793fd427a7a10dcec5b3ea7\authlib-6.0.54.jar because it was already located earlier
[26Sep2026 23:24:06.116] [main/DEBUG] [net.neoforged.fml.loading.moddiscovery.ModDiscoverer/]: Skipping C:\Users\stasm\.gradle\caches\modules-2\files-2.1\com.mojang\blocklist\1.0.10\5c685c5ffa94c4cd39496c7184c1d122e515ecef\blocklist-1.0.10.jar because it was already located earlier
[26Sep2026 23:24:06.116] [main/DEBUG] [net.neoforged.fml.loading.moddiscovery.ModDiscoverer/]: Skipping C:\Users\stasm\.gradle\caches\modules-2\files-2.1\com.mojang\brigadier\1.3.10\d15b53a14cf20fdcaa98f731af5dda654452c010\brigadier-1.3.10.jar because it was already located earlier
[26Sep2026 23:24:06.116] [main/DEBUG] [net.neoforged.fml.loading.moddiscovery.ModDiscoverer/]: Skipping C:\Users\stasm\.gradle\caches\modules-2\files-2.1\com.mojang\datafixerupper\8.0.16\67d4de6d7f95d89bcf5862995fb854ebaec02a34\datafixerupper-8.0.16.jar because it was already located earlier
[26Sep2026 23:24:06.116] [main/DEBUG] [net.neoforged.fml.loading.moddiscovery.ModDiscoverer/]: Skipping C:\Users\stasm\.gradle\caches\modules-2\files-2.1\com.mojang\patchy\2.2.10\da05971b07cbb379d002cf7eaec6a2048211fefc\patchy-2.2.10.jar because it was already located earlier
[26Sep2026 23:24:06.116] [main/DEBUG] [net.neoforged.fml.loading.moddiscovery.ModDiscoverer/]: Skipping C:\Users\stasm\.gradle\caches\modules-2\files-2.1\com.mojang\text2speech\1.17.9\3cad216e3a7f0c19b4b394388bc9ffc446f13b14\text2speech-1.17.9.jar because it was already located earlier
[26Sep2026 23:24:06.117] [main/DEBUG] [net.neoforged.fml.loading.moddiscovery.ModDiscoverer/]: Skipping C:\Users\stasm\.gradle\caches\modules-2\files-2.1\commons-codec\commons-codec\1.16.0\4e3eb3d79888d76b54e28b350915b5dc3919c9de\commons-codec-1.16.0.jar because it was already located earlier
[26Sep2026 23:24:06.117] [main/DEBUG] [net.neoforged.fml.loading.moddiscovery.ModDiscoverer/]: Skipping C:\Users\stasm\.gradle\caches\modules-2\files-2.1\commons-logging\commons-logging\1.2\4bfc12adfe4842bf07b657f0369c4cb522955686\commons-logging-1.2.jar because it was already located earlier
[26Sep2026 23:24:06.117] [main/DEBUG] [net.neoforged.fml.loading.moddiscovery.ModDiscoverer/]: Skipping C:\Users\stasm\.gradle\caches\modules-2\files-2.1\io.netty\netty-buffer\4.1.97.Final\f8f3d8644afa5e6e1a40a3a6aeb9d9aa970ecb4f\netty-buffer-4.1.97.Final.jar because it was already located earlier
[26Sep2026 23:24:06.117] [main/DEBUG] [net.neoforged.fml.loading.moddiscovery.ModDiscoverer/]: Skipping C:\Users\stasm\.gradle\caches\modules-2\files-2.1\io.netty\netty-codec\4.1.97.Final\384ba4d75670befbedb45c4d3b497a93639c206d\netty-codec-4.1.97.Final.jar because it was already located earlier
[26Sep2026 23:24:06.117] [main/DEBUG] [net.neoforged.fml.loading.moddiscovery.ModDiscoverer/]: Skipping C:\Users\stasm\.gradle\caches\modules-2\files-2.1\io.netty\netty-common\4.1.97.Final\7cceacaf11df8dc63f23d0fb58e9d4640fc88404\netty-common-4.1.97.Final.jar because it was already located earlier
[26Sep2026 23:24:06.117] [main/DEBUG] [net.neoforged.fml.loading.moddiscovery.ModDiscoverer/]: Skipping C:\Users\stasm\.gradle\caches\modules-2\files-2.1\io.netty\netty-handler\4.1.97.Final\abb86c6906bf512bf2b797a41cd7d2e8d3cd7c36\netty-handler-4.1.97.Final.jar because it was already located earlier
[26Sep2026 23:24:06.117] [main/DEBUG] [net.neoforged.fml.loading.moddiscovery.ModDiscoverer/]: Skipping C:\Users\stasm\.gradle\caches\modules-2\files-2.1\io.netty\netty-resolver\4.1.97.Final\cec8348108dc76c47cf87c669d514be52c922144\netty-resolver-4.1.97.Final.jar because it was already located earlier
[26Sep2026 23:24:06.117] [main/DEBUG] [net.neoforged.fml.loading.moddiscovery.ModDiscoverer/]: Skipping C:\Users\stasm\.gradle\caches\modules-2\files-2.1\io.netty\netty-transport-classes-epoll\4.1.97.Final\795da37ded759e862457a82d9d92c4d39ce8ecee\netty-transport-classes-epoll-4.1.97.Final.jar because it was already located earlier
[26Sep2026 23:24:06.117] [main/DEBUG] [net.neoforged.fml.loading.moddiscovery.ModDiscoverer/]: Skipping C:\Users\stasm\.gradle\caches\modules-2\files-2.1\io.netty\netty-transport-native-unix-common\4.1.97.Final\d469d84265ab70095b01b40886cabdd433b6e664\netty-transport-native-unix-common-4.1.97.Final.jar because it was already located earlier
[26Sep2026 23:24:06.117] [main/DEBUG] [net.neoforged.fml.loading.moddiscovery.ModDiscoverer/]: Skipping C:\Users\stasm\.gradle\caches\modules-2\files-2.1\io.netty\netty-transport\4.1.97.Final\f37380d23c9bb079bc702910833b2fd532c9abd0\netty-transport-4.1.97.Final.jar because it was already located earlier
[26Sep2026 23:24:06.118] [main/DEBUG] [net.neoforged.fml.loading.moddiscovery.ModDiscoverer/]: Skipping C:\Users\stasm\.gradle\caches\modules-2\files-2.1\it.unimi.dsi\fastutil\8.5.12\c24946d46824bd528054bface3231d2ecb7e95e8\fastutil-8.5.12.jar because it was already located earlier
[26Sep2026 23:24:06.118] [main/DEBUG] [net.neoforged.fml.loading.moddiscovery.ModDiscoverer/]: Skipping C:\Users\stasm\.gradle\caches\modules-2\files-2.1\net.java.dev.jna\jna-platform\5.14.0\28934d48aed814f11e4c584da55c49fa7032b31b\jna-platform-5.14.0.jar because it was already located earlier
[26Sep2026 23:24:06.118] [main/DEBUG] [net.neoforged.fml.loading.moddiscovery.ModDiscoverer/]: Skipping C:\Users\stasm\.gradle\caches\modules-2\files-2.1\net.java.dev.jna\jna\5.14.0\67bf3eaea4f0718cb376a181a629e5f88fa1c9dd\jna-5.14.0.jar because it was already located earlier
[26Sep2026 23:24:06.118] [main/DEBUG] [net.neoforged.fml.loading.moddiscovery.ModDiscoverer/]: Skipping C:\Users\stasm\.gradle\caches\modules-2\files-2.1\org.apache.commons\commons-compress\1.26.0\659feffdd12280201c8aacb8f7be94f9a883c824\commons-compress-1.26.0.jar because it was already located earlier
[26Sep2026 23:24:06.118] [main/DEBUG] [net.neoforged.fml.loading.moddiscovery.ModDiscoverer/]: Skipping C:\Users\stasm\.gradle\caches\modules-2\files-2.1\org.apache.httpcomponents\httpclient\4.5.13\e5f6cae5ca7ecaac1ec2827a9e2d65ae2869cada\httpclient-4.5.13.jar because it was already located earlier
[26Sep2026 23:24:06.118] [main/DEBUG] [net.neoforged.fml.loading.moddiscovery.ModDiscoverer/]: Skipping C:\Users\stasm\.gradle\caches\modules-2\files-2.1\org.apache.httpcomponents\httpcore\4.4.16\51cf043c87253c9f58b539c9f7e44c8894223850\httpcore-4.4.16.jar because it was already located earlier
[26Sep2026 23:24:06.118] [main/DEBUG] [net.neoforged.fml.loading.moddiscovery.ModDiscoverer/]: Skipping C:\Users\stasm\.gradle\caches\modules-2\files-2.1\org.jcraft\jorbis\0.0.17\8872d22b293e8f5d7d56ff92be966e6dc28ebdc6\jorbis-0.0.17.jar because it was already located earlier
[26Sep2026 23:24:06.118] [main/DEBUG] [net.neoforged.fml.loading.moddiscovery.ModDiscoverer/]: Skipping C:\Users\stasm\.gradle\caches\modules-2\files-2.1\org.joml\joml\1.10.5\22566d58af70ad3d72308bab63b8339906deb649\joml-1.10.5.jar because it was already located earlier
[26Sep2026 23:24:06.118] [main/DEBUG] [net.neoforged.fml.loading.moddiscovery.ModDiscoverer/]: Skipping C:\Users\stasm\.gradle\caches\modules-2\files-2.1\org.lwjgl\lwjgl-freetype\3.3.3\a0db6c84a8becc8ca05f9dbfa985edc348a824c7\lwjgl-freetype-3.3.3.jar because it was already located earlier
[26Sep2026 23:24:06.124] [main/DEBUG] [net.neoforged.fml.loading.moddiscovery.ModDiscoverer/]: Skipping C:\Users\stasm\.gradle\caches\modules-2\files-2.1\org.lwjgl\lwjgl-freetype\3.3.3\15a8c1de7f51d07a92eae7ce1222557073a0c0c3\lwjgl-freetype-3.3.3-natives-windows-x86.jar because it was already located earlier
[26Sep2026 23:24:06.124] [main/DEBUG] [net.neoforged.fml.loading.moddiscovery.ModDiscoverer/]: Skipping C:\Users\stasm\.gradle\caches\modules-2\files-2.1\org.lwjgl\lwjgl-glfw\3.3.3\efa1eb78c5ccd840e9f329717109b5e892d72f8e\lwjgl-glfw-3.3.3.jar because it was already located earlier
[26Sep2026 23:24:06.128] [main/DEBUG] [net.neoforged.fml.loading.moddiscovery.ModDiscoverer/]: Skipping C:\Users\stasm\.gradle\caches\modules-2\files-2.1\org.lwjgl\lwjgl-glfw\3.3.3\32334f3fd5270a59bad9939a93115acb6de36dcf\lwjgl-glfw-3.3.3-natives-windows-x86.jar because it was already located earlier
[26Sep2026 23:24:06.129] [main/DEBUG] [net.neoforged.fml.loading.moddiscovery.ModDiscoverer/]: Skipping C:\Users\stasm\.gradle\caches\modules-2\files-2.1\org.lwjgl\lwjgl-jemalloc\3.3.3\b543467b7ff3c6920539a88ee602d34098628be5\lwjgl-jemalloc-3.3.3.jar because it was already located earlier
[26Sep2026 23:24:06.129] [main/DEBUG] [net.neoforged.fml.loading.moddiscovery.ModDiscoverer/]: Skipping C:\Users\stasm\.gradle\caches\modules-2\files-2.1\org.lwjgl\lwjgl-jemalloc\3.3.3\426222fc027602a5f21b9c0fe79cde6a4c7a011f\lwjgl-jemalloc-3.3.3-natives-windows.jar because it was already located earlier
[26Sep2026 23:24:06.134] [main/DEBUG] [net.neoforged.fml.loading.moddiscovery.ModDiscoverer/]: Skipping C:\Users\stasm\.gradle\caches\modules-2\files-2.1\org.lwjgl\lwjgl-openal\3.3.3\daada81ceb5fc0c291fbfdd4433cb8d9423577f2\lwjgl-openal-3.3.3.jar because it was already located earlier
[26Sep2026 23:24:06.137] [main/DEBUG] [net.neoforged.fml.loading.moddiscovery.ModDiscoverer/]: Skipping C:\Users\stasm\.gradle\caches\modules-2\files-2.1\org.lwjgl\lwjgl-openal\3.3.3\87b8d5050e3adb46bb58fe1cb2669a4a48fce10d\lwjgl-openal-3.3.3-natives-windows-x86.jar because it was already located earlier
[26Sep2026 23:24:06.138] [main/DEBUG] [net.neoforged.fml.loading.moddiscovery.ModDiscoverer/]: Skipping C:\Users\stasm\.gradle\caches\modules-2\files-2.1\org.lwjgl\lwjgl-opengl\3.3.3\2f6b0147078396a58979125a4c947664e98293a\lwjgl-opengl-3.3.3.jar because it was already located earlier
[26Sep2026 23:24:06.140] [main/DEBUG] [net.neoforged.fml.loading.moddiscovery.ModDiscoverer/]: Skipping C:\Users\stasm\.gradle\caches\modules-2\files-2.1\org.lwjgl\lwjgl-opengl\3.3.3\65e956d3735a1abdc82eff4baec1b61174697d4b\lwjgl-opengl-3.3.3-natives-windows-arm64.jar because it was already located earlier
[26Sep2026 23:24:06.143] [main/DEBUG] [net.neoforged.fml.loading.moddiscovery.ModDiscoverer/]: Skipping C:\Users\stasm\.gradle\caches\modules-2\files-2.1\org.lwjgl\lwjgl-stb\3.3.3\25dd6161988d7e65f71d5065c99902402ee32746\lwjgl-stb-3.3.3.jar because it was already located earlier
[26Sep2026 23:24:06.143] [main/DEBUG] [net.neoforged.fml.loading.moddiscovery.ModDiscoverer/]: Skipping C:\Users\stasm\.gradle\caches\modules-2\files-2.1\org.lwjgl\lwjgl-stb\3.3.3\1d9facdf6541de114b0f963be33505b7679c78cb\lwjgl-stb-3.3.3-natives-windows.jar because it was already located earlier
[26Sep2026 23:24:06.150] [main/DEBUG] [net.neoforged.fml.loading.moddiscovery.ModDiscoverer/]: Skipping C:\Users\stasm\.gradle\caches\modules-2\files-2.1\org.lwjgl\lwjgl-tinyfd\3.3.3\82d755ca94b102e9ca77283b9e2dc46d1b15fbe5\lwjgl-tinyfd-3.3.3.jar because it was already located earlier
[26Sep2026 23:24:06.150] [main/DEBUG] [net.neoforged.fml.loading.moddiscovery.ModDiscoverer/]: Skipping C:\Users\stasm\.gradle\caches\modules-2\files-2.1\org.lwjgl\lwjgl-tinyfd\3.3.3\a6697981b0449a5087c1d546fc08b4f73e8f98c9\lwjgl-tinyfd-3.3.3-natives-windows.jar because it was already located earlier
[26Sep2026 23:24:06.157] [main/DEBUG] [net.neoforged.fml.loading.moddiscovery.ModDiscoverer/]: Skipping C:\Users\stasm\.gradle\caches\modules-2\files-2.1\org.lwjgl\lwjgl\3.3.3\29589b5f87ed335a6c7e7ee6a5775f81f97ecb84\lwjgl-3.3.3.jar because it was already located earlier
[26Sep2026 23:24:06.163] [main/DEBUG] [net.neoforged.fml.loading.moddiscovery.ModDiscoverer/]: Skipping C:\Users\stasm\.gradle\caches\modules-2\files-2.1\org.lwjgl\lwjgl\3.3.3\9e670718e050aeaeea0c2d5b907cffb142f2e58f\lwjgl-3.3.3-natives-windows-x86.jar because it was already located earlier
[26Sep2026 23:24:06.163] [main/DEBUG] [net.neoforged.fml.loading.moddiscovery.ModDiscoverer/]: Skipping C:\Users\stasm\.gradle\caches\modules-2\files-2.1\org.lz4\lz4-java\1.8.0\4b986a99445e49ea5fbf5d149c4b63f6ed6c6780\lz4-java-1.8.0.jar because it was already located earlier
[26Sep2026 23:24:06.164] [main/DEBUG] [net.neoforged.fml.loading.moddiscovery.ModDiscoverer/]: Skipping C:\Users\stasm\.gradle\caches\modules-2\files-2.1\org.jline\jline-terminal\3.20.0\d0ddcc708ddf527a3454c941b7b9225cc83a15ff\jline-terminal-3.20.0.jar because it was already located earlier
[26Sep2026 23:24:06.164] [main/DEBUG] [net.neoforged.fml.loading.moddiscovery.ModDiscoverer/]: Skipping C:\Users\stasm\.gradle\caches\modules-2\files-2.1\com.google.guava\listenablefuture\9999.0-empty-to-avoid-conflict-with-guava\b421526c5f297295adef1c886e5246c39d4ac629\listenablefuture-9999.0-empty-to-avoid-conflict-with-guava.jar because it was already located earlier
[26Sep2026 23:24:06.164] [main/DEBUG] [net.neoforged.fml.loading.moddiscovery.ModDiscoverer/]: Skipping C:\Users\stasm\.gradle\caches\modules-2\files-2.1\com.google.code.findbugs\jsr305\3.0.2\25ea2e8b0c338a877313bd4672d3fe056ea78f0d\jsr305-3.0.2.jar because it was already located earlier
[26Sep2026 23:24:06.164] [main/DEBUG] [net.neoforged.fml.loading.moddiscovery.ModDiscoverer/]: Skipping C:\Users\stasm\.gradle\caches\modules-2\files-2.1\org.checkerframework\checker-qual\3.33.0\de2b60b62da487644fc11f734e73c8b0b431238f\checker-qual-3.33.0.jar because it was already located earlier
[26Sep2026 23:24:06.164] [main/DEBUG] [net.neoforged.fml.loading.moddiscovery.ModDiscoverer/]: Skipping C:\Users\stasm\.gradle\caches\modules-2\files-2.1\com.google.errorprone\error_prone_annotations\2.18.0\89b684257096f548fa39a7df9fdaa409d4d4df91\error_prone_annotations-2.18.0.jar because it was already located earlier
[26Sep2026 23:24:06.164] [main/DEBUG] [net.neoforged.fml.loading.moddiscovery.ModDiscoverer/]: Skipping C:\Users\stasm\.gradle\caches\modules-2\files-2.1\com.google.j2objc\j2objc-annotations\2.8\c85270e307e7b822f1086b93689124b89768e273\j2objc-annotations-2.8.jar because it was already located earlier
[26Sep2026 23:24:06.167] [main/DEBUG] [net.neoforged.fml.loading.UniqueModListBuilder/]: Found 2 mods for first modid neoforge, selecting most recent based on version data
[26Sep2026 23:24:06.168] [main/DEBUG] [net.neoforged.fml.loading.UniqueModListBuilder/]: Selected file neoforge-21.1.251.jar for modid neoforge with version 21.1.251
[26Sep2026 23:24:06.272] [main/DEBUG] [net.neoforged.fml.loading.moddiscovery.ModFileParser/LOADING]: Considering mod file candidate 
[26Sep2026 23:24:06.275] [main/DEBUG] [net.neoforged.fml.loading.moddiscovery.ModFileInfo/LOADING]: Found valid mod file com.enderio.endercore-8.2.12-beta.jar with {endercore} mods - versions {8.2.12-beta}
[26Sep2026 23:24:06.280] [main/DEBUG] [net.neoforged.fml.loading.moddiscovery.ModFileParser/LOADING]: Considering mod file candidate 
[26Sep2026 23:24:06.282] [main/DEBUG] [net.neoforged.fml.loading.moddiscovery.ModFileInfo/LOADING]: Found valid mod file com.enderio.enderio-modded-conduits-8.2.12-beta.jar with {enderio_modded_conduits} mods - versions {8.2.12-beta}
[26Sep2026 23:24:06.326] [main/DEBUG] [net.neoforged.fml.loading.moddiscovery.ModFileParser/LOADING]: Considering mod file candidate 
[26Sep2026 23:24:06.327] [main/DEBUG] [net.neoforged.fml.loading.moddiscovery.ModFileInfo/LOADING]: Found valid mod file com.enderio.endercore-8.2.12-beta.jar with {endercore} mods - versions {8.2.12-beta}
[26Sep2026 23:24:06.329] [main/DEBUG] [net.neoforged.fml.loading.moddiscovery.ModFileParser/LOADING]: Considering mod file candidate 
[26Sep2026 23:24:06.331] [main/DEBUG] [net.neoforged.fml.loading.moddiscovery.ModFileInfo/LOADING]: Found valid mod file com.enderio.enderio-modded-conduits-8.2.12-beta.jar with {enderio_modded_conduits} mods - versions {8.2.12-beta}
[26Sep2026 23:24:06.332] [main/INFO] [net.neoforged.fml.loading.moddiscovery.locators.JarInJarDependencyLocator/]: Found 5 dependencies adding them to mods collection
[26Sep2026 23:24:06.334] [main/INFO] [net.neoforged.fml.loading.moddiscovery.ModDiscoverer/]: 
     Mod List:
		Name Version (Mod Id)

		Architectury 13.0.8 (architectury)
		Curios API 9.0.9+1.21 (curios)
		Ender Core 8.2.12-beta (endercore)
		Ender IO 8.2.12-beta (enderio)
		Ender IO - Modded Conduits 8.2.12-beta (enderio_modded_conduits)
		FTB Chunks 2101.1.7 (ftbchunks)
		FTB Library 2101.1.9 (ftblibrary)
		FTB Teams 2101.1.2 (ftbteams)
		Industrial Foregoing 1.21-3.6.35 (industrialforegoing)
		IndustrialForogoingSoulsAddon 1 (industrial_forogoing_souls_addon)
		Jade 15.0.5+neoforge (jade)
		Just Enough Items 19.21.0.247 (jei)
		Mekanism 10.7.7 (mekanism)
		Minecraft 1.21.1 (minecraft)
		NeoForge 21.1.251 (neoforge)
		Patchouli 1.21-87-NEOFORGE-SNAPSHOT (patchouli)
		Titanium 4.0.40 (titanium)
[26Sep2026 23:24:06.335] [main/DEBUG] [net.neoforged.fml.loading.moddiscovery.ModFileInfo/LOADING]: Found valid mod file neoforge-21.1.251.jar with {minecraft} mods - versions {1.21.1}
[26Sep2026 23:24:06.338] [main/DEBUG] [net.neoforged.fml.loading.moddiscovery.ModFile/LOADING]: Loading mod file C:\Users\stasm\IdeaProjects\Industrial Forogoing Souls Addon\build\moddev\artifacts\neoforge-21.1.251.jar with languages [LanguageSpec[languageName=minecraft, acceptedVersions=1]]
[26Sep2026 23:24:06.339] [main/DEBUG] [net.neoforged.fml.loading.moddiscovery.ModFileParser/LOADING]: Considering mod file candidate C:\Users\stasm\.gradle\caches\modules-2\files-2.1\com.buuz135\industrialforegoing\1.21-3.6.35\ea8a69bf09ba7a8db39301818256be388572a53d\industrialforegoing-1.21-3.6.35.jar
[26Sep2026 23:24:06.340] [main/DEBUG] [net.neoforged.fml.loading.moddiscovery.ModFileInfo/LOADING]: Found valid mod file industrialforegoing-1.21-3.6.35.jar with {industrialforegoing} mods - versions {1.21-3.6.35}
[26Sep2026 23:24:06.340] [main/DEBUG] [net.neoforged.fml.loading.moddiscovery.ModFile/LOADING]: Loading mod file C:\Users\stasm\.gradle\caches\modules-2\files-2.1\com.buuz135\industrialforegoing\1.21-3.6.35\ea8a69bf09ba7a8db39301818256be388572a53d\industrialforegoing-1.21-3.6.35.jar with languages [LanguageSpec[languageName=javafml, acceptedVersions=[4,)]]
[26Sep2026 23:24:06.342] [main/DEBUG] [net.neoforged.fml.loading.moddiscovery.ModFile/LOADING]: Found mixin config MixinConfig[config=META-INF/industrialforegoing.mixins.json, requiredMods=[]]
[26Sep2026 23:24:06.343] [main/DEBUG] [net.neoforged.fml.loading.moddiscovery.ModFileParser/LOADING]: Considering mod file candidate C:\Users\stasm\IdeaProjects\Industrial Forogoing Souls Addon\build\classes\java\main
[26Sep2026 23:24:06.344] [main/DEBUG] [net.neoforged.fml.loading.moddiscovery.ModFileInfo/LOADING]: Found valid mod file main with {industrial_forogoing_souls_addon} mods - versions {1}
[26Sep2026 23:24:06.344] [main/DEBUG] [net.neoforged.fml.loading.moddiscovery.ModFile/LOADING]: Loading mod file C:\Users\stasm\IdeaProjects\Industrial Forogoing Souls Addon\build\classes\java\main with languages [LanguageSpec[languageName=javafml, acceptedVersions=[4,)]]
[26Sep2026 23:24:06.344] [main/DEBUG] [net.neoforged.fml.loading.moddiscovery.ModFileParser/LOADING]: Considering mod file candidate C:\Users\stasm\.gradle\caches\modules-2\files-2.1\com.hrznstudio\titanium\1.21-4.0.40\9ea7563f11cb4a3e8189ba007072ed6e25731aaf\titanium-1.21-4.0.40.jar
[26Sep2026 23:24:06.345] [main/DEBUG] [net.neoforged.fml.loading.moddiscovery.ModFileInfo/LOADING]: Found valid mod file titanium-1.21-4.0.40.jar with {titanium} mods - versions {4.0.40}
[26Sep2026 23:24:06.345] [main/DEBUG] [net.neoforged.fml.loading.moddiscovery.ModFile/LOADING]: Loading mod file C:\Users\stasm\.gradle\caches\modules-2\files-2.1\com.hrznstudio\titanium\1.21-4.0.40\9ea7563f11cb4a3e8189ba007072ed6e25731aaf\titanium-1.21-4.0.40.jar with languages [LanguageSpec[languageName=javafml, acceptedVersions=[1,)]]
[26Sep2026 23:24:06.346] [main/DEBUG] [net.neoforged.fml.loading.moddiscovery.ModFileParser/LOADING]: Considering mod file candidate C:\Users\stasm\.gradle\caches\modules-2\files-2.1\curse.maven\ftb-library-forge-404465\6161173\7391fc55abceb8abd4ef568841d9310d19fc1f93\ftb-library-forge-404465-6161173.jar
[26Sep2026 23:24:06.346] [main/DEBUG] [net.neoforged.fml.loading.moddiscovery.ModFileInfo/LOADING]: Found valid mod file ftb-library-forge-404465-6161173.jar with {ftblibrary} mods - versions {2101.1.9}
[26Sep2026 23:24:06.346] [main/DEBUG] [net.neoforged.fml.loading.moddiscovery.ModFile/LOADING]: Loading mod file C:\Users\stasm\.gradle\caches\modules-2\files-2.1\curse.maven\ftb-library-forge-404465\6161173\7391fc55abceb8abd4ef568841d9310d19fc1f93\ftb-library-forge-404465-6161173.jar with languages [LanguageSpec[languageName=javafml, acceptedVersions=[4,)]]
[26Sep2026 23:24:06.346] [main/DEBUG] [net.neoforged.fml.loading.moddiscovery.ModFile/LOADING]: Found mixin config MixinConfig[config=ftblibrary-common.mixins.json, requiredMods=[]]
[26Sep2026 23:24:06.347] [main/DEBUG] [net.neoforged.fml.loading.moddiscovery.ModFileParser/LOADING]: Considering mod file candidate C:\Users\stasm\.gradle\caches\modules-2\files-2.1\curse.maven\jade-324717\5444008\cf8f6dc9b9fcbbe204596ee21803ff5b22a5b61b\jade-324717-5444008.jar
[26Sep2026 23:24:06.347] [main/DEBUG] [net.neoforged.fml.loading.moddiscovery.ModFileInfo/LOADING]: Found valid mod file jade-324717-5444008.jar with {jade} mods - versions {15.0.5+neoforge}
[26Sep2026 23:24:06.347] [main/DEBUG] [net.neoforged.fml.loading.moddiscovery.ModFile/LOADING]: Loading mod file C:\Users\stasm\.gradle\caches\modules-2\files-2.1\curse.maven\jade-324717\5444008\cf8f6dc9b9fcbbe204596ee21803ff5b22a5b61b\jade-324717-5444008.jar with languages [LanguageSpec[languageName=javafml, acceptedVersions=[1,)]]
[26Sep2026 23:24:06.347] [main/DEBUG] [net.neoforged.fml.loading.moddiscovery.ModFile/LOADING]: Found mixin config MixinConfig[config=jade.mixins.json, requiredMods=[]]
[26Sep2026 23:24:06.347] [main/DEBUG] [net.neoforged.fml.loading.moddiscovery.ModFileParser/LOADING]: Considering mod file candidate C:\Users\stasm\.gradle\caches\modules-2\files-2.1\curse.maven\architectury-api-419699\5786327\6ca11d3cc136bf69bb8f4d56982481eb85b5100b\architectury-api-419699-5786327.jar
[26Sep2026 23:24:06.348] [main/DEBUG] [net.neoforged.fml.loading.moddiscovery.ModFileInfo/LOADING]: Found valid mod file architectury-api-419699-5786327.jar with {architectury} mods - versions {13.0.8}
[26Sep2026 23:24:06.348] [main/DEBUG] [net.neoforged.fml.loading.moddiscovery.ModFile/LOADING]: Loading mod file C:\Users\stasm\.gradle\caches\modules-2\files-2.1\curse.maven\architectury-api-419699\5786327\6ca11d3cc136bf69bb8f4d56982481eb85b5100b\architectury-api-419699-5786327.jar with languages [LanguageSpec[languageName=javafml, acceptedVersions=[1,)]]
[26Sep2026 23:24:06.348] [main/DEBUG] [net.neoforged.fml.loading.moddiscovery.ModFile/LOADING]: Found mixin config MixinConfig[config=architectury.mixins.json, requiredMods=[]]
[26Sep2026 23:24:06.348] [main/DEBUG] [net.neoforged.fml.loading.moddiscovery.ModFile/LOADING]: Found mixin config MixinConfig[config=architectury-common.mixins.json, requiredMods=[]]
[26Sep2026 23:24:06.348] [main/DEBUG] [net.neoforged.fml.loading.moddiscovery.ModFileParser/LOADING]: Considering mod file candidate 
[26Sep2026 23:24:06.350] [main/DEBUG] [net.neoforged.fml.loading.moddiscovery.ModFileInfo/LOADING]: Found valid mod file com.enderio.enderio-modded-conduits-8.2.12-beta.jar with {enderio_modded_conduits} mods - versions {8.2.12-beta}
[26Sep2026 23:24:06.350] [main/DEBUG] [net.neoforged.fml.loading.moddiscovery.ModFile/LOADING]: Loading mod file  with languages [LanguageSpec[languageName=javafml, acceptedVersions=[4,)]]
[26Sep2026 23:24:06.351] [main/DEBUG] [net.neoforged.fml.loading.moddiscovery.ModFileParser/LOADING]: Considering mod file candidate C:\Users\stasm\.gradle\caches\modules-2\files-2.1\mezz.jei\jei-1.21.1-neoforge\19.21.0.247\4d9ed6b03c67148ffe7406a84deb168a632e0a60\jei-1.21.1-neoforge-19.21.0.247.jar
[26Sep2026 23:24:06.352] [main/DEBUG] [net.neoforged.fml.loading.moddiscovery.ModFileInfo/LOADING]: Found valid mod file jei-1.21.1-neoforge-19.21.0.247.jar with {jei} mods - versions {19.21.0.247}
[26Sep2026 23:24:06.352] [main/DEBUG] [net.neoforged.fml.loading.moddiscovery.ModFile/LOADING]: Loading mod file C:\Users\stasm\.gradle\caches\modules-2\files-2.1\mezz.jei\jei-1.21.1-neoforge\19.21.0.247\4d9ed6b03c67148ffe7406a84deb168a632e0a60\jei-1.21.1-neoforge-19.21.0.247.jar with languages [LanguageSpec[languageName=javafml, acceptedVersions=[4,)]]
[26Sep2026 23:24:06.352] [main/DEBUG] [net.neoforged.fml.loading.moddiscovery.ModFileParser/LOADING]: Considering mod file candidate C:\Users\stasm\IdeaProjects\Industrial Forogoing Souls Addon\run\mods\enderio-8.2.12-beta.jar
[26Sep2026 23:24:06.352] [main/DEBUG] [net.neoforged.fml.loading.moddiscovery.ModFileInfo/LOADING]: Found valid mod file enderio-8.2.12-beta.jar with {enderio} mods - versions {8.2.12-beta}
[26Sep2026 23:24:06.353] [main/DEBUG] [net.neoforged.fml.loading.moddiscovery.ModFile/LOADING]: Loading mod file C:\Users\stasm\IdeaProjects\Industrial Forogoing Souls Addon\run\mods\enderio-8.2.12-beta.jar with languages [LanguageSpec[languageName=javafml, acceptedVersions=[4,)]]
[26Sep2026 23:24:06.353] [main/DEBUG] [net.neoforged.fml.loading.moddiscovery.ModFile/LOADING]: Found mixin config MixinConfig[config=enderio.mixins.json, requiredMods=[]]
[26Sep2026 23:24:06.353] [main/DEBUG] [net.neoforged.fml.loading.moddiscovery.ModFileParser/LOADING]: Considering mod file candidate C:\Users\stasm\.gradle\caches\modules-2\files-2.1\curse.maven\ftb-chunks-forge-314906\6121389\a33dea5f2a9aefcd7b933430641ad6d1d23e753b\ftb-chunks-forge-314906-6121389.jar
[26Sep2026 23:24:06.353] [main/DEBUG] [net.neoforged.fml.loading.moddiscovery.ModFileInfo/LOADING]: Found valid mod file ftb-chunks-forge-314906-6121389.jar with {ftbchunks} mods - versions {2101.1.7}
[26Sep2026 23:24:06.353] [main/DEBUG] [net.neoforged.fml.loading.moddiscovery.ModFile/LOADING]: Loading mod file C:\Users\stasm\.gradle\caches\modules-2\files-2.1\curse.maven\ftb-chunks-forge-314906\6121389\a33dea5f2a9aefcd7b933430641ad6d1d23e753b\ftb-chunks-forge-314906-6121389.jar with languages [LanguageSpec[languageName=javafml, acceptedVersions=[4,)]]
[26Sep2026 23:24:06.353] [main/DEBUG] [net.neoforged.fml.loading.moddiscovery.ModFile/LOADING]: Found mixin config MixinConfig[config=ftbchunks-common.mixins.json, requiredMods=[]]
[26Sep2026 23:24:06.354] [main/DEBUG] [net.neoforged.fml.loading.moddiscovery.ModFileParser/LOADING]: Considering mod file candidate C:\Users\stasm\.gradle\caches\modules-2\files-2.1\curse.maven\mekanism-268560\5680395\74c04b02c1e201d3e1646be0cdca2191138193c9\mekanism-268560-5680395.jar
[26Sep2026 23:24:06.355] [main/DEBUG] [net.neoforged.fml.loading.moddiscovery.ModFileInfo/LOADING]: Found valid mod file mekanism-268560-5680395.jar with {mekanism} mods - versions {10.7.7}
[26Sep2026 23:24:06.355] [main/DEBUG] [net.neoforged.fml.loading.moddiscovery.ModFile/LOADING]: Loading mod file C:\Users\stasm\.gradle\caches\modules-2\files-2.1\curse.maven\mekanism-268560\5680395\74c04b02c1e201d3e1646be0cdca2191138193c9\mekanism-268560-5680395.jar with languages [LanguageSpec[languageName=javafml, acceptedVersions=[4,)]]
[26Sep2026 23:24:06.355] [main/DEBUG] [net.neoforged.fml.loading.moddiscovery.ModFileParser/LOADING]: Considering mod file candidate C:\Users\stasm\.gradle\caches\modules-2\files-2.1\curse.maven\ftb-teams-forge-404468\6119437\e9431f3b475359cb487e2f308a363844fee74da4\ftb-teams-forge-404468-6119437.jar
[26Sep2026 23:24:06.356] [main/DEBUG] [net.neoforged.fml.loading.moddiscovery.ModFileInfo/LOADING]: Found valid mod file ftb-teams-forge-404468-6119437.jar with {ftbteams} mods - versions {2101.1.2}
[26Sep2026 23:24:06.356] [main/DEBUG] [net.neoforged.fml.loading.moddiscovery.ModFile/LOADING]: Loading mod file C:\Users\stasm\.gradle\caches\modules-2\files-2.1\curse.maven\ftb-teams-forge-404468\6119437\e9431f3b475359cb487e2f308a363844fee74da4\ftb-teams-forge-404468-6119437.jar with languages [LanguageSpec[languageName=javafml, acceptedVersions=[4,)]]
[26Sep2026 23:24:06.356] [main/DEBUG] [net.neoforged.fml.loading.moddiscovery.ModFileParser/LOADING]: Considering mod file candidate C:\Users\stasm\.gradle\caches\modules-2\files-2.1\curse.maven\curios-continuation-1037991\5690713\a4a884d8f457f27940fc3c77884a5e5f7e04cca9\curios-continuation-1037991-5690713.jar
[26Sep2026 23:24:06.357] [main/DEBUG] [net.neoforged.fml.loading.moddiscovery.ModFileInfo/LOADING]: Found valid mod file curios-continuation-1037991-5690713.jar with {curios} mods - versions {9.0.9+1.21}
[26Sep2026 23:24:06.357] [main/DEBUG] [net.neoforged.fml.loading.moddiscovery.ModFile/LOADING]: Loading mod file C:\Users\stasm\.gradle\caches\modules-2\files-2.1\curse.maven\curios-continuation-1037991\5690713\a4a884d8f457f27940fc3c77884a5e5f7e04cca9\curios-continuation-1037991-5690713.jar with languages [LanguageSpec[languageName=javafml, acceptedVersions=[1,)]]
[26Sep2026 23:24:06.357] [main/DEBUG] [net.neoforged.fml.loading.moddiscovery.ModFile/LOADING]: Found mixin config MixinConfig[config=curios.neoforge.mixins.json, requiredMods=[]]
[26Sep2026 23:24:06.357] [main/DEBUG] [net.neoforged.fml.loading.moddiscovery.ModFile/LOADING]: Found mixin config MixinConfig[config=curios.mixins.json, requiredMods=[]]
[26Sep2026 23:24:06.357] [main/DEBUG] [net.neoforged.fml.loading.moddiscovery.ModFileParser/LOADING]: Considering mod file candidate 
[26Sep2026 23:24:06.359] [main/DEBUG] [net.neoforged.fml.loading.moddiscovery.ModFileInfo/LOADING]: Found valid mod file com.enderio.endercore-8.2.12-beta.jar with {endercore} mods - versions {8.2.12-beta}
[26Sep2026 23:24:06.359] [main/DEBUG] [net.neoforged.fml.loading.moddiscovery.ModFile/LOADING]: Loading mod file  with languages [LanguageSpec[languageName=javafml, acceptedVersions=[4,)]]
[26Sep2026 23:24:06.359] [main/DEBUG] [net.neoforged.fml.loading.moddiscovery.ModFileParser/LOADING]: Considering mod file candidate C:\Users\stasm\.gradle\caches\modules-2\files-2.1\vazkii.patchouli\Patchouli\1.21-87-NEOFORGE-SNAPSHOT\fc795f5395a51d27311cccbbd8fecb35186e4cdb\Patchouli-1.21-87-NEOFORGE-SNAPSHOT.jar
[26Sep2026 23:24:06.360] [main/DEBUG] [net.neoforged.fml.loading.moddiscovery.ModFileInfo/LOADING]: Found valid mod file Patchouli-1.21-87-NEOFORGE-SNAPSHOT.jar with {patchouli} mods - versions {1.21-87-NEOFORGE-SNAPSHOT}
[26Sep2026 23:24:06.360] [main/DEBUG] [net.neoforged.fml.loading.moddiscovery.ModFile/LOADING]: Loading mod file C:\Users\stasm\.gradle\caches\modules-2\files-2.1\vazkii.patchouli\Patchouli\1.21-87-NEOFORGE-SNAPSHOT\fc795f5395a51d27311cccbbd8fecb35186e4cdb\Patchouli-1.21-87-NEOFORGE-SNAPSHOT.jar with languages [LanguageSpec[languageName=javafml, acceptedVersions=[4,)]]
[26Sep2026 23:24:06.360] [main/DEBUG] [net.neoforged.fml.loading.moddiscovery.ModFile/LOADING]: Found mixin config MixinConfig[config=patchouli_xplat.mixins.json, requiredMods=[]]
[26Sep2026 23:24:06.360] [main/DEBUG] [net.neoforged.fml.loading.moddiscovery.ModFileParser/LOADING]: Considering mod file candidate C:\Users\stasm\IdeaProjects\Industrial Forogoing Souls Addon\build\moddev\artifacts\neoforge-21.1.251.jar
[26Sep2026 23:24:06.360] [main/DEBUG] [net.neoforged.fml.loading.moddiscovery.ModFileInfo/LOADING]: Found valid mod file neoforge-21.1.251.jar with {neoforge} mods - versions {21.1.251}
[26Sep2026 23:24:06.360] [main/DEBUG] [net.neoforged.fml.loading.moddiscovery.ModFile/LOADING]: Loading mod file C:\Users\stasm\IdeaProjects\Industrial Forogoing Souls Addon\build\moddev\artifacts\neoforge-21.1.251.jar with languages [LanguageSpec[languageName=javafml, acceptedVersions=[3,]]]
[26Sep2026 23:24:06.360] [main/DEBUG] [net.neoforged.fml.loading.moddiscovery.ModFile/LOADING]: Found mixin config MixinConfig[config=neoforge.mixins.json, requiredMods=[]]
[26Sep2026 23:24:06.361] [main/DEBUG] [net.neoforged.fml.loading.moddiscovery.ModFile/LOADING]: Loading mod file  with languages []
[26Sep2026 23:24:06.361] [main/DEBUG] [net.neoforged.fml.loading.moddiscovery.ModFile/LOADING]: Loading mod file  with languages []
[26Sep2026 23:24:06.362] [main/DEBUG] [cpw.mods.modlauncher.TransformationServiceDecorator/MODLAUNCHER]: End scan trigger - transformation service fml
[26Sep2026 23:24:06.373] [main/DEBUG] [net.neoforged.fml.util.ServiceLoaderUtil/CORE]: Found 3 implementations of IModLanguageLoader:
[26Sep2026 23:24:06.374] [main/DEBUG] [net.neoforged.fml.util.ServiceLoaderUtil/CORE]: 	net.neoforged.fml.javafmlmod.FMLJavaModLanguageProvider from loader-4.0.44.jar
[26Sep2026 23:24:06.374] [main/DEBUG] [net.neoforged.fml.util.ServiceLoaderUtil/CORE]: 	net.neoforged.fml.lowcodemod.LowCodeModLanguageProvider from loader-4.0.44.jar
[26Sep2026 23:24:06.374] [main/DEBUG] [net.neoforged.fml.util.ServiceLoaderUtil/CORE]: 	net.neoforged.fml.mclanguageprovider.MinecraftModLanguageProvider from loader-4.0.44.jar
[26Sep2026 23:24:06.374] [main/DEBUG] [net.neoforged.fml.loading.LanguageProviderLoader/CORE]: Found language provider javafml, version 4.0.44
[26Sep2026 23:24:06.374] [main/DEBUG] [net.neoforged.fml.loading.LanguageProviderLoader/CORE]: Found language provider lowcodefml, version 4.0.44
[26Sep2026 23:24:06.374] [main/DEBUG] [net.neoforged.fml.loading.LanguageProviderLoader/CORE]: Found language provider minecraft, version 4.0.44
[26Sep2026 23:24:06.380] [main/DEBUG] [net.neoforged.fml.loading.ModSorter/]: Configured system mods: [minecraft, neoforge]
[26Sep2026 23:24:06.380] [main/DEBUG] [net.neoforged.fml.loading.ModSorter/]: Found system mod: minecraft
[26Sep2026 23:24:06.380] [main/DEBUG] [net.neoforged.fml.loading.ModSorter/]: Found system mod: neoforge
[26Sep2026 23:24:06.383] [main/DEBUG] [net.neoforged.fml.loading.ModSorter/LOADING]: Found 51 mod requirements (38 mandatory, 13 optional)
[26Sep2026 23:24:06.385] [main/DEBUG] [net.neoforged.fml.loading.ModSorter/LOADING]: Found 0 mod requirements missing (0 mandatory, 0 optional)
[26Sep2026 23:24:06.526] [main/DEBUG] [mixin/]: Adding mixin platform agents for container net.neoforged.fml.loading.mixin.FMLMixinContainerHandle@376e7531
[26Sep2026 23:24:06.526] [main/DEBUG] [mixin/]: Instancing new MixinPlatformAgentMinecraftForge for net.neoforged.fml.loading.mixin.FMLMixinContainerHandle@376e7531
[26Sep2026 23:24:06.526] [main/DEBUG] [mixin/]: MixinPlatformAgentMinecraftForge rejected container net.neoforged.fml.loading.mixin.FMLMixinContainerHandle@376e7531
[26Sep2026 23:24:06.526] [main/DEBUG] [mixin/]: Instancing new MixinPlatformAgentDefault for net.neoforged.fml.loading.mixin.FMLMixinContainerHandle@376e7531
[26Sep2026 23:24:06.526] [main/DEBUG] [mixin/]: MixinPlatformAgentDefault accepted container net.neoforged.fml.loading.mixin.FMLMixinContainerHandle@376e7531
[26Sep2026 23:24:06.526] [main/DEBUG] [mixin/]: Instancing new FMLMixinPlatformAgent for net.neoforged.fml.loading.mixin.FMLMixinContainerHandle@376e7531
[26Sep2026 23:24:06.527] [main/DEBUG] [mixin/]: FMLMixinPlatformAgent accepted container net.neoforged.fml.loading.mixin.FMLMixinContainerHandle@376e7531
[26Sep2026 23:24:06.546] [main/DEBUG] [cpw.mods.modlauncher.TransformationServicesHandler/MODLAUNCHER]: Transformation services loading transformers
[26Sep2026 23:24:06.548] [main/DEBUG] [cpw.mods.modlauncher.TransformationServiceDecorator/MODLAUNCHER]: Initializing transformers for transformation service mixin
[26Sep2026 23:24:06.549] [main/DEBUG] [cpw.mods.modlauncher.TransformationServiceDecorator/MODLAUNCHER]: Initialized transformers for transformation service mixin
[26Sep2026 23:24:06.550] [main/DEBUG] [cpw.mods.modlauncher.TransformationServiceDecorator/MODLAUNCHER]: Initializing transformers for transformation service fml
[26Sep2026 23:24:06.550] [main/DEBUG] [net.neoforged.fml.loading.FMLServiceProvider/LOADING]: Loading coremod transformers
[26Sep2026 23:24:06.551] [main/DEBUG] [net.neoforged.fml.loading.FMLServiceProvider/CORE]: Not loading coremod script-engine since no mod requested it
[26Sep2026 23:24:06.553] [main/DEBUG] [net.neoforged.fml.util.ServiceLoaderUtil/CORE]: Found 1 implementations of ICoreMod:
[26Sep2026 23:24:06.555] [main/DEBUG] [net.neoforged.fml.util.ServiceLoaderUtil/CORE]: 	net.neoforged.neoforge.coremods.NeoForgeCoreMod from neoforge-21.1.251.jar > net.neoforged.neoforge-coremods-21.1.251.jar
[26Sep2026 23:24:06.680] [main/DEBUG] [net.neoforged.fml.loading.FMLServiceProvider/CORE]: Adding [Target[className=net.minecraft.world.level.biome.Biome, elementName=, elementDescriptor=, targetType=cpw.mods.modlauncher.api.TargetType@4c550889]] transformer from core-mod net.neoforged.neoforge.coremods.NeoForgeCoreMod@4d7aaca2 in neoforge-21.1.251.jar > net.neoforged.neoforge-coremods-21.1.251.jar
[26Sep2026 23:24:06.681] [main/DEBUG] [net.neoforged.fml.loading.FMLServiceProvider/CORE]: Adding [Target[className=net.minecraft.world.level.levelgen.structure.Structure, elementName=, elementDescriptor=, targetType=cpw.mods.modlauncher.api.TargetType@4c550889]] transformer from core-mod net.neoforged.neoforge.coremods.NeoForgeCoreMod@4d7aaca2 in neoforge-21.1.251.jar > net.neoforged.neoforge-coremods-21.1.251.jar
[26Sep2026 23:24:06.681] [main/DEBUG] [net.neoforged.fml.loading.FMLServiceProvider/CORE]: Adding [Target[className=net.minecraft.world.level.block.FlowerPotBlock, elementName=, elementDescriptor=, targetType=cpw.mods.modlauncher.api.TargetType@4c550889]] transformer from core-mod net.neoforged.neoforge.coremods.NeoForgeCoreMod@4d7aaca2 in neoforge-21.1.251.jar > net.neoforged.neoforge-coremods-21.1.251.jar
[26Sep2026 23:24:06.682] [main/DEBUG] [net.neoforged.fml.loading.FMLServiceProvider/CORE]: Adding [Target[className=net/minecraft/world/entity/monster/Zombie, elementName=, elementDescriptor=, targetType=cpw.mods.modlauncher.api.TargetType@4c550889], Target[className=net/minecraft/world/entity/npc/Villager, elementName=, elementDescriptor=, targetType=cpw.mods.modlauncher.api.TargetType@4c550889], Target[className=net/minecraft/world/entity/raid/Raid, elementName=, elementDescriptor=, targetType=cpw.mods.modlauncher.api.TargetType@4c550889], Target[className=net/minecraft/world/level/levelgen/structure/templatesystem/StructureTemplate, elementName=, elementDescriptor=, targetType=cpw.mods.modlauncher.api.TargetType@4c550889], Target[className=net/minecraft/world/level/levelgen/structure/structures/OceanRuinPieces$OceanRuinPiece, elementName=, elementDescriptor=, targetType=cpw.mods.modlauncher.api.TargetType@4c550889], Target[className=net/minecraft/world/entity/monster/Spider, elementName=, elementDescriptor=, targetType=cpw.mods.modlauncher.api.TargetType@4c550889], Target[className=net/minecraft/world/level/levelgen/structure/structures/SwampHutPiece, elementName=, elementDescriptor=, targetType=cpw.mods.modlauncher.api.TargetType@4c550889], Target[className=net/minecraft/world/level/levelgen/PhantomSpawner, elementName=, elementDescriptor=, targetType=cpw.mods.modlauncher.api.TargetType@4c550889], Target[className=net/minecraft/world/entity/animal/frog/Tadpole, elementName=, elementDescriptor=, targetType=cpw.mods.modlauncher.api.TargetType@4c550889], Target[className=net/minecraft/server/commands/RaidCommand, elementName=, elementDescriptor=, targetType=cpw.mods.modlauncher.api.TargetType@4c550889], Target[className=net/minecraft/world/entity/monster/ZombieVillager, elementName=, elementDescriptor=, targetType=cpw.mods.modlauncher.api.TargetType@4c550889], Target[className=net/minecraft/world/level/levelgen/PatrolSpawner, elementName=, elementDescriptor=, targetType=cpw.mods.modlauncher.api.TargetType@4c550889], Target[className=net/minecraft/world/level/levelgen/structure/structures/OceanMonumentPieces$OceanMonumentPiece, elementName=, elementDescriptor=, targetType=cpw.mods.modlauncher.api.TargetType@4c550889], Target[className=net/minecraft/world/level/NaturalSpawner, elementName=, elementDescriptor=, targetType=cpw.mods.modlauncher.api.TargetType@4c550889], Target[className=net/minecraft/world/entity/ai/village/VillageSiege, elementName=, elementDescriptor=, targetType=cpw.mods.modlauncher.api.TargetType@4c550889], Target[className=net/minecraft/world/entity/monster/Evoker$EvokerSummonSpellGoal, elementName=, elementDescriptor=, targetType=cpw.mods.modlauncher.api.TargetType@4c550889], Target[className=net/minecraft/server/commands/SummonCommand, elementName=, elementDescriptor=, targetType=cpw.mods.modlauncher.api.TargetType@4c550889], Target[className=net/minecraft/world/entity/EntityType, elementName=, elementDescriptor=, targetType=cpw.mods.modlauncher.api.TargetType@4c550889], Target[className=net/minecraft/world/entity/monster/Strider, elementName=, elementDescriptor=, targetType=cpw.mods.modlauncher.api.TargetType@4c550889], Target[className=net/minecraft/world/level/levelgen/structure/structures/WoodlandMansionPieces$WoodlandMansionPiece, elementName=, elementDescriptor=, targetType=cpw.mods.modlauncher.api.TargetType@4c550889], Target[className=net/minecraft/world/entity/animal/horse/SkeletonTrapGoal, elementName=, elementDescriptor=, targetType=cpw.mods.modlauncher.api.TargetType@4c550889], Target[className=net/minecraft/world/entity/npc/CatSpawner, elementName=, elementDescriptor=, targetType=cpw.mods.modlauncher.api.TargetType@4c550889]] transformer from core-mod net.neoforged.neoforge.coremods.NeoForgeCoreMod@4d7aaca2 in neoforge-21.1.251.jar > net.neoforged.neoforge-coremods-21.1.251.jar
[26Sep2026 23:24:06.696] [main/DEBUG] [cpw.mods.modlauncher.TransformStore/MODLAUNCHER]: Adding transformer net.neoforged.neoforge.coremods.ReplaceFieldWithGetterAccess@58e85c6f to Target : cpw.mods.modlauncher.api.TargetType@4c550889 {Lnet/minecraft/world/level/biome/Biome;} {} {V}
[26Sep2026 23:24:06.699] [main/DEBUG] [cpw.mods.modlauncher.TransformStore/MODLAUNCHER]: Adding transformer net.neoforged.neoforge.coremods.ReplaceFieldWithGetterAccess@2264e43c to Target : cpw.mods.modlauncher.api.TargetType@4c550889 {Lnet/minecraft/world/level/levelgen/structure/Structure;} {} {V}
[26Sep2026 23:24:06.699] [main/DEBUG] [cpw.mods.modlauncher.TransformStore/MODLAUNCHER]: Adding transformer net.neoforged.neoforge.coremods.ReplaceFieldWithGetterAccess@3bec2275 to Target : cpw.mods.modlauncher.api.TargetType@4c550889 {Lnet/minecraft/world/level/block/FlowerPotBlock;} {} {V}
[26Sep2026 23:24:06.700] [main/DEBUG] [cpw.mods.modlauncher.TransformStore/MODLAUNCHER]: Adding transformer net.neoforged.neoforge.coremods.MethodRedirector@31da3d60 to Target : cpw.mods.modlauncher.api.TargetType@4c550889 {Lnet/minecraft/world/entity/monster/Zombie;} {} {V}
[26Sep2026 23:24:06.700] [main/DEBUG] [cpw.mods.modlauncher.TransformStore/MODLAUNCHER]: Adding transformer net.neoforged.neoforge.coremods.MethodRedirector@31da3d60 to Target : cpw.mods.modlauncher.api.TargetType@4c550889 {Lnet/minecraft/world/entity/npc/Villager;} {} {V}
[26Sep2026 23:24:06.700] [main/DEBUG] [cpw.mods.modlauncher.TransformStore/MODLAUNCHER]: Adding transformer net.neoforged.neoforge.coremods.MethodRedirector@31da3d60 to Target : cpw.mods.modlauncher.api.TargetType@4c550889 {Lnet/minecraft/world/entity/raid/Raid;} {} {V}
[26Sep2026 23:24:06.700] [main/DEBUG] [cpw.mods.modlauncher.TransformStore/MODLAUNCHER]: Adding transformer net.neoforged.neoforge.coremods.MethodRedirector@31da3d60 to Target : cpw.mods.modlauncher.api.TargetType@4c550889 {Lnet/minecraft/world/level/levelgen/structure/templatesystem/StructureTemplate;} {} {V}
[26Sep2026 23:24:06.701] [main/DEBUG] [cpw.mods.modlauncher.TransformStore/MODLAUNCHER]: Adding transformer net.neoforged.neoforge.coremods.MethodRedirector@31da3d60 to Target : cpw.mods.modlauncher.api.TargetType@4c550889 {Lnet/minecraft/world/level/levelgen/structure/structures/OceanRuinPieces$OceanRuinPiece;} {} {V}
[26Sep2026 23:24:06.701] [main/DEBUG] [cpw.mods.modlauncher.TransformStore/MODLAUNCHER]: Adding transformer net.neoforged.neoforge.coremods.MethodRedirector@31da3d60 to Target : cpw.mods.modlauncher.api.TargetType@4c550889 {Lnet/minecraft/world/entity/monster/Spider;} {} {V}
[26Sep2026 23:24:06.701] [main/DEBUG] [cpw.mods.modlauncher.TransformStore/MODLAUNCHER]: Adding transformer net.neoforged.neoforge.coremods.MethodRedirector@31da3d60 to Target : cpw.mods.modlauncher.api.TargetType@4c550889 {Lnet/minecraft/world/level/levelgen/structure/structures/SwampHutPiece;} {} {V}
[26Sep2026 23:24:06.701] [main/DEBUG] [cpw.mods.modlauncher.TransformStore/MODLAUNCHER]: Adding transformer net.neoforged.neoforge.coremods.MethodRedirector@31da3d60 to Target : cpw.mods.modlauncher.api.TargetType@4c550889 {Lnet/minecraft/world/level/levelgen/PhantomSpawner;} {} {V}
[26Sep2026 23:24:06.701] [main/DEBUG] [cpw.mods.modlauncher.TransformStore/MODLAUNCHER]: Adding transformer net.neoforged.neoforge.coremods.MethodRedirector@31da3d60 to Target : cpw.mods.modlauncher.api.TargetType@4c550889 {Lnet/minecraft/world/entity/animal/frog/Tadpole;} {} {V}
[26Sep2026 23:24:06.701] [main/DEBUG] [cpw.mods.modlauncher.TransformStore/MODLAUNCHER]: Adding transformer net.neoforged.neoforge.coremods.MethodRedirector@31da3d60 to Target : cpw.mods.modlauncher.api.TargetType@4c550889 {Lnet/minecraft/server/commands/RaidCommand;} {} {V}
[26Sep2026 23:24:06.702] [main/DEBUG] [cpw.mods.modlauncher.TransformStore/MODLAUNCHER]: Adding transformer net.neoforged.neoforge.coremods.MethodRedirector@31da3d60 to Target : cpw.mods.modlauncher.api.TargetType@4c550889 {Lnet/minecraft/world/entity/monster/ZombieVillager;} {} {V}
[26Sep2026 23:24:06.702] [main/DEBUG] [cpw.mods.modlauncher.TransformStore/MODLAUNCHER]: Adding transformer net.neoforged.neoforge.coremods.MethodRedirector@31da3d60 to Target : cpw.mods.modlauncher.api.TargetType@4c550889 {Lnet/minecraft/world/level/levelgen/PatrolSpawner;} {} {V}
[26Sep2026 23:24:06.702] [main/DEBUG] [cpw.mods.modlauncher.TransformStore/MODLAUNCHER]: Adding transformer net.neoforged.neoforge.coremods.MethodRedirector@31da3d60 to Target : cpw.mods.modlauncher.api.TargetType@4c550889 {Lnet/minecraft/world/level/levelgen/structure/structures/OceanMonumentPieces$OceanMonumentPiece;} {} {V}
[26Sep2026 23:24:06.702] [main/DEBUG] [cpw.mods.modlauncher.TransformStore/MODLAUNCHER]: Adding transformer net.neoforged.neoforge.coremods.MethodRedirector@31da3d60 to Target : cpw.mods.modlauncher.api.TargetType@4c550889 {Lnet/minecraft/world/level/NaturalSpawner;} {} {V}
[26Sep2026 23:24:06.702] [main/DEBUG] [cpw.mods.modlauncher.TransformStore/MODLAUNCHER]: Adding transformer net.neoforged.neoforge.coremods.MethodRedirector@31da3d60 to Target : cpw.mods.modlauncher.api.TargetType@4c550889 {Lnet/minecraft/world/entity/ai/village/VillageSiege;} {} {V}
[26Sep2026 23:24:06.703] [main/DEBUG] [cpw.mods.modlauncher.TransformStore/MODLAUNCHER]: Adding transformer net.neoforged.neoforge.coremods.MethodRedirector@31da3d60 to Target : cpw.mods.modlauncher.api.TargetType@4c550889 {Lnet/minecraft/world/entity/monster/Evoker$EvokerSummonSpellGoal;} {} {V}
[26Sep2026 23:24:06.703] [main/DEBUG] [cpw.mods.modlauncher.TransformStore/MODLAUNCHER]: Adding transformer net.neoforged.neoforge.coremods.MethodRedirector@31da3d60 to Target : cpw.mods.modlauncher.api.TargetType@4c550889 {Lnet/minecraft/server/commands/SummonCommand;} {} {V}
[26Sep2026 23:24:06.703] [main/DEBUG] [cpw.mods.modlauncher.TransformStore/MODLAUNCHER]: Adding transformer net.neoforged.neoforge.coremods.MethodRedirector@31da3d60 to Target : cpw.mods.modlauncher.api.TargetType@4c550889 {Lnet/minecraft/world/entity/EntityType;} {} {V}
[26Sep2026 23:24:06.703] [main/DEBUG] [cpw.mods.modlauncher.TransformStore/MODLAUNCHER]: Adding transformer net.neoforged.neoforge.coremods.MethodRedirector@31da3d60 to Target : cpw.mods.modlauncher.api.TargetType@4c550889 {Lnet/minecraft/world/entity/monster/Strider;} {} {V}
[26Sep2026 23:24:06.704] [main/DEBUG] [cpw.mods.modlauncher.TransformStore/MODLAUNCHER]: Adding transformer net.neoforged.neoforge.coremods.MethodRedirector@31da3d60 to Target : cpw.mods.modlauncher.api.TargetType@4c550889 {Lnet/minecraft/world/level/levelgen/structure/structures/WoodlandMansionPieces$WoodlandMansionPiece;} {} {V}
[26Sep2026 23:24:06.705] [main/DEBUG] [cpw.mods.modlauncher.TransformStore/MODLAUNCHER]: Adding transformer net.neoforged.neoforge.coremods.MethodRedirector@31da3d60 to Target : cpw.mods.modlauncher.api.TargetType@4c550889 {Lnet/minecraft/world/entity/animal/horse/SkeletonTrapGoal;} {} {V}
[26Sep2026 23:24:06.705] [main/DEBUG] [cpw.mods.modlauncher.TransformStore/MODLAUNCHER]: Adding transformer net.neoforged.neoforge.coremods.MethodRedirector@31da3d60 to Target : cpw.mods.modlauncher.api.TargetType@4c550889 {Lnet/minecraft/world/entity/npc/CatSpawner;} {} {V}
[26Sep2026 23:24:06.705] [main/DEBUG] [cpw.mods.modlauncher.TransformationServiceDecorator/MODLAUNCHER]: Initialized transformers for transformation service fml
[26Sep2026 23:24:07.774] [main/DEBUG] [mixin/]: Processing prepare() for PlatformAgent[MixinPlatformAgentDefault:ModLauncher Root Container(ModLauncher:4f56a0a2)]
[26Sep2026 23:24:07.776] [main/DEBUG] [mixin/]: Processing prepare() for PlatformAgent[MixinPlatformAgentDefault:net.neoforged.fml.loading.mixin.FMLMixinContainerHandle@376e7531]
[26Sep2026 23:24:07.776] [main/DEBUG] [mixin/]: Processing prepare() for PlatformAgent[FMLMixinPlatformAgent:null]
[26Sep2026 23:24:07.823] [main/DEBUG] [mixin/]: Compatibility level JAVA_21 specified by META-INF/industrialforegoing.mixins.json is higher than the maximum level supported by this version of mixin (JAVA_13).
[26Sep2026 23:24:07.828] [main/INFO] [mixin/]: Compatibility level set to JAVA_21
[26Sep2026 23:24:07.831] [main/DEBUG] [mixin/]: Compatibility level JAVA_16 specified by jade.mixins.json is higher than the maximum level supported by this version of mixin (JAVA_13).
[26Sep2026 23:24:07.833] [main/DEBUG] [mixin/]: Compatibility level JAVA_16 specified by architectury.mixins.json is higher than the maximum level supported by this version of mixin (JAVA_13).
[26Sep2026 23:24:07.834] [main/DEBUG] [mixin/]: Compatibility level JAVA_16 specified by architectury-common.mixins.json is higher than the maximum level supported by this version of mixin (JAVA_13).
[26Sep2026 23:24:07.837] [main/DEBUG] [mixin/]: Compatibility level JAVA_8 specified by ftblibrary-common.mixins.json is lower than the default level supported by the current mixin service (JAVA_16).
[26Sep2026 23:24:07.837] [main/DEBUG] [mixin/]: Compatibility level JAVA_17 specified by ftbchunks-common.mixins.json is higher than the maximum level supported by this version of mixin (JAVA_13).
[26Sep2026 23:24:07.839] [main/DEBUG] [mixin/]: Compatibility level JAVA_17 specified by enderio.mixins.json is higher than the maximum level supported by this version of mixin (JAVA_13).
[26Sep2026 23:24:07.840] [main/DEBUG] [mixin/]: Compatibility level JAVA_17 specified by curios.neoforge.mixins.json is higher than the maximum level supported by this version of mixin (JAVA_13).
[26Sep2026 23:24:07.841] [main/DEBUG] [mixin/]: Compatibility level JAVA_17 specified by curios.mixins.json is higher than the maximum level supported by this version of mixin (JAVA_13).
[26Sep2026 23:24:07.847] [main/DEBUG] [mixin/]: Processing launch tasks for PlatformAgent[MixinPlatformAgentDefault:ModLauncher Root Container(ModLauncher:4f56a0a2)]
[26Sep2026 23:24:07.847] [main/DEBUG] [mixin/]: Adding mixin platform agents for container SecureJarResource(mixin_synthetic)
[26Sep2026 23:24:07.847] [main/DEBUG] [mixin/]: Instancing new MixinPlatformAgentMinecraftForge for SecureJarResource(mixin_synthetic)
[26Sep2026 23:24:07.847] [main/DEBUG] [mixin/]: MixinPlatformAgentMinecraftForge rejected container SecureJarResource(mixin_synthetic)
[26Sep2026 23:24:07.848] [main/DEBUG] [mixin/]: Instancing new MixinPlatformAgentDefault for SecureJarResource(mixin_synthetic)
[26Sep2026 23:24:07.848] [main/DEBUG] [mixin/]: MixinPlatformAgentDefault accepted container SecureJarResource(mixin_synthetic)
[26Sep2026 23:24:07.848] [main/DEBUG] [mixin/]: Instancing new FMLMixinPlatformAgent for SecureJarResource(mixin_synthetic)
[26Sep2026 23:24:07.848] [main/DEBUG] [mixin/]: FMLMixinPlatformAgent rejected container SecureJarResource(mixin_synthetic)
[26Sep2026 23:24:07.848] [main/DEBUG] [mixin/]: Processing prepare() for PlatformAgent[MixinPlatformAgentDefault:SecureJarResource(mixin_synthetic)]
[26Sep2026 23:24:07.848] [main/DEBUG] [mixin/]: Adding mixin platform agents for container SecureJarResource(industrialforegoing)
[26Sep2026 23:24:07.848] [main/DEBUG] [mixin/]: Instancing new MixinPlatformAgentMinecraftForge for SecureJarResource(industrialforegoing)
[26Sep2026 23:24:07.848] [main/DEBUG] [mixin/]: MixinPlatformAgentMinecraftForge rejected container SecureJarResource(industrialforegoing)
[26Sep2026 23:24:07.848] [main/DEBUG] [mixin/]: Instancing new MixinPlatformAgentDefault for SecureJarResource(industrialforegoing)
[26Sep2026 23:24:07.848] [main/DEBUG] [mixin/]: MixinPlatformAgentDefault accepted container SecureJarResource(industrialforegoing)
[26Sep2026 23:24:07.848] [main/DEBUG] [mixin/]: Instancing new FMLMixinPlatformAgent for SecureJarResource(industrialforegoing)
[26Sep2026 23:24:07.848] [main/DEBUG] [mixin/]: FMLMixinPlatformAgent rejected container SecureJarResource(industrialforegoing)
[26Sep2026 23:24:07.848] [main/DEBUG] [mixin/]: Processing prepare() for PlatformAgent[MixinPlatformAgentDefault:SecureJarResource(industrialforegoing)]
[26Sep2026 23:24:07.848] [main/DEBUG] [mixin/]: Adding mixin platform agents for container SecureJarResource(minecraft)
[26Sep2026 23:24:07.848] [main/DEBUG] [mixin/]: Instancing new MixinPlatformAgentMinecraftForge for SecureJarResource(minecraft)
[26Sep2026 23:24:07.848] [main/DEBUG] [mixin/]: MixinPlatformAgentMinecraftForge rejected container SecureJarResource(minecraft)
[26Sep2026 23:24:07.848] [main/DEBUG] [mixin/]: Instancing new MixinPlatformAgentDefault for SecureJarResource(minecraft)
[26Sep2026 23:24:07.848] [main/DEBUG] [mixin/]: MixinPlatformAgentDefault accepted container SecureJarResource(minecraft)
[26Sep2026 23:24:07.849] [main/DEBUG] [mixin/]: Instancing new FMLMixinPlatformAgent for SecureJarResource(minecraft)
[26Sep2026 23:24:07.849] [main/DEBUG] [mixin/]: FMLMixinPlatformAgent rejected container SecureJarResource(minecraft)
[26Sep2026 23:24:07.849] [main/DEBUG] [mixin/]: Processing prepare() for PlatformAgent[MixinPlatformAgentDefault:SecureJarResource(minecraft)]
[26Sep2026 23:24:07.849] [main/DEBUG] [mixin/]: Adding mixin platform agents for container SecureJarResource(industrial_forogoing_souls_addon)
[26Sep2026 23:24:07.849] [main/DEBUG] [mixin/]: Instancing new MixinPlatformAgentMinecraftForge for SecureJarResource(industrial_forogoing_souls_addon)
[26Sep2026 23:24:07.849] [main/DEBUG] [mixin/]: MixinPlatformAgentMinecraftForge rejected container SecureJarResource(industrial_forogoing_souls_addon)
[26Sep2026 23:24:07.849] [main/DEBUG] [mixin/]: Instancing new MixinPlatformAgentDefault for SecureJarResource(industrial_forogoing_souls_addon)
[26Sep2026 23:24:07.849] [main/DEBUG] [mixin/]: MixinPlatformAgentDefault accepted container SecureJarResource(industrial_forogoing_souls_addon)
[26Sep2026 23:24:07.849] [main/DEBUG] [mixin/]: Instancing new FMLMixinPlatformAgent for SecureJarResource(industrial_forogoing_souls_addon)
[26Sep2026 23:24:07.850] [main/DEBUG] [mixin/]: FMLMixinPlatformAgent rejected container SecureJarResource(industrial_forogoing_souls_addon)
[26Sep2026 23:24:07.850] [main/DEBUG] [mixin/]: Processing prepare() for PlatformAgent[MixinPlatformAgentDefault:SecureJarResource(industrial_forogoing_souls_addon)]
[26Sep2026 23:24:07.850] [main/DEBUG] [mixin/]: Adding mixin platform agents for container SecureJarResource(titanium)
[26Sep2026 23:24:07.850] [main/DEBUG] [mixin/]: Instancing new MixinPlatformAgentMinecraftForge for SecureJarResource(titanium)
[26Sep2026 23:24:07.850] [main/DEBUG] [mixin/]: MixinPlatformAgentMinecraftForge rejected container SecureJarResource(titanium)
[26Sep2026 23:24:07.850] [main/DEBUG] [mixin/]: Instancing new MixinPlatformAgentDefault for SecureJarResource(titanium)
[26Sep2026 23:24:07.850] [main/DEBUG] [mixin/]: MixinPlatformAgentDefault accepted container SecureJarResource(titanium)
[26Sep2026 23:24:07.850] [main/DEBUG] [mixin/]: Instancing new FMLMixinPlatformAgent for SecureJarResource(titanium)
[26Sep2026 23:24:07.850] [main/DEBUG] [mixin/]: FMLMixinPlatformAgent rejected container SecureJarResource(titanium)
[26Sep2026 23:24:07.850] [main/DEBUG] [mixin/]: Processing prepare() for PlatformAgent[MixinPlatformAgentDefault:SecureJarResource(titanium)]
[26Sep2026 23:24:07.851] [main/DEBUG] [mixin/]: Adding mixin platform agents for container SecureJarResource(jade)
[26Sep2026 23:24:07.851] [main/DEBUG] [mixin/]: Instancing new MixinPlatformAgentMinecraftForge for SecureJarResource(jade)
[26Sep2026 23:24:07.851] [main/DEBUG] [mixin/]: MixinPlatformAgentMinecraftForge rejected container SecureJarResource(jade)
[26Sep2026 23:24:07.851] [main/DEBUG] [mixin/]: Instancing new MixinPlatformAgentDefault for SecureJarResource(jade)
[26Sep2026 23:24:07.851] [main/DEBUG] [mixin/]: MixinPlatformAgentDefault accepted container SecureJarResource(jade)
[26Sep2026 23:24:07.851] [main/DEBUG] [mixin/]: Instancing new FMLMixinPlatformAgent for SecureJarResource(jade)
[26Sep2026 23:24:07.851] [main/DEBUG] [mixin/]: FMLMixinPlatformAgent rejected container SecureJarResource(jade)
[26Sep2026 23:24:07.851] [main/DEBUG] [mixin/]: Processing prepare() for PlatformAgent[MixinPlatformAgentDefault:SecureJarResource(jade)]
[26Sep2026 23:24:07.851] [main/DEBUG] [mixin/]: Registering mixin config: jade.mixins.json source=SecureJarResource(jade)
[26Sep2026 23:24:07.851] [main/DEBUG] [mixin/]: Adding mixin platform agents for container SecureJarResource(architectury)
[26Sep2026 23:24:07.851] [main/DEBUG] [mixin/]: Instancing new MixinPlatformAgentMinecraftForge for SecureJarResource(architectury)
[26Sep2026 23:24:07.851] [main/DEBUG] [mixin/]: MixinPlatformAgentMinecraftForge rejected container SecureJarResource(architectury)
[26Sep2026 23:24:07.851] [main/DEBUG] [mixin/]: Instancing new MixinPlatformAgentDefault for SecureJarResource(architectury)
[26Sep2026 23:24:07.852] [main/DEBUG] [mixin/]: MixinPlatformAgentDefault accepted container SecureJarResource(architectury)
[26Sep2026 23:24:07.852] [main/DEBUG] [mixin/]: Instancing new FMLMixinPlatformAgent for SecureJarResource(architectury)
[26Sep2026 23:24:07.852] [main/DEBUG] [mixin/]: FMLMixinPlatformAgent rejected container SecureJarResource(architectury)
[26Sep2026 23:24:07.852] [main/DEBUG] [mixin/]: Processing prepare() for PlatformAgent[MixinPlatformAgentDefault:SecureJarResource(architectury)]
[26Sep2026 23:24:07.852] [main/DEBUG] [mixin/]: Adding mixin platform agents for container SecureJarResource(ftblibrary)
[26Sep2026 23:24:07.852] [main/DEBUG] [mixin/]: Instancing new MixinPlatformAgentMinecraftForge for SecureJarResource(ftblibrary)
[26Sep2026 23:24:07.852] [main/DEBUG] [mixin/]: MixinPlatformAgentMinecraftForge rejected container SecureJarResource(ftblibrary)
[26Sep2026 23:24:07.852] [main/DEBUG] [mixin/]: Instancing new MixinPlatformAgentDefault for SecureJarResource(ftblibrary)
[26Sep2026 23:24:07.852] [main/DEBUG] [mixin/]: MixinPlatformAgentDefault accepted container SecureJarResource(ftblibrary)
[26Sep2026 23:24:07.852] [main/DEBUG] [mixin/]: Instancing new FMLMixinPlatformAgent for SecureJarResource(ftblibrary)
[26Sep2026 23:24:07.854] [main/DEBUG] [mixin/]: FMLMixinPlatformAgent rejected container SecureJarResource(ftblibrary)
[26Sep2026 23:24:07.854] [main/DEBUG] [mixin/]: Processing prepare() for PlatformAgent[MixinPlatformAgentDefault:SecureJarResource(ftblibrary)]
[26Sep2026 23:24:07.854] [main/DEBUG] [mixin/]: Adding mixin platform agents for container SecureJarResource(jei)
[26Sep2026 23:24:07.854] [main/DEBUG] [mixin/]: Instancing new MixinPlatformAgentMinecraftForge for SecureJarResource(jei)
[26Sep2026 23:24:07.854] [main/DEBUG] [mixin/]: MixinPlatformAgentMinecraftForge rejected container SecureJarResource(jei)
[26Sep2026 23:24:07.854] [main/DEBUG] [mixin/]: Instancing new MixinPlatformAgentDefault for SecureJarResource(jei)
[26Sep2026 23:24:07.854] [main/DEBUG] [mixin/]: MixinPlatformAgentDefault accepted container SecureJarResource(jei)
[26Sep2026 23:24:07.854] [main/DEBUG] [mixin/]: Instancing new FMLMixinPlatformAgent for SecureJarResource(jei)
[26Sep2026 23:24:07.854] [main/DEBUG] [mixin/]: FMLMixinPlatformAgent rejected container SecureJarResource(jei)
[26Sep2026 23:24:07.855] [main/DEBUG] [mixin/]: Processing prepare() for PlatformAgent[MixinPlatformAgentDefault:SecureJarResource(jei)]
[26Sep2026 23:24:07.855] [main/DEBUG] [mixin/]: Adding mixin platform agents for container SecureJarResource(enderio_modded_conduits)
[26Sep2026 23:24:07.855] [main/DEBUG] [mixin/]: Instancing new MixinPlatformAgentMinecraftForge for SecureJarResource(enderio_modded_conduits)
[26Sep2026 23:24:07.855] [main/DEBUG] [mixin/]: MixinPlatformAgentMinecraftForge rejected container SecureJarResource(enderio_modded_conduits)
[26Sep2026 23:24:07.855] [main/DEBUG] [mixin/]: Instancing new MixinPlatformAgentDefault for SecureJarResource(enderio_modded_conduits)
[26Sep2026 23:24:07.855] [main/DEBUG] [mixin/]: MixinPlatformAgentDefault accepted container SecureJarResource(enderio_modded_conduits)
[26Sep2026 23:24:07.855] [main/DEBUG] [mixin/]: Instancing new FMLMixinPlatformAgent for SecureJarResource(enderio_modded_conduits)
[26Sep2026 23:24:07.856] [main/DEBUG] [mixin/]: FMLMixinPlatformAgent rejected container SecureJarResource(enderio_modded_conduits)
[26Sep2026 23:24:07.856] [main/DEBUG] [mixin/]: Processing prepare() for PlatformAgent[MixinPlatformAgentDefault:SecureJarResource(enderio_modded_conduits)]
[26Sep2026 23:24:07.856] [main/DEBUG] [mixin/]: Adding mixin platform agents for container SecureJarResource(ftbteams)
[26Sep2026 23:24:07.856] [main/DEBUG] [mixin/]: Instancing new MixinPlatformAgentMinecraftForge for SecureJarResource(ftbteams)
[26Sep2026 23:24:07.856] [main/DEBUG] [mixin/]: MixinPlatformAgentMinecraftForge rejected container SecureJarResource(ftbteams)
[26Sep2026 23:24:07.856] [main/DEBUG] [mixin/]: Instancing new MixinPlatformAgentDefault for SecureJarResource(ftbteams)
[26Sep2026 23:24:07.856] [main/DEBUG] [mixin/]: MixinPlatformAgentDefault accepted container SecureJarResource(ftbteams)
[26Sep2026 23:24:07.856] [main/DEBUG] [mixin/]: Instancing new FMLMixinPlatformAgent for SecureJarResource(ftbteams)
[26Sep2026 23:24:07.856] [main/DEBUG] [mixin/]: FMLMixinPlatformAgent rejected container SecureJarResource(ftbteams)
[26Sep2026 23:24:07.856] [main/DEBUG] [mixin/]: Processing prepare() for PlatformAgent[MixinPlatformAgentDefault:SecureJarResource(ftbteams)]
[26Sep2026 23:24:07.856] [main/DEBUG] [mixin/]: Adding mixin platform agents for container SecureJarResource(mekanism)
[26Sep2026 23:24:07.856] [main/DEBUG] [mixin/]: Instancing new MixinPlatformAgentMinecraftForge for SecureJarResource(mekanism)
[26Sep2026 23:24:07.857] [main/DEBUG] [mixin/]: MixinPlatformAgentMinecraftForge rejected container SecureJarResource(mekanism)
[26Sep2026 23:24:07.857] [main/DEBUG] [mixin/]: Instancing new MixinPlatformAgentDefault for SecureJarResource(mekanism)
[26Sep2026 23:24:07.857] [main/DEBUG] [mixin/]: MixinPlatformAgentDefault accepted container SecureJarResource(mekanism)
[26Sep2026 23:24:07.857] [main/DEBUG] [mixin/]: Instancing new FMLMixinPlatformAgent for SecureJarResource(mekanism)
[26Sep2026 23:24:07.857] [main/DEBUG] [mixin/]: FMLMixinPlatformAgent rejected container SecureJarResource(mekanism)
[26Sep2026 23:24:07.857] [main/DEBUG] [mixin/]: Processing prepare() for PlatformAgent[MixinPlatformAgentDefault:SecureJarResource(mekanism)]
[26Sep2026 23:24:07.857] [main/DEBUG] [mixin/]: Adding mixin platform agents for container SecureJarResource(ftbchunks)
[26Sep2026 23:24:07.857] [main/DEBUG] [mixin/]: Instancing new MixinPlatformAgentMinecraftForge for SecureJarResource(ftbchunks)
[26Sep2026 23:24:07.858] [main/DEBUG] [mixin/]: MixinPlatformAgentMinecraftForge rejected container SecureJarResource(ftbchunks)
[26Sep2026 23:24:07.858] [main/DEBUG] [mixin/]: Instancing new MixinPlatformAgentDefault for SecureJarResource(ftbchunks)
[26Sep2026 23:24:07.858] [main/DEBUG] [mixin/]: MixinPlatformAgentDefault accepted container SecureJarResource(ftbchunks)
[26Sep2026 23:24:07.858] [main/DEBUG] [mixin/]: Instancing new FMLMixinPlatformAgent for SecureJarResource(ftbchunks)
[26Sep2026 23:24:07.858] [main/DEBUG] [mixin/]: FMLMixinPlatformAgent rejected container SecureJarResource(ftbchunks)
[26Sep2026 23:24:07.858] [main/DEBUG] [mixin/]: Processing prepare() for PlatformAgent[MixinPlatformAgentDefault:SecureJarResource(ftbchunks)]
[26Sep2026 23:24:07.858] [main/DEBUG] [mixin/]: Adding mixin platform agents for container SecureJarResource(enderio)
[26Sep2026 23:24:07.858] [main/DEBUG] [mixin/]: Instancing new MixinPlatformAgentMinecraftForge for SecureJarResource(enderio)
[26Sep2026 23:24:07.858] [main/DEBUG] [mixin/]: MixinPlatformAgentMinecraftForge rejected container SecureJarResource(enderio)
[26Sep2026 23:24:07.858] [main/DEBUG] [mixin/]: Instancing new MixinPlatformAgentDefault for SecureJarResource(enderio)
[26Sep2026 23:24:07.858] [main/DEBUG] [mixin/]: MixinPlatformAgentDefault accepted container SecureJarResource(enderio)
[26Sep2026 23:24:07.859] [main/DEBUG] [mixin/]: Instancing new FMLMixinPlatformAgent for SecureJarResource(enderio)
[26Sep2026 23:24:07.859] [main/DEBUG] [mixin/]: FMLMixinPlatformAgent rejected container SecureJarResource(enderio)
[26Sep2026 23:24:07.859] [main/DEBUG] [mixin/]: Processing prepare() for PlatformAgent[MixinPlatformAgentDefault:SecureJarResource(enderio)]
[26Sep2026 23:24:07.859] [main/DEBUG] [mixin/]: Adding mixin platform agents for container SecureJarResource(curios)
[26Sep2026 23:24:07.859] [main/DEBUG] [mixin/]: Instancing new MixinPlatformAgentMinecraftForge for SecureJarResource(curios)
[26Sep2026 23:24:07.859] [main/DEBUG] [mixin/]: MixinPlatformAgentMinecraftForge rejected container SecureJarResource(curios)
[26Sep2026 23:24:07.859] [main/DEBUG] [mixin/]: Instancing new MixinPlatformAgentDefault for SecureJarResource(curios)
[26Sep2026 23:24:07.859] [main/DEBUG] [mixin/]: MixinPlatformAgentDefault accepted container SecureJarResource(curios)
[26Sep2026 23:24:07.859] [main/DEBUG] [mixin/]: Instancing new FMLMixinPlatformAgent for SecureJarResource(curios)
[26Sep2026 23:24:07.859] [main/DEBUG] [mixin/]: FMLMixinPlatformAgent rejected container SecureJarResource(curios)
[26Sep2026 23:24:07.859] [main/DEBUG] [mixin/]: Processing prepare() for PlatformAgent[MixinPlatformAgentDefault:SecureJarResource(curios)]
[26Sep2026 23:24:07.859] [main/DEBUG] [mixin/]: Adding mixin platform agents for container SecureJarResource(patchouli)
[26Sep2026 23:24:07.859] [main/DEBUG] [mixin/]: Instancing new MixinPlatformAgentMinecraftForge for SecureJarResource(patchouli)
[26Sep2026 23:24:07.859] [main/DEBUG] [mixin/]: MixinPlatformAgentMinecraftForge rejected container SecureJarResource(patchouli)
[26Sep2026 23:24:07.860] [main/DEBUG] [mixin/]: Instancing new MixinPlatformAgentDefault for SecureJarResource(patchouli)
[26Sep2026 23:24:07.860] [main/DEBUG] [mixin/]: MixinPlatformAgentDefault accepted container SecureJarResource(patchouli)
[26Sep2026 23:24:07.860] [main/DEBUG] [mixin/]: Instancing new FMLMixinPlatformAgent for SecureJarResource(patchouli)
[26Sep2026 23:24:07.860] [main/DEBUG] [mixin/]: FMLMixinPlatformAgent rejected container SecureJarResource(patchouli)
[26Sep2026 23:24:07.860] [main/DEBUG] [mixin/]: Processing prepare() for PlatformAgent[MixinPlatformAgentDefault:SecureJarResource(patchouli)]
[26Sep2026 23:24:07.860] [main/DEBUG] [mixin/]: Adding mixin platform agents for container SecureJarResource(endercore)
[26Sep2026 23:24:07.860] [main/DEBUG] [mixin/]: Instancing new MixinPlatformAgentMinecraftForge for SecureJarResource(endercore)
[26Sep2026 23:24:07.860] [main/DEBUG] [mixin/]: MixinPlatformAgentMinecraftForge rejected container SecureJarResource(endercore)
[26Sep2026 23:24:07.862] [main/DEBUG] [mixin/]: Instancing new MixinPlatformAgentDefault for SecureJarResource(endercore)
[26Sep2026 23:24:07.862] [main/DEBUG] [mixin/]: MixinPlatformAgentDefault accepted container SecureJarResource(endercore)
[26Sep2026 23:24:07.862] [main/DEBUG] [mixin/]: Instancing new FMLMixinPlatformAgent for SecureJarResource(endercore)
[26Sep2026 23:24:07.863] [main/DEBUG] [mixin/]: FMLMixinPlatformAgent rejected container SecureJarResource(endercore)
[26Sep2026 23:24:07.863] [main/DEBUG] [mixin/]: Processing prepare() for PlatformAgent[MixinPlatformAgentDefault:SecureJarResource(endercore)]
[26Sep2026 23:24:07.863] [main/DEBUG] [mixin/]: Adding mixin platform agents for container SecureJarResource(GraphLib3)
[26Sep2026 23:24:07.863] [main/DEBUG] [mixin/]: Instancing new MixinPlatformAgentMinecraftForge for SecureJarResource(GraphLib3)
[26Sep2026 23:24:07.864] [main/DEBUG] [mixin/]: MixinPlatformAgentMinecraftForge rejected container SecureJarResource(GraphLib3)
[26Sep2026 23:24:07.865] [main/DEBUG] [mixin/]: Instancing new MixinPlatformAgentDefault for SecureJarResource(GraphLib3)
[26Sep2026 23:24:07.865] [main/DEBUG] [mixin/]: MixinPlatformAgentDefault accepted container SecureJarResource(GraphLib3)
[26Sep2026 23:24:07.865] [main/DEBUG] [mixin/]: Instancing new FMLMixinPlatformAgent for SecureJarResource(GraphLib3)
[26Sep2026 23:24:07.866] [main/DEBUG] [mixin/]: FMLMixinPlatformAgent rejected container SecureJarResource(GraphLib3)
[26Sep2026 23:24:07.866] [main/DEBUG] [mixin/]: Processing prepare() for PlatformAgent[MixinPlatformAgentDefault:SecureJarResource(GraphLib3)]
[26Sep2026 23:24:07.866] [main/DEBUG] [mixin/]: Adding mixin platform agents for container SecureJarResource(mixinextras.neoforge)
[26Sep2026 23:24:07.867] [main/DEBUG] [mixin/]: Instancing new MixinPlatformAgentMinecraftForge for SecureJarResource(mixinextras.neoforge)
[26Sep2026 23:24:07.867] [main/DEBUG] [mixin/]: MixinPlatformAgentMinecraftForge rejected container SecureJarResource(mixinextras.neoforge)
[26Sep2026 23:24:07.868] [main/DEBUG] [mixin/]: Instancing new MixinPlatformAgentDefault for SecureJarResource(mixinextras.neoforge)
[26Sep2026 23:24:07.868] [main/DEBUG] [mixin/]: MixinPlatformAgentDefault accepted container SecureJarResource(mixinextras.neoforge)
[26Sep2026 23:24:07.868] [main/DEBUG] [mixin/]: Instancing new FMLMixinPlatformAgent for SecureJarResource(mixinextras.neoforge)
[26Sep2026 23:24:07.868] [main/DEBUG] [mixin/]: FMLMixinPlatformAgent rejected container SecureJarResource(mixinextras.neoforge)
[26Sep2026 23:24:07.868] [main/DEBUG] [mixin/]: Processing prepare() for PlatformAgent[MixinPlatformAgentDefault:SecureJarResource(mixinextras.neoforge)]
[26Sep2026 23:24:07.868] [main/DEBUG] [mixin/]: Registering mixin config: mixinextras.init.mixins.json source=SecureJarResource(mixinextras.neoforge)
[26Sep2026 23:24:07.870] [main/DEBUG] [mixin/]: inject() running with 21 agents
[26Sep2026 23:24:07.870] [main/DEBUG] [mixin/]: Processing inject() for PlatformAgent[MixinPlatformAgentDefault:ModLauncher Root Container(ModLauncher:4f56a0a2)]
[26Sep2026 23:24:07.870] [main/DEBUG] [mixin/]: Processing inject() for PlatformAgent[MixinPlatformAgentDefault:net.neoforged.fml.loading.mixin.FMLMixinContainerHandle@376e7531]
[26Sep2026 23:24:07.870] [main/DEBUG] [mixin/]: Processing inject() for PlatformAgent[FMLMixinPlatformAgent:null]
[26Sep2026 23:24:07.870] [main/DEBUG] [mixin/]: Processing inject() for PlatformAgent[MixinPlatformAgentDefault:SecureJarResource(mixin_synthetic)]
[26Sep2026 23:24:07.870] [main/DEBUG] [mixin/]: Processing inject() for PlatformAgent[MixinPlatformAgentDefault:SecureJarResource(industrialforegoing)]
[26Sep2026 23:24:07.871] [main/DEBUG] [mixin/]: Processing inject() for PlatformAgent[MixinPlatformAgentDefault:SecureJarResource(minecraft)]
[26Sep2026 23:24:07.871] [main/DEBUG] [mixin/]: Processing inject() for PlatformAgent[MixinPlatformAgentDefault:SecureJarResource(industrial_forogoing_souls_addon)]
[26Sep2026 23:24:07.871] [main/DEBUG] [mixin/]: Processing inject() for PlatformAgent[MixinPlatformAgentDefault:SecureJarResource(titanium)]
[26Sep2026 23:24:07.872] [main/DEBUG] [mixin/]: Processing inject() for PlatformAgent[MixinPlatformAgentDefault:SecureJarResource(jade)]
[26Sep2026 23:24:07.872] [main/DEBUG] [mixin/]: Processing inject() for PlatformAgent[MixinPlatformAgentDefault:SecureJarResource(architectury)]
[26Sep2026 23:24:07.872] [main/DEBUG] [mixin/]: Processing inject() for PlatformAgent[MixinPlatformAgentDefault:SecureJarResource(ftblibrary)]
[26Sep2026 23:24:07.872] [main/DEBUG] [mixin/]: Processing inject() for PlatformAgent[MixinPlatformAgentDefault:SecureJarResource(jei)]
[26Sep2026 23:24:07.872] [main/DEBUG] [mixin/]: Processing inject() for PlatformAgent[MixinPlatformAgentDefault:SecureJarResource(enderio_modded_conduits)]
[26Sep2026 23:24:07.872] [main/DEBUG] [mixin/]: Processing inject() for PlatformAgent[MixinPlatformAgentDefault:SecureJarResource(ftbteams)]
[26Sep2026 23:24:07.872] [main/DEBUG] [mixin/]: Processing inject() for PlatformAgent[MixinPlatformAgentDefault:SecureJarResource(mekanism)]
[26Sep2026 23:24:07.872] [main/DEBUG] [mixin/]: Processing inject() for PlatformAgent[MixinPlatformAgentDefault:SecureJarResource(ftbchunks)]
[26Sep2026 23:24:07.872] [main/DEBUG] [mixin/]: Processing inject() for PlatformAgent[MixinPlatformAgentDefault:SecureJarResource(enderio)]
[26Sep2026 23:24:07.872] [main/DEBUG] [mixin/]: Processing inject() for PlatformAgent[MixinPlatformAgentDefault:SecureJarResource(curios)]
[26Sep2026 23:24:07.872] [main/DEBUG] [mixin/]: Processing inject() for PlatformAgent[MixinPlatformAgentDefault:SecureJarResource(patchouli)]
[26Sep2026 23:24:07.872] [main/DEBUG] [mixin/]: Processing inject() for PlatformAgent[MixinPlatformAgentDefault:SecureJarResource(endercore)]
[26Sep2026 23:24:07.872] [main/DEBUG] [mixin/]: Processing inject() for PlatformAgent[MixinPlatformAgentDefault:SecureJarResource(GraphLib3)]
[26Sep2026 23:24:07.872] [main/DEBUG] [mixin/]: Processing inject() for PlatformAgent[MixinPlatformAgentDefault:SecureJarResource(mixinextras.neoforge)]
[26Sep2026 23:24:07.873] [main/INFO] [cpw.mods.modlauncher.LaunchServiceHandler/MODLAUNCHER]: Launching target 'forgeclientdev' with arguments [--version, 21.1.251, --gameDir, ., --assetsDir, C:\Users\stasm\.gradle\caches\neoformruntime\assets, --assetIndex, 17]
[26Sep2026 23:24:07.939] [main/DEBUG] [mixin/]: Preparing mixins for MixinEnvironment[DEFAULT]
[26Sep2026 23:24:07.940] [main/DEBUG] [mixin/]: Selecting config META-INF/industrialforegoing.mixins.json
[26Sep2026 23:24:07.946] [main/DEBUG] [mixin/]: Selecting config jade.mixins.json
[26Sep2026 23:24:07.946] [main/DEBUG] [mixin/]: Selecting config architectury.mixins.json
[26Sep2026 23:24:07.955] [main/DEBUG] [mixin/]: Selecting config architectury-common.mixins.json
[26Sep2026 23:24:07.955] [main/DEBUG] [mixin/]: Selecting config ftblibrary-common.mixins.json
[26Sep2026 23:24:07.956] [main/DEBUG] [mixin/]: Selecting config ftbchunks-common.mixins.json
[26Sep2026 23:24:07.956] [main/DEBUG] [mixin/]: Selecting config enderio.mixins.json
[26Sep2026 23:24:07.956] [main/DEBUG] [mixin/]: Selecting config curios.neoforge.mixins.json
[26Sep2026 23:24:07.957] [main/WARN] [mixin/]: Reference map 'curios.refmap.json' for curios.neoforge.mixins.json could not be read. If this is a development environment you can ignore this message
[26Sep2026 23:24:07.957] [main/DEBUG] [mixin/]: Selecting config curios.mixins.json
[26Sep2026 23:24:07.957] [main/WARN] [mixin/]: Reference map 'curios.refmap.json' for curios.mixins.json could not be read. If this is a development environment you can ignore this message
[26Sep2026 23:24:07.958] [main/DEBUG] [mixin/]: Selecting config patchouli_xplat.mixins.json
[26Sep2026 23:24:07.958] [main/WARN] [mixin/]: Reference map 'patchouli.refmap.json' for patchouli_xplat.mixins.json could not be read. If this is a development environment you can ignore this message
[26Sep2026 23:24:07.958] [main/DEBUG] [mixin/]: Selecting config neoforge.mixins.json
[26Sep2026 23:24:07.958] [main/DEBUG] [mixin/]: Selecting config mixinextras.init.mixins.json
[26Sep2026 23:24:08.003] [main/DEBUG] [MixinExtras|Service/]: com.llamalad7.mixinextras.service.MixinExtrasServiceImpl(version=0.5.3) is taking over from null
[26Sep2026 23:24:08.037] [main/DEBUG] [mixin/]: Registering new injector for @Inject with org.spongepowered.asm.mixin.injection.struct.CallbackInjectionInfo
[26Sep2026 23:24:08.038] [main/DEBUG] [mixin/]: Registering new injector for @ModifyArg with org.spongepowered.asm.mixin.injection.struct.ModifyArgInjectionInfo
[26Sep2026 23:24:08.040] [main/DEBUG] [mixin/]: Registering new injector for @ModifyArgs with org.spongepowered.asm.mixin.injection.struct.ModifyArgsInjectionInfo
[26Sep2026 23:24:08.041] [main/DEBUG] [mixin/]: Registering new injector for @Redirect with org.spongepowered.asm.mixin.injection.struct.RedirectInjectionInfo
[26Sep2026 23:24:08.042] [main/DEBUG] [mixin/]: Registering new injector for @ModifyVariable with org.spongepowered.asm.mixin.injection.struct.ModifyVariableInjectionInfo
[26Sep2026 23:24:08.043] [main/DEBUG] [mixin/]: Registering new injector for @ModifyConstant with org.spongepowered.asm.mixin.injection.struct.ModifyConstantInjectionInfo
[26Sep2026 23:24:08.056] [main/DEBUG] [mixin/]: Preparing META-INF/industrialforegoing.mixins.json (1)
[26Sep2026 23:24:08.076] [main/DEBUG] [mixin/]: Preparing jade.mixins.json (3)
[26Sep2026 23:24:08.113] [main/DEBUG] [mixin/]: Preparing architectury.mixins.json (11)
[26Sep2026 23:24:08.176] [main/DEBUG] [mixin/]: Preparing architectury-common.mixins.json (9)
[26Sep2026 23:24:08.210] [main/DEBUG] [mixin/]: Preparing ftblibrary-common.mixins.json (4)
[26Sep2026 23:24:08.216] [main/DEBUG] [mixin/]: Preparing ftbchunks-common.mixins.json (8)
[26Sep2026 23:24:08.273] [main/DEBUG] [mixin/]: Preparing enderio.mixins.json (5)
[26Sep2026 23:24:08.297] [main/DEBUG] [mixin/]: Preparing curios.neoforge.mixins.json (11)
[26Sep2026 23:24:08.329] [main/DEBUG] [mixin/]: Preparing curios.mixins.json (3)
[26Sep2026 23:24:08.347] [main/DEBUG] [mixin/]: Preparing patchouli_xplat.mixins.json (10)
[26Sep2026 23:24:08.376] [main/DEBUG] [mixin/]: Preparing neoforge.mixins.json (2)
[26Sep2026 23:24:08.381] [main/DEBUG] [mixin/]: Preparing mixinextras.init.mixins.json (0)
[26Sep2026 23:24:08.418] [main/DEBUG] [mixin/]: Prepared 67 mixins in 0.474 sec (7.1ms avg) (0ms load, 0ms transform, 0ms plugin)
[26Sep2026 23:24:08.445] [main/INFO] [MixinExtras|Service/]: Initializing MixinExtras via com.llamalad7.mixinextras.service.MixinExtrasServiceImpl(version=0.5.3).
[26Sep2026 23:24:08.446] [main/DEBUG] [mixin/]: Registering new injector for @SugarWrapper with com.llamalad7.mixinextras.sugar.impl.SugarWrapperInjectionInfo
[26Sep2026 23:24:08.447] [main/DEBUG] [mixin/]: Registering new injector for @FactoryRedirectWrapper with com.llamalad7.mixinextras.wrapper.factory.FactoryRedirectWrapperInjectionInfo
[26Sep2026 23:24:08.447] [main/DEBUG] [mixin/]: Registering new injector for @ExpressionInjectorWrapper with com.llamalad7.mixinextras.expression.impl.wrapper.ExpressionInjectorWrapperInjectionInfo
[26Sep2026 23:24:08.462] [main/DEBUG] [mixin/]: Mixing MixinMinecraft from architectury.mixins.json into net.minecraft.client.Minecraft
[26Sep2026 23:24:08.467] [main/DEBUG] [mixin/]: architectury.mixins.json:MixinMinecraft from mod architectury: Class version 65 required is higher than the class version supported by the current version of Mixin (JAVA_16 supports class version 60)
[26Sep2026 23:24:08.529] [main/DEBUG] [mixin/]: architectury.mixins.json:MixinMinecraft from mod architectury->@Inject::onStart(Lorg/spongepowered/asm/mixin/injection/callback/CallbackInfo;)V doesn't use it's CallbackInfo
[26Sep2026 23:24:08.529] [main/DEBUG] [mixin/]: architectury.mixins.json:MixinMinecraft from mod architectury->@Inject::onStart(Lorg/spongepowered/asm/mixin/injection/callback/CallbackInfo;)V has 0 override(s) in child classes
[26Sep2026 23:24:08.529] [main/DEBUG] [mixin/]: architectury.mixins.json:MixinMinecraft from mod architectury->@Inject::onStart(Lorg/spongepowered/asm/mixin/injection/callback/CallbackInfo;)V won't be passed a CallbackInfo as a result
[26Sep2026 23:24:08.529] [main/DEBUG] [mixin/]: architectury.mixins.json:MixinMinecraft from mod architectury->@Inject::onStopping(Lorg/spongepowered/asm/mixin/injection/callback/CallbackInfo;)V doesn't use it's CallbackInfo
[26Sep2026 23:24:08.529] [main/DEBUG] [mixin/]: architectury.mixins.json:MixinMinecraft from mod architectury->@Inject::onStopping(Lorg/spongepowered/asm/mixin/injection/callback/CallbackInfo;)V has 0 override(s) in child classes
[26Sep2026 23:24:08.529] [main/DEBUG] [mixin/]: architectury.mixins.json:MixinMinecraft from mod architectury->@Inject::onStopping(Lorg/spongepowered/asm/mixin/injection/callback/CallbackInfo;)V won't be passed a CallbackInfo as a result
[26Sep2026 23:24:08.783] [main/DEBUG] [io.netty.util.internal.logging.InternalLoggerFactory/]: Using SLF4J as the default logging framework
[26Sep2026 23:24:08.786] [main/DEBUG] [io.netty.util.ResourceLeakDetector/]: -Dio.netty.leakDetection.level: simple
[26Sep2026 23:24:08.786] [main/DEBUG] [io.netty.util.ResourceLeakDetector/]: -Dio.netty.leakDetection.targetRecords: 4
[26Sep2026 23:24:08.848] [main/DEBUG] [mixin/]: Mixing ResourceLocationMixin from ftblibrary-common.mixins.json into net.minecraft.resources.ResourceLocation
[26Sep2026 23:24:08.849] [main/DEBUG] [mixin/]: ftblibrary-common.mixins.json:ResourceLocationMixin from mod ftblibrary: Class version 65 required is higher than the class version supported by the current version of Mixin (JAVA_8 supports class version 52)
[26Sep2026 23:24:09.423] [main/DEBUG] [mixin/]: Mixing MixinV1460 from curios.neoforge.mixins.json into net.minecraft.util.datafix.schemas.V1460
[26Sep2026 23:24:09.424] [main/DEBUG] [mixin/]: curios.neoforge.mixins.json:MixinV1460 from mod curios: Class version 65 required is higher than the class version supported by the current version of Mixin (JAVA_17 supports class version 61)
[26Sep2026 23:24:09.432] [main/DEBUG] [mixin/]: curios.neoforge.mixins.json:MixinV1460 from mod curios->@Inject::captureSchema(Lcom/mojang/datafixers/schemas/Schema;Ljava/util/Map;Ljava/util/Map;Lorg/spongepowered/asm/mixin/injection/callback/CallbackInfo;)V doesn't use it's CallbackInfo
[26Sep2026 23:24:09.433] [main/DEBUG] [mixin/]: curios.neoforge.mixins.json:MixinV1460 from mod curios->@Inject::captureSchema(Lcom/mojang/datafixers/schemas/Schema;Ljava/util/Map;Ljava/util/Map;Lorg/spongepowered/asm/mixin/injection/callback/CallbackInfo;)V has 0 override(s) in child classes
[26Sep2026 23:24:09.433] [main/DEBUG] [mixin/]: curios.neoforge.mixins.json:MixinV1460 from mod curios->@Inject::captureSchema(Lcom/mojang/datafixers/schemas/Schema;Ljava/util/Map;Ljava/util/Map;Lorg/spongepowered/asm/mixin/injection/callback/CallbackInfo;)V won't be passed a CallbackInfo as a result
[26Sep2026 23:24:09.467] [main/DEBUG] [mixin/]: Mixing MixinLivingEntity from curios.neoforge.mixins.json into net.minecraft.world.entity.LivingEntity
[26Sep2026 23:24:09.467] [main/DEBUG] [mixin/]: curios.neoforge.mixins.json:MixinLivingEntity from mod curios: Class version 65 required is higher than the class version supported by the current version of Mixin (JAVA_17 supports class version 61)
[26Sep2026 23:24:09.476] [main/DEBUG] [mixin/]: curios.neoforge.mixins.json:MixinLivingEntity from mod curios->@Inject::curio$canFreeze(Lorg/spongepowered/asm/mixin/injection/callback/CallbackInfoReturnable;)V does use it's CallbackInfoReturnable
[26Sep2026 23:24:09.510] [main/DEBUG] [mixin/]: Mixing AccessorEntity from curios.mixins.json into net.minecraft.world.entity.Entity
[26Sep2026 23:24:09.510] [main/DEBUG] [mixin/]: curios.mixins.json:AccessorEntity from mod curios: Class version 65 required is higher than the class version supported by the current version of Mixin (JAVA_17 supports class version 61)
[26Sep2026 23:24:09.548] [main/DEBUG] [mixin/]: Mixing PlayerMixin from enderio.mixins.json into net.minecraft.world.entity.player.Player
[26Sep2026 23:24:09.549] [main/DEBUG] [mixin/]: enderio.mixins.json:PlayerMixin from mod enderio: Class version 65 required is higher than the class version supported by the current version of Mixin (JAVA_17 supports class version 61)
[26Sep2026 23:24:09.615] [main/DEBUG] [mixin/]: Mixing UtilMixin from ftbchunks-common.mixins.json into net.minecraft.Util
[26Sep2026 23:24:09.616] [main/DEBUG] [mixin/]: ftbchunks-common.mixins.json:UtilMixin from mod ftbchunks: Class version 65 required is higher than the class version supported by the current version of Mixin (JAVA_17 supports class version 61)
[26Sep2026 23:24:09.648] [main/DEBUG] [mixin/]: ftbchunks-common.mixins.json:UtilMixin from mod ftbchunks->@Inject::shutdownExecutorsFTBC(Lorg/spongepowered/asm/mixin/injection/callback/CallbackInfo;)V doesn't use it's CallbackInfo
[26Sep2026 23:24:09.911] [main/DEBUG] [mixin/]: Mixing client.MixinSystemReport from patchouli_xplat.mixins.json into net.minecraft.SystemReport
[26Sep2026 23:24:09.915] [main/DEBUG] [mixin/]: patchouli_xplat.mixins.json:client.MixinSystemReport from mod patchouli->@Inject::patchouli_addContext(Lorg/spongepowered/asm/mixin/injection/callback/CallbackInfo;)V doesn't use it's CallbackInfo
[26Sep2026 23:24:09.915] [main/DEBUG] [mixin/]: patchouli_xplat.mixins.json:client.MixinSystemReport from mod patchouli->@Inject::patchouli_addContext(Lorg/spongepowered/asm/mixin/injection/callback/CallbackInfo;)V has 0 override(s) in child classes
[26Sep2026 23:24:09.915] [main/DEBUG] [mixin/]: patchouli_xplat.mixins.json:client.MixinSystemReport from mod patchouli->@Inject::patchouli_addContext(Lorg/spongepowered/asm/mixin/injection/callback/CallbackInfo;)V won't be passed a CallbackInfo as a result
[26Sep2026 23:24:09.940] [main/DEBUG] [oshi.util.FileUtil/]: No oshi.properties file found from ClassLoader cpw.mods.modlauncher.TransformingClassLoader@23940f86
[26Sep2026 23:24:10.178] [Datafixer Bootstrap/INFO] [com.mojang.datafixers.DataFixerBuilder/]: 229 Datafixer optimizations took 276 milliseconds
[26Sep2026 23:24:10.292] [main/DEBUG] [oshi.util.FileUtil/]: No oshi.architecture.properties file found from ClassLoader cpw.mods.modlauncher.TransformingClassLoader@23940f86
[26Sep2026 23:24:10.328] [main/WARN] [oshi.driver.windows.perfmon.PerfmonDisabled/]: Invalid registry value type detected for PerfOS counters. Should be REG_DWORD. Ignoring: HKEY_LOCAL_MACHINE\SYSTEM\CurrentControlSet\Services\PerfOS\Performance\Disable Performance Counters.
[26Sep2026 23:24:10.344] [main/DEBUG] [mixin/]: Mixing client.AccessorScreen from patchouli_xplat.mixins.json into net.minecraft.client.gui.screens.Screen
[26Sep2026 23:24:10.367] [main/DEBUG] [mixin/]: Mixing MixinClientLevel from architectury.mixins.json into net.minecraft.client.multiplayer.ClientLevel
[26Sep2026 23:24:10.367] [main/DEBUG] [mixin/]: architectury.mixins.json:MixinClientLevel from mod architectury: Class version 65 required is higher than the class version supported by the current version of Mixin (JAVA_16 supports class version 60)
[26Sep2026 23:24:10.381] [main/DEBUG] [mixin/]: architectury.mixins.json:MixinClientLevel from mod architectury->@Inject::tickEntities(Lorg/spongepowered/asm/mixin/injection/callback/CallbackInfo;)V doesn't use it's CallbackInfo
[26Sep2026 23:24:10.381] [main/DEBUG] [mixin/]: architectury.mixins.json:MixinClientLevel from mod architectury->@Inject::tickEntities(Lorg/spongepowered/asm/mixin/injection/callback/CallbackInfo;)V has 0 override(s) in child classes
[26Sep2026 23:24:10.382] [main/DEBUG] [mixin/]: architectury.mixins.json:MixinClientLevel from mod architectury->@Inject::tickEntities(Lorg/spongepowered/asm/mixin/injection/callback/CallbackInfo;)V won't be passed a CallbackInfo as a result
[26Sep2026 23:24:10.382] [main/DEBUG] [mixin/]: architectury.mixins.json:MixinClientLevel from mod architectury->@Inject::tickEntitiesPost(Lorg/spongepowered/asm/mixin/injection/callback/CallbackInfo;)V doesn't use it's CallbackInfo
[26Sep2026 23:24:10.382] [main/DEBUG] [mixin/]: architectury.mixins.json:MixinClientLevel from mod architectury->@Inject::tickEntitiesPost(Lorg/spongepowered/asm/mixin/injection/callback/CallbackInfo;)V has 0 override(s) in child classes
[26Sep2026 23:24:10.382] [main/DEBUG] [mixin/]: architectury.mixins.json:MixinClientLevel from mod architectury->@Inject::tickEntitiesPost(Lorg/spongepowered/asm/mixin/injection/callback/CallbackInfo;)V won't be passed a CallbackInfo as a result
[26Sep2026 23:24:10.402] [main/DEBUG] [mixin/]: Mixing MixinLevelEvent from architectury.mixins.json into net.neoforged.neoforge.event.level.LevelEvent
[26Sep2026 23:24:10.403] [main/DEBUG] [mixin/]: architectury.mixins.json:MixinLevelEvent from mod architectury: Class version 65 required is higher than the class version supported by the current version of Mixin (JAVA_16 supports class version 60)
[26Sep2026 23:24:10.428] [main/DEBUG] [mixin/]: Mixing client.MixinInventoryScreen from patchouli_xplat.mixins.json into net.minecraft.client.gui.screens.inventory.InventoryScreen
[26Sep2026 23:24:10.456] [main/DEBUG] [mixin/]: patchouli_xplat.mixins.json:client.MixinInventoryScreen from mod patchouli->@Inject::onGuiInitPost(Lorg/spongepowered/asm/mixin/injection/callback/CallbackInfo;)V doesn't use it's CallbackInfo
[26Sep2026 23:24:10.456] [main/DEBUG] [mixin/]: patchouli_xplat.mixins.json:client.MixinInventoryScreen from mod patchouli->@Inject::onGuiInitPost(Lorg/spongepowered/asm/mixin/injection/callback/CallbackInfo;)V has 0 override(s) in child classes
[26Sep2026 23:24:10.456] [main/DEBUG] [mixin/]: patchouli_xplat.mixins.json:client.MixinInventoryScreen from mod patchouli->@Inject::onGuiInitPost(Lorg/spongepowered/asm/mixin/injection/callback/CallbackInfo;)V won't be passed a CallbackInfo as a result
[26Sep2026 23:24:10.488] [pool-19-thread-1/DEBUG] [mixin/]: Mixing MappedRegistryAccessor from neoforge.mixins.json into net.minecraft.core.MappedRegistry
[26Sep2026 23:24:10.546] [pool-19-thread-1/DEBUG] [mixin/]: Mixing inject.MixinBlock from architectury-common.mixins.json into net.minecraft.world.level.block.Block
[26Sep2026 23:24:10.548] [pool-19-thread-1/DEBUG] [mixin/]: architectury-common.mixins.json:inject.MixinBlock from mod architectury: Class version 65 required is higher than the class version supported by the current version of Mixin (JAVA_16 supports class version 60)
[26Sep2026 23:24:10.561] [pool-19-thread-1/DEBUG] [mixin/]: Mixing BlockStateMixin from ftbchunks-common.mixins.json into net.minecraft.world.level.block.state.BlockState
[26Sep2026 23:24:10.563] [pool-19-thread-1/DEBUG] [mixin/]: ftbchunks-common.mixins.json:BlockStateMixin from mod ftbchunks: Class version 65 required is higher than the class version supported by the current version of Mixin (JAVA_17 supports class version 61)
[26Sep2026 23:24:10.718] [pool-19-thread-1/DEBUG] [mixin/]: Mixing IBushBlockMixin from META-INF/industrialforegoing.mixins.json into net.minecraft.world.level.block.BushBlock
[26Sep2026 23:24:10.721] [pool-19-thread-1/DEBUG] [mixin/]: Mixing neoforge.LiquidBlockAccessor from architectury.mixins.json into net.minecraft.world.level.block.LiquidBlock
[26Sep2026 23:24:10.721] [pool-19-thread-1/DEBUG] [mixin/]: architectury.mixins.json:neoforge.LiquidBlockAccessor from mod architectury: Class version 65 required is higher than the class version supported by the current version of Mixin (JAVA_16 supports class version 60)
[26Sep2026 23:24:10.721] [pool-19-thread-1/DEBUG] [mixin/]: Mixing inject.MixinLiquidBlock from architectury-common.mixins.json into net.minecraft.world.level.block.LiquidBlock
[26Sep2026 23:24:10.722] [pool-19-thread-1/DEBUG] [mixin/]: architectury-common.mixins.json:inject.MixinLiquidBlock from mod architectury: Class version 65 required is higher than the class version supported by the current version of Mixin (JAVA_16 supports class version 60)
[26Sep2026 23:24:10.829] [pool-19-thread-1/DEBUG] [mixin/]: Mixing MixinPowderSnowBlock from curios.neoforge.mixins.json into net.minecraft.world.level.block.PowderSnowBlock
[26Sep2026 23:24:10.829] [pool-19-thread-1/DEBUG] [mixin/]: curios.neoforge.mixins.json:MixinPowderSnowBlock from mod curios: Class version 65 required is higher than the class version supported by the current version of Mixin (JAVA_17 supports class version 61)
[26Sep2026 23:24:10.830] [pool-19-thread-1/DEBUG] [mixin/]: curios.neoforge.mixins.json:MixinPowderSnowBlock from mod curios->@Inject::curios$canEntityWalkOnPowderSnow(Lnet/minecraft/world/entity/Entity;Lorg/spongepowered/asm/mixin/injection/callback/CallbackInfoReturnable;)V does use it's CallbackInfoReturnable
[26Sep2026 23:24:10.831] [pool-19-thread-1/DEBUG] [mixin/]: curios.neoforge.mixins.json:MixinPowderSnowBlock from mod curios->@Inject::curios$canEntityWalkOnPowderSnow(Lnet/minecraft/world/entity/Entity;Lorg/spongepowered/asm/mixin/injection/callback/CallbackInfoReturnable;)V does use it's CallbackInfoReturnable
[26Sep2026 23:24:10.850] [pool-19-thread-1/DEBUG] [mixin/]: Mixing PistonBaseBlockMixin from ftbchunks-common.mixins.json into net.minecraft.world.level.block.piston.PistonBaseBlock
[26Sep2026 23:24:10.850] [pool-19-thread-1/DEBUG] [mixin/]: ftbchunks-common.mixins.json:PistonBaseBlockMixin from mod ftbchunks: Class version 65 required is higher than the class version supported by the current version of Mixin (JAVA_17 supports class version 61)
[26Sep2026 23:24:10.863] [pool-19-thread-1/DEBUG] [mixin/]: ftbchunks-common.mixins.json:PistonBaseBlockMixin from mod ftbchunks->@Inject::onMoveBlocks(Lnet/minecraft/world/level/Level;Lnet/minecraft/core/BlockPos;Lnet/minecraft/core/Direction;ZLorg/spongepowered/asm/mixin/injection/callback/CallbackInfoReturnable;)V does use it's CallbackInfoReturnable
[26Sep2026 23:24:10.888] [pool-19-thread-1/DEBUG] [mixin/]: Mixing inject.MixinEntityType from architectury-common.mixins.json into net.minecraft.world.entity.EntityType
[26Sep2026 23:24:10.888] [pool-19-thread-1/DEBUG] [mixin/]: architectury-common.mixins.json:inject.MixinEntityType from mod architectury: Class version 65 required is higher than the class version supported by the current version of Mixin (JAVA_16 supports class version 60)
[26Sep2026 23:24:10.905] [pool-19-thread-1/DEBUG] [mixin/]: Mixing inject.MixinFluid from architectury-common.mixins.json into net.minecraft.world.level.material.Fluid
[26Sep2026 23:24:10.905] [pool-19-thread-1/DEBUG] [mixin/]: architectury-common.mixins.json:inject.MixinFluid from mod architectury: Class version 65 required is higher than the class version supported by the current version of Mixin (JAVA_16 supports class version 60)
[26Sep2026 23:24:10.974] [pool-19-thread-1/DEBUG] [mixin/]: Mixing MixinFallingBlockEntity from architectury.mixins.json into net.minecraft.world.entity.item.FallingBlockEntity
[26Sep2026 23:24:10.974] [pool-19-thread-1/DEBUG] [mixin/]: architectury.mixins.json:MixinFallingBlockEntity from mod architectury: Class version 65 required is higher than the class version supported by the current version of Mixin (JAVA_16 supports class version 60)
[26Sep2026 23:24:10.989] [pool-19-thread-1/DEBUG] [mixin/]: architectury.mixins.json:MixinFallingBlockEntity from mod architectury->@Inject::handleLand(Lorg/spongepowered/asm/mixin/injection/callback/CallbackInfo;Lnet/minecraft/world/level/block/Block;Lnet/minecraft/core/BlockPos;ZZDLnet/minecraft/world/level/block/state/BlockState;)V doesn't use it's CallbackInfo
[26Sep2026 23:24:10.989] [pool-19-thread-1/DEBUG] [mixin/]: architectury.mixins.json:MixinFallingBlockEntity from mod architectury->@Inject::handleLand(Lorg/spongepowered/asm/mixin/injection/callback/CallbackInfo;Lnet/minecraft/world/level/block/Block;Lnet/minecraft/core/BlockPos;ZZDLnet/minecraft/world/level/block/state/BlockState;)V has 0 override(s) in child classes
[26Sep2026 23:24:10.989] [pool-19-thread-1/DEBUG] [mixin/]: architectury.mixins.json:MixinFallingBlockEntity from mod architectury->@Inject::handleLand(Lorg/spongepowered/asm/mixin/injection/callback/CallbackInfo;Lnet/minecraft/world/level/block/Block;Lnet/minecraft/core/BlockPos;ZZDLnet/minecraft/world/level/block/state/BlockState;)V won't be passed a CallbackInfo as a result
[26Sep2026 23:24:11.281] [pool-19-thread-1/DEBUG] [mixin/]: Mixing BlockEntityTypeAccessor from neoforge.mixins.json into net.minecraft.world.level.block.entity.BlockEntityType
[26Sep2026 23:24:11.459] [pool-19-thread-1/DEBUG] [mixin/]: Mixing BiomeMixin from ftbchunks-common.mixins.json into net.minecraft.world.level.biome.Biome
[26Sep2026 23:24:11.460] [pool-19-thread-1/DEBUG] [mixin/]: ftbchunks-common.mixins.json:BiomeMixin from mod ftbchunks: Class version 65 required is higher than the class version supported by the current version of Mixin (JAVA_17 supports class version 61)
[26Sep2026 23:24:12.481] [pool-19-thread-1/DEBUG] [mixin/]: Mixing inject.MixinItem from architectury-common.mixins.json into net.minecraft.world.item.Item
[26Sep2026 23:24:12.482] [pool-19-thread-1/DEBUG] [mixin/]: architectury-common.mixins.json:inject.MixinItem from mod architectury: Class version 65 required is higher than the class version supported by the current version of Mixin (JAVA_16 supports class version 60)
[26Sep2026 23:24:12.484] [pool-19-thread-1/DEBUG] [mixin/]: Mixing ItemMixin from ftblibrary-common.mixins.json into net.minecraft.world.item.Item
[26Sep2026 23:24:12.484] [pool-19-thread-1/DEBUG] [mixin/]: ftblibrary-common.mixins.json:ItemMixin from mod ftblibrary: Class version 65 required is higher than the class version supported by the current version of Mixin (JAVA_8 supports class version 52)
[26Sep2026 23:24:12.505] [pool-19-thread-1/DEBUG] [mixin/]: architectury-common.mixins.json:inject.MixinItem from mod architectury->@Inject::init(Lnet/minecraft/world/item/Item$Properties;Lorg/spongepowered/asm/mixin/injection/callback/CallbackInfo;)V doesn't use it's CallbackInfo
[26Sep2026 23:24:12.505] [pool-19-thread-1/DEBUG] [mixin/]: architectury-common.mixins.json:inject.MixinItem from mod architectury->@Inject::init(Lnet/minecraft/world/item/Item$Properties;Lorg/spongepowered/asm/mixin/injection/callback/CallbackInfo;)V has 0 override(s) in child classes
[26Sep2026 23:24:12.505] [pool-19-thread-1/DEBUG] [mixin/]: architectury-common.mixins.json:inject.MixinItem from mod architectury->@Inject::init(Lnet/minecraft/world/item/Item$Properties;Lorg/spongepowered/asm/mixin/injection/callback/CallbackInfo;)V won't be passed a CallbackInfo as a result
[26Sep2026 23:24:12.520] [pool-19-thread-1/DEBUG] [mixin/]: Mixing neoforge.MixinBucketItem from architectury.mixins.json into net.minecraft.world.item.BucketItem
[26Sep2026 23:24:12.520] [pool-19-thread-1/DEBUG] [mixin/]: architectury.mixins.json:neoforge.MixinBucketItem from mod architectury: Class version 65 required is higher than the class version supported by the current version of Mixin (JAVA_16 supports class version 60)
[26Sep2026 23:24:12.521] [pool-19-thread-1/DEBUG] [mixin/]: Mixing neoforge.BucketItemAccessor from architectury.mixins.json into net.minecraft.world.item.BucketItem
[26Sep2026 23:24:12.521] [pool-19-thread-1/DEBUG] [mixin/]: architectury.mixins.json:neoforge.BucketItemAccessor from mod architectury: Class version 65 required is higher than the class version supported by the current version of Mixin (JAVA_16 supports class version 60)
[26Sep2026 23:24:12.521] [pool-19-thread-1/DEBUG] [mixin/]: Mixing inject.MixinBucketItem from architectury-common.mixins.json into net.minecraft.world.item.BucketItem
[26Sep2026 23:24:12.522] [pool-19-thread-1/DEBUG] [mixin/]: architectury-common.mixins.json:inject.MixinBucketItem from mod architectury: Class version 65 required is higher than the class version supported by the current version of Mixin (JAVA_16 supports class version 60)
[26Sep2026 23:24:12.528] [pool-19-thread-1/DEBUG] [mixin/]: architectury.mixins.json:neoforge.MixinBucketItem from mod architectury->@Inject::fillBucket(Lnet/minecraft/world/level/Level;Lnet/minecraft/world/entity/player/Player;Lnet/minecraft/world/InteractionHand;Lorg/spongepowered/asm/mixin/injection/callback/CallbackInfoReturnable;Lnet/minecraft/world/item/ItemStack;Lnet/minecraft/world/phys/BlockHitResult;)V does use it's CallbackInfoReturnable
[26Sep2026 23:24:12.537] [pool-19-thread-1/DEBUG] [mixin/]: Mixing MixinShearsItem from curios.neoforge.mixins.json into net.minecraft.world.item.ShearsItem
[26Sep2026 23:24:12.537] [pool-19-thread-1/DEBUG] [mixin/]: curios.neoforge.mixins.json:MixinShearsItem from mod curios: Class version 65 required is higher than the class version supported by the current version of Mixin (JAVA_17 supports class version 61)
[26Sep2026 23:24:12.571] [pool-19-thread-1/DEBUG] [mixin/]: Mixing inject.MixinItemProperties from architectury-common.mixins.json into net.minecraft.world.item.Item$Properties
[26Sep2026 23:24:12.571] [pool-19-thread-1/DEBUG] [mixin/]: architectury-common.mixins.json:inject.MixinItemProperties from mod architectury: Class version 65 required is higher than the class version supported by the current version of Mixin (JAVA_16 supports class version 60)
[26Sep2026 23:24:12.633] [pool-19-thread-1/DEBUG] [io.netty.util.internal.PlatformDependent0/]: -Dio.netty.noUnsafe: false
[26Sep2026 23:24:12.633] [pool-19-thread-1/DEBUG] [io.netty.util.internal.PlatformDependent0/]: Java version: 21
[26Sep2026 23:24:12.634] [pool-19-thread-1/DEBUG] [io.netty.util.internal.PlatformDependent0/]: sun.misc.Unsafe.theUnsafe: available
[26Sep2026 23:24:12.634] [pool-19-thread-1/DEBUG] [io.netty.util.internal.PlatformDependent0/]: sun.misc.Unsafe.copyMemory: available
[26Sep2026 23:24:12.634] [pool-19-thread-1/DEBUG] [io.netty.util.internal.PlatformDependent0/]: sun.misc.Unsafe.storeFence: available
[26Sep2026 23:24:12.634] [pool-19-thread-1/DEBUG] [io.netty.util.internal.PlatformDependent0/]: java.nio.Buffer.address: available
[26Sep2026 23:24:12.635] [pool-19-thread-1/DEBUG] [io.netty.util.internal.PlatformDependent0/]: direct buffer constructor: unavailable: Reflective setAccessible(true) disabled
[26Sep2026 23:24:12.635] [pool-19-thread-1/DEBUG] [io.netty.util.internal.PlatformDependent0/]: java.nio.Bits.unaligned: available, true
[26Sep2026 23:24:12.636] [pool-19-thread-1/DEBUG] [io.netty.util.internal.PlatformDependent0/]: jdk.internal.misc.Unsafe.allocateUninitializedArray(int): unavailable: class io.netty.util.internal.PlatformDependent0$7 (in module io.netty.common) cannot access class jdk.internal.misc.Unsafe (in module java.base) because module java.base does not export jdk.internal.misc to module io.netty.common
[26Sep2026 23:24:12.636] [pool-19-thread-1/DEBUG] [io.netty.util.internal.PlatformDependent0/]: java.nio.DirectByteBuffer.<init>(long, {int,long}): unavailable
[26Sep2026 23:24:12.636] [pool-19-thread-1/DEBUG] [io.netty.util.internal.PlatformDependent/]: sun.misc.Unsafe: available
[26Sep2026 23:24:12.637] [pool-19-thread-1/DEBUG] [io.netty.util.internal.PlatformDependent/]: maxDirectMemory: 8573157376 bytes (maybe)
[26Sep2026 23:24:12.637] [pool-19-thread-1/DEBUG] [io.netty.util.internal.PlatformDependent/]: -Dio.netty.tmpdir: C:\Users\stasm\AppData\Local\Temp (java.io.tmpdir)
[26Sep2026 23:24:12.637] [pool-19-thread-1/DEBUG] [io.netty.util.internal.PlatformDependent/]: -Dio.netty.bitMode: 64 (sun.arch.data.model)
[26Sep2026 23:24:12.637] [pool-19-thread-1/DEBUG] [io.netty.util.internal.PlatformDependent/]: Platform: Windows
[26Sep2026 23:24:12.638] [pool-19-thread-1/DEBUG] [io.netty.util.internal.PlatformDependent/]: -Dio.netty.maxDirectMemory: -1 bytes
[26Sep2026 23:24:12.638] [pool-19-thread-1/DEBUG] [io.netty.util.internal.PlatformDependent/]: -Dio.netty.uninitializedArrayAllocationThreshold: -1
[26Sep2026 23:24:12.639] [pool-19-thread-1/DEBUG] [io.netty.util.internal.CleanerJava9/]: java.nio.ByteBuffer.cleaner(): available
[26Sep2026 23:24:12.639] [pool-19-thread-1/DEBUG] [io.netty.util.internal.PlatformDependent/]: -Dio.netty.noPreferDirect: false
[26Sep2026 23:24:12.691] [pool-19-thread-1/DEBUG] [mixin/]: Mixing MixinNbtPredicate from curios.neoforge.mixins.json into net.minecraft.advancements.critereon.NbtPredicate
[26Sep2026 23:24:12.691] [pool-19-thread-1/DEBUG] [mixin/]: curios.neoforge.mixins.json:MixinNbtPredicate from mod curios: Class version 65 required is higher than the class version supported by the current version of Mixin (JAVA_17 supports class version 61)
[26Sep2026 23:24:12.900] [pool-19-thread-1/DEBUG] [mixin/]: Mixing ArmorStandMixin from ftbchunks-common.mixins.json into net.minecraft.world.entity.decoration.ArmorStand
[26Sep2026 23:24:12.901] [pool-19-thread-1/DEBUG] [mixin/]: ftbchunks-common.mixins.json:ArmorStandMixin from mod ftbchunks: Class version 65 required is higher than the class version supported by the current version of Mixin (JAVA_17 supports class version 61)
[26Sep2026 23:24:12.908] [pool-19-thread-1/DEBUG] [mixin/]: ftbchunks-common.mixins.json:ArmorStandMixin from mod ftbchunks->@Inject::onInteractAt(Lnet/minecraft/world/entity/player/Player;Lnet/minecraft/world/phys/Vec3;Lnet/minecraft/world/InteractionHand;Lorg/spongepowered/asm/mixin/injection/callback/CallbackInfoReturnable;)V does use it's CallbackInfoReturnable
[26Sep2026 23:24:13.086] [pool-19-thread-1/DEBUG] [mixin/]: Mixing MixinLightningBolt from architectury-common.mixins.json into net.minecraft.world.entity.LightningBolt
[26Sep2026 23:24:13.087] [pool-19-thread-1/DEBUG] [mixin/]: architectury-common.mixins.json:MixinLightningBolt from mod architectury: Class version 65 required is higher than the class version supported by the current version of Mixin (JAVA_16 supports class version 60)
[26Sep2026 23:24:13.093] [pool-19-thread-1/DEBUG] [mixin/]: architectury-common.mixins.json:MixinLightningBolt from mod architectury->@Inject::handleLightning(Lorg/spongepowered/asm/mixin/injection/callback/CallbackInfo;Ljava/util/List;)V doesn't use it's CallbackInfo
[26Sep2026 23:24:13.093] [pool-19-thread-1/DEBUG] [mixin/]: architectury-common.mixins.json:MixinLightningBolt from mod architectury->@Inject::handleLightning(Lorg/spongepowered/asm/mixin/injection/callback/CallbackInfo;Ljava/util/List;)V has 0 override(s) in child classes
[26Sep2026 23:24:13.094] [pool-19-thread-1/DEBUG] [mixin/]: architectury-common.mixins.json:MixinLightningBolt from mod architectury->@Inject::handleLightning(Lorg/spongepowered/asm/mixin/injection/callback/CallbackInfo;Ljava/util/List;)V won't be passed a CallbackInfo as a result
[26Sep2026 23:24:13.246] [pool-19-thread-1/DEBUG] [mixin/]: Mixing inject.MixinFoodPropertiesBuilder from architectury-common.mixins.json into net.minecraft.world.food.FoodProperties$Builder
[26Sep2026 23:24:13.247] [pool-19-thread-1/DEBUG] [mixin/]: architectury-common.mixins.json:inject.MixinFoodPropertiesBuilder from mod architectury: Class version 65 required is higher than the class version supported by the current version of Mixin (JAVA_16 supports class version 60)
[26Sep2026 23:24:13.663] [pool-19-thread-1/DEBUG] [mixin/]: Mixing MixinInventory from architectury.mixins.json into net.minecraft.world.entity.player.Inventory
[26Sep2026 23:24:13.663] [pool-19-thread-1/DEBUG] [mixin/]: architectury.mixins.json:MixinInventory from mod architectury: Class version 65 required is higher than the class version supported by the current version of Mixin (JAVA_16 supports class version 60)
[26Sep2026 23:24:13.666] [pool-19-thread-1/DEBUG] [mixin/]: Mixing MixinInventory from curios.neoforge.mixins.json into net.minecraft.world.entity.player.Inventory
[26Sep2026 23:24:13.666] [pool-19-thread-1/DEBUG] [mixin/]: curios.neoforge.mixins.json:MixinInventory from mod curios: Class version 65 required is higher than the class version supported by the current version of Mixin (JAVA_17 supports class version 61)
[26Sep2026 23:24:13.669] [pool-19-thread-1/DEBUG] [mixin/]: architectury.mixins.json:MixinInventory from mod architectury->@Inject::updateItems(Lorg/spongepowered/asm/mixin/injection/callback/CallbackInfo;)V doesn't use it's CallbackInfo
[26Sep2026 23:24:13.669] [pool-19-thread-1/DEBUG] [mixin/]: architectury.mixins.json:MixinInventory from mod architectury->@Inject::updateItems(Lorg/spongepowered/asm/mixin/injection/callback/CallbackInfo;)V has 0 override(s) in child classes
[26Sep2026 23:24:13.669] [pool-19-thread-1/DEBUG] [mixin/]: architectury.mixins.json:MixinInventory from mod architectury->@Inject::updateItems(Lorg/spongepowered/asm/mixin/injection/callback/CallbackInfo;)V won't be passed a CallbackInfo as a result
[26Sep2026 23:24:13.669] [pool-19-thread-1/DEBUG] [mixin/]: curios.neoforge.mixins.json:MixinInventory from mod curios->@Inject::curios$containsStack(Lnet/minecraft/world/item/ItemStack;Lorg/spongepowered/asm/mixin/injection/callback/CallbackInfoReturnable;)V does use it's CallbackInfoReturnable
[26Sep2026 23:24:13.669] [pool-19-thread-1/DEBUG] [mixin/]: curios.neoforge.mixins.json:MixinInventory from mod curios->@Inject::curios$containsTag(Lnet/minecraft/tags/TagKey;Lorg/spongepowered/asm/mixin/injection/callback/CallbackInfoReturnable;)V does use it's CallbackInfoReturnable
[26Sep2026 23:24:13.711] [pool-19-thread-1/DEBUG] [mixin/]: Mixing AbstractCookingRecipeAccessor from enderio.mixins.json into net.minecraft.world.item.crafting.AbstractCookingRecipe
[26Sep2026 23:24:13.711] [pool-19-thread-1/DEBUG] [mixin/]: enderio.mixins.json:AbstractCookingRecipeAccessor from mod enderio: Class version 65 required is higher than the class version supported by the current version of Mixin (JAVA_17 supports class version 61)
[26Sep2026 23:24:13.719] [pool-19-thread-1/DEBUG] [mixin/]: Mixing AccessorSmithingTransformRecipe from patchouli_xplat.mixins.json into net.minecraft.world.item.crafting.SmithingTransformRecipe
[26Sep2026 23:24:13.723] [pool-19-thread-1/DEBUG] [mixin/]: Mixing AccessorSmithingTrimRecipe from patchouli_xplat.mixins.json into net.minecraft.world.item.crafting.SmithingTrimRecipe
[26Sep2026 23:24:13.824] [pool-19-thread-1/DEBUG] [mixin/]: Mixing MixinEnchantedCountIncreaseFunction from curios.neoforge.mixins.json into net.minecraft.world.level.storage.loot.functions.EnchantedCountIncreaseFunction
[26Sep2026 23:24:13.824] [pool-19-thread-1/DEBUG] [mixin/]: curios.neoforge.mixins.json:MixinEnchantedCountIncreaseFunction from mod curios: Class version 65 required is higher than the class version supported by the current version of Mixin (JAVA_17 supports class version 61)
[26Sep2026 23:24:13.887] [pool-19-thread-1/DEBUG] [mixin/]: Mixing MixinApplyBonusCount from curios.neoforge.mixins.json into net.minecraft.world.level.storage.loot.functions.ApplyBonusCount
[26Sep2026 23:24:13.887] [pool-19-thread-1/DEBUG] [mixin/]: curios.neoforge.mixins.json:MixinApplyBonusCount from mod curios: Class version 65 required is higher than the class version supported by the current version of Mixin (JAVA_17 supports class version 61)
[26Sep2026 23:24:15.100] [main/DEBUG] [mixin/]: Mixing client.MixinCommandSourceStack from architectury.mixins.json into net.minecraft.commands.CommandSourceStack
[26Sep2026 23:24:15.100] [main/DEBUG] [mixin/]: architectury.mixins.json:client.MixinCommandSourceStack from mod architectury: Class version 65 required is higher than the class version supported by the current version of Mixin (JAVA_16 supports class version 60)
[26Sep2026 23:24:15.358] [main/WARN] [net.minecraft.commands.Commands/]: Ambiguity between arguments [teleport, location] and [teleport, destination] with inputs: [0.1 -0.5 .9, 0 0 0]
[26Sep2026 23:24:15.360] [main/WARN] [net.minecraft.commands.Commands/]: Ambiguity between arguments [teleport, location] and [teleport, targets] with inputs: [0.1 -0.5 .9, 0 0 0]
[26Sep2026 23:24:15.363] [main/WARN] [net.minecraft.commands.Commands/]: Ambiguity between arguments [teleport, destination] and [teleport, targets] with inputs: [Player, 0123, @e, dd12be42-52a9-4a91-a8a1-11c01849e498]
[26Sep2026 23:24:15.364] [main/WARN] [net.minecraft.commands.Commands/]: Ambiguity between arguments [teleport, targets] and [teleport, destination] with inputs: [Player, 0123, dd12be42-52a9-4a91-a8a1-11c01849e498]
[26Sep2026 23:24:15.364] [main/WARN] [net.minecraft.commands.Commands/]: Ambiguity between arguments [teleport, targets, location] and [teleport, targets, destination] with inputs: [0.1 -0.5 .9, 0 0 0]
[26Sep2026 23:24:15.461] [Render thread/WARN] [net.minecraft.server.packs.VanillaPackResourcesBuilder/]: Assets URL 'union:/C:/Users/stasm/IdeaProjects/Industrial%20Forogoing%20Souls%20Addon/build/moddev/artifacts/neoforge-21.1.251.jar%23190!/assets/.mcassetsroot' uses unexpected schema
[26Sep2026 23:24:15.462] [Render thread/WARN] [net.minecraft.server.packs.VanillaPackResourcesBuilder/]: Assets URL 'union:/C:/Users/stasm/IdeaProjects/Industrial%20Forogoing%20Souls%20Addon/build/moddev/artifacts/neoforge-21.1.251.jar%23190!/data/.mcassetsroot' uses unexpected schema
[26Sep2026 23:24:15.496] [Render thread/INFO] [com.mojang.authlib.yggdrasil.YggdrasilAuthenticationService/]: Environment: Environment[sessionHost=https://sessionserver.mojang.com, servicesHost=https://api.minecraftservices.com, name=PROD]
[26Sep2026 23:24:15.505] [Render thread/INFO] [net.minecraft.client.Minecraft/]: Setting user: Dev
[26Sep2026 23:24:15.506] [Render thread/DEBUG] [mixin/]: Mixing client.AccessorKeyMapping from patchouli_xplat.mixins.json into net.minecraft.client.KeyMapping
[26Sep2026 23:24:15.506] [Render thread/DEBUG] [mixin/]: Renaming @Accessor method getAllKeyMappings()Ljava/util/Map; to getAllKeyMappings$patchouli_$md$ac0249$0 in patchouli_xplat.mixins.json:client.AccessorKeyMapping from mod patchouli
[26Sep2026 23:24:15.611] [Render thread/INFO] [net.minecraft.client.Minecraft/]: Backend library: LWJGL version 3.3.3+5
[26Sep2026 23:24:15.795] [Render thread/DEBUG] [net.neoforged.fml.ModWorkManager/LOADING]: Using 16 threads for parallel mod-loading
[26Sep2026 23:24:15.816] [Render thread/DEBUG] [net.neoforged.fml.javafmlmod.FMLModContainer/LOADING]: Creating FMLModContainer instance for [com.buuz135.industrial.IndustrialForegoing]
[26Sep2026 23:24:15.823] [Render thread/DEBUG] [net.neoforged.fml.javafmlmod.FMLModContainer/LOADING]: Creating FMLModContainer instance for [io.gitlab.nyg2.industrial_forogoing_souls_addon.Industrial_forogoing_souls_addon]
[26Sep2026 23:24:15.825] [Render thread/DEBUG] [net.neoforged.fml.javafmlmod.FMLModContainer/LOADING]: Creating FMLModContainer instance for [com.hrznstudio.titanium.Titanium, com.hrznstudio.titanium.TitaniumClient]
[26Sep2026 23:24:15.826] [Render thread/DEBUG] [net.neoforged.fml.javafmlmod.FMLModContainer/LOADING]: Creating FMLModContainer instance for [snownee.jade.util.CommonProxy]
[26Sep2026 23:24:15.829] [Render thread/DEBUG] [net.neoforged.fml.javafmlmod.FMLModContainer/LOADING]: Creating FMLModContainer instance for [dev.architectury.neoforge.ArchitecturyNeoForge]
[26Sep2026 23:24:15.830] [Render thread/DEBUG] [net.neoforged.fml.javafmlmod.FMLModContainer/LOADING]: Creating FMLModContainer instance for [dev.ftb.mods.ftblibrary.neoforge.FTBLibraryNeoForge]
[26Sep2026 23:24:15.830] [Render thread/DEBUG] [net.neoforged.fml.javafmlmod.FMLModContainer/LOADING]: Creating FMLModContainer instance for [mezz.jei.neoforge.JustEnoughItems]
[26Sep2026 23:24:15.831] [Render thread/DEBUG] [net.neoforged.fml.javafmlmod.FMLModContainer/LOADING]: Creating FMLModContainer instance for [com.enderio.modded_conduits.common.ModdedConduits, com.enderio.modded_conduits.client.ModdedConduitsClient]
[26Sep2026 23:24:15.832] [Render thread/DEBUG] [net.neoforged.fml.javafmlmod.FMLModContainer/LOADING]: Creating FMLModContainer instance for [dev.ftb.mods.ftbteams.neoforge.FTBTeamsNeoForge]
[26Sep2026 23:24:15.833] [Render thread/DEBUG] [net.neoforged.fml.javafmlmod.FMLModContainer/LOADING]: Creating FMLModContainer instance for [mekanism.common.Mekanism, mekanism.client.MekanismClient]
[26Sep2026 23:24:15.836] [Render thread/DEBUG] [net.neoforged.fml.javafmlmod.FMLModContainer/LOADING]: Creating FMLModContainer instance for [dev.ftb.mods.ftbchunks.neoforge.FTBChunksForge]
[26Sep2026 23:24:15.836] [Render thread/DEBUG] [net.neoforged.fml.javafmlmod.FMLModContainer/LOADING]: Creating FMLModContainer instance for [com.enderio.enderio.datagen.EnderIODataGen, com.enderio.enderio.EnderIO, com.enderio.enderio.client.EnderIOClient]
[26Sep2026 23:24:15.842] [Render thread/DEBUG] [net.neoforged.fml.javafmlmod.FMLModContainer/LOADING]: Creating FMLModContainer instance for [top.theillusivec4.curios.Curios]
[26Sep2026 23:24:15.844] [Render thread/DEBUG] [net.neoforged.fml.javafmlmod.FMLModContainer/LOADING]: Creating FMLModContainer instance for [vazkii.patchouli.neoforge.common.NeoForgeModInitializer]
[26Sep2026 23:24:15.845] [Render thread/DEBUG] [net.neoforged.fml.javafmlmod.FMLModContainer/LOADING]: Creating FMLModContainer instance for [com.enderio.core.EnderCore]
[26Sep2026 23:24:15.846] [Render thread/DEBUG] [net.neoforged.fml.javafmlmod.FMLModContainer/LOADING]: Creating FMLModContainer instance for [net.neoforged.neoforge.common.NeoForgeMod, net.neoforged.neoforge.client.ClientNeoForgeMod]
[26Sep2026 23:24:15.859] [modloading-worker-0/DEBUG] [net.neoforged.fml.javafmlmod.AutomaticEventSubscriber/LOADING]: Attempting to inject @EventBusSubscriber classes into the eventbus for endercore
[26Sep2026 23:24:15.864] [modloading-worker-0/DEBUG] [net.neoforged.fml.javafmlmod.AutomaticEventSubscriber/LOADING]: Scanning class com.enderio.core.common.network.CoreNetwork for @SubscribeEvent-annotated methods
[26Sep2026 23:24:15.867] [modloading-worker-0/DEBUG] [net.neoforged.fml.javafmlmod.AutomaticEventSubscriber/]: Subscribing @EventBusSubscriber class Lcom/enderio/core/common/network/CoreNetwork; to the mod event bus of mod endercore
[26Sep2026 23:24:15.880] [modloading-worker-0/DEBUG] [net.neoforged.fml.javafmlmod.AutomaticEventSubscriber/LOADING]: Scanning class com.enderio.core.client.ClientModEvents for @SubscribeEvent-annotated methods
[26Sep2026 23:24:15.882] [modloading-worker-0/DEBUG] [net.neoforged.fml.javafmlmod.AutomaticEventSubscriber/]: Subscribing @EventBusSubscriber class Lcom/enderio/core/client/ClientModEvents; to the mod event bus of mod endercore
[26Sep2026 23:24:15.888] [modloading-worker-0/INFO] [PluginManager/]: Scanning classes for industrialforegoing
[26Sep2026 23:24:15.888] [modloading-worker-0/INFO] [PluginManager/]: Scanning classes for titanium
[26Sep2026 23:24:15.896] [modloading-worker-0/INFO] [PluginManager/]: Found FeaturePluginInstance for class FTBChunksPlugin for plugin ftbchunks
[26Sep2026 23:24:15.897] [modloading-worker-0/INFO] [PluginManager/]: Found FeaturePluginInstance for class PatchouliPlugin for plugin patchouli
[26Sep2026 23:24:15.897] [modloading-worker-0/INFO] [PluginManager/]: Found FeaturePluginInstance for class CuriosPlugin for plugin curios
[26Sep2026 23:24:15.897] [modloading-worker-0/INFO] [PluginManager/]: Constructed class FTBChunksPlugin for plugin ftbchunks for mod industrialforegoing
[26Sep2026 23:24:15.897] [modloading-worker-0/INFO] [PluginManager/]: Constructed class PatchouliPlugin for plugin patchouli for mod industrialforegoing
[26Sep2026 23:24:15.897] [modloading-worker-0/INFO] [PluginManager/]: Constructed class CuriosPlugin for plugin curios for mod industrialforegoing
[26Sep2026 23:24:15.897] [modloading-worker-0/INFO] [PluginManager/]: Executing phase CONSTRUCTION for plugin class FTBChunksPlugin
[26Sep2026 23:24:15.901] [modloading-worker-0/INFO] [PluginManager/]: Executing phase CONSTRUCTION for plugin class PatchouliPlugin
[26Sep2026 23:24:15.907] [modloading-worker-0/DEBUG] [net.neoforged.fml.config.ConfigTracker/CONFIG]: Config file enderio/base-common.toml for enderio tracking
[26Sep2026 23:24:15.907] [modloading-worker-0/DEBUG] [net.neoforged.fml.config.ConfigTracker/CONFIG]: Config file enderio/modded-conduits-common.toml for enderio_modded_conduits tracking
[26Sep2026 23:24:15.907] [modloading-worker-0/DEBUG] [net.neoforged.fml.config.ConfigTracker/CONFIG]: Config file jei-server.toml for jei tracking
[26Sep2026 23:24:15.907] [modloading-worker-0/DEBUG] [net.neoforged.fml.config.ConfigTracker/CONFIG]: Config file curios-client.toml for curios tracking
[26Sep2026 23:24:15.907] [modloading-worker-0/DEBUG] [net.neoforged.fml.config.ConfigTracker/CONFIG]: Config file patchouli-client.toml for patchouli tracking
[26Sep2026 23:24:15.907] [modloading-worker-0/DEBUG] [net.neoforged.fml.config.ConfigTracker/CONFIG]: Config file enderio/base-client.toml for enderio tracking
[26Sep2026 23:24:15.910] [modloading-worker-0/DEBUG] [net.neoforged.fml.config.ConfigTracker/CONFIG]: Config file industrial_forogoing_souls_addon-common.toml for industrial_forogoing_souls_addon tracking
[26Sep2026 23:24:15.910] [modloading-worker-0/DEBUG] [net.neoforged.fml.javafmlmod.AutomaticEventSubscriber/LOADING]: Attempting to inject @EventBusSubscriber classes into the eventbus for industrial_forogoing_souls_addon
[26Sep2026 23:24:15.910] [modloading-worker-0/DEBUG] [net.neoforged.fml.javafmlmod.AutomaticEventSubscriber/LOADING]: Scanning class io.gitlab.nyg2.industrial_forogoing_souls_addon.Config for @SubscribeEvent-annotated methods
[26Sep2026 23:24:15.910] [modloading-worker-0/DEBUG] [net.neoforged.fml.javafmlmod.AutomaticEventSubscriber/]: Subscribing @EventBusSubscriber class Lio/gitlab/nyg2/industrial_forogoing_souls_addon/Config; to the mod event bus of mod industrial_forogoing_souls_addon
[26Sep2026 23:24:15.911] [modloading-worker-0/DEBUG] [net.neoforged.fml.javafmlmod.AutomaticEventSubscriber/LOADING]: Scanning class io.gitlab.nyg2.industrial_forogoing_souls_addon.datageneratic.SoulDataMapProvider for @SubscribeEvent-annotated methods
[26Sep2026 23:24:15.911] [modloading-worker-0/INFO] [PluginManager/]: Executing phase CONSTRUCTION for plugin class CuriosPlugin
[26Sep2026 23:24:15.914] [modloading-worker-0/DEBUG] [net.neoforged.fml.javafmlmod.AutomaticEventSubscriber/LOADING]: Attempting to inject @EventBusSubscriber classes into the eventbus for patchouli
[26Sep2026 23:24:15.914] [modloading-worker-0/DEBUG] [net.neoforged.fml.javafmlmod.AutomaticEventSubscriber/LOADING]: Scanning class vazkii.patchouli.neoforge.client.NeoForgeClientInitializer for @SubscribeEvent-annotated methods
[26Sep2026 23:24:15.914] [modloading-worker-0/DEBUG] [net.neoforged.fml.config.ConfigTracker/CONFIG]: Config file curios-common.toml for curios tracking
[26Sep2026 23:24:15.914] [modloading-worker-0/DEBUG] [net.neoforged.fml.config.ConfigTracker/CONFIG]: Config file curios-server.toml for curios tracking
[26Sep2026 23:24:15.914] [modloading-worker-0/DEBUG] [net.neoforged.fml.javafmlmod.AutomaticEventSubscriber/LOADING]: Attempting to inject @EventBusSubscriber classes into the eventbus for curios
[26Sep2026 23:24:15.914] [modloading-worker-0/DEBUG] [net.neoforged.fml.javafmlmod.AutomaticEventSubscriber/LOADING]: Scanning class top.theillusivec4.curios.Curios$ClientProxy for @SubscribeEvent-annotated methods
[26Sep2026 23:24:15.917] [modloading-worker-0/DEBUG] [net.neoforged.neoforge.internal.versions.neoforge.NeoForgeVersion/CORE]: Found NeoForge version 21.1.251
[26Sep2026 23:24:15.917] [modloading-worker-0/DEBUG] [net.neoforged.neoforge.internal.versions.neoforge.NeoForgeVersion/CORE]: Found FML version 4.0.44
[26Sep2026 23:24:15.917] [modloading-worker-0/INFO] [net.neoforged.neoforge.common.NeoForgeMod/NEOFORGE-MOD]: NeoForge mod loading, version 21.1.251, for MC 1.21.1
[26Sep2026 23:24:15.919] [modloading-worker-0/DEBUG] [net.neoforged.fml.javafmlmod.AutomaticEventSubscriber/]: Subscribing @EventBusSubscriber class Lio/gitlab/nyg2/industrial_forogoing_souls_addon/datageneratic/SoulDataMapProvider; to the mod event bus of mod industrial_forogoing_souls_addon
[26Sep2026 23:24:15.920] [modloading-worker-0/INFO] [PluginManager/]: Executing phase PRE_INIT for plugin class FTBChunksPlugin
[26Sep2026 23:24:15.920] [modloading-worker-0/INFO] [PluginManager/]: Executing phase PRE_INIT for plugin class PatchouliPlugin
[26Sep2026 23:24:15.920] [modloading-worker-0/INFO] [PluginManager/]: Executing phase PRE_INIT for plugin class CuriosPlugin
[26Sep2026 23:24:15.920] [modloading-worker-0/DEBUG] [net.neoforged.fml.config.ConfigTracker/CONFIG]: Config file enderio/machines-common.toml for enderio tracking
[26Sep2026 23:24:15.920] [modloading-worker-0/DEBUG] [net.neoforged.fml.config.ConfigTracker/CONFIG]: Config file enderio/machines-client.toml for enderio tracking
[26Sep2026 23:24:15.923] [modloading-worker-0/DEBUG] [net.neoforged.fml.javafmlmod.AutomaticEventSubscriber/LOADING]: Scanning class io.gitlab.nyg2.industrial_forogoing_souls_addon.datageneratic.SoulDataMaps for @SubscribeEvent-annotated methods
[26Sep2026 23:24:15.923] [modloading-worker-0/DEBUG] [net.neoforged.fml.config.ConfigTracker/CONFIG]: Config file enderio/conduits-common.toml for enderio tracking
[26Sep2026 23:24:15.924] [modloading-worker-0/DEBUG] [net.neoforged.fml.javafmlmod.AutomaticEventSubscriber/]: Subscribing @EventBusSubscriber class Ltop/theillusivec4/curios/Curios$ClientProxy; to the mod event bus of mod curios
[26Sep2026 23:24:15.924] [modloading-worker-0/DEBUG] [net.neoforged.fml.javafmlmod.AutomaticEventSubscriber/LOADING]: Attempting to inject @EventBusSubscriber classes into the eventbus for jade
[26Sep2026 23:24:15.930] [modloading-worker-0/DEBUG] [net.neoforged.fml.javafmlmod.AutomaticEventSubscriber/]: Subscribing @EventBusSubscriber class Lvazkii/patchouli/neoforge/client/NeoForgeClientInitializer; to the mod event bus of mod patchouli
[26Sep2026 23:24:15.931] [modloading-worker-0/DEBUG] [net.neoforged.fml.javafmlmod.AutomaticEventSubscriber/]: Subscribing @EventBusSubscriber class Lio/gitlab/nyg2/industrial_forogoing_souls_addon/datageneratic/SoulDataMaps; to the mod event bus of mod industrial_forogoing_souls_addon
[26Sep2026 23:24:15.932] [modloading-worker-0/DEBUG] [net.neoforged.fml.javafmlmod.AutomaticEventSubscriber/LOADING]: Scanning class io.gitlab.nyg2.industrial_forogoing_souls_addon.Industrial_forogoing_souls_addon$ClientModEvents for @SubscribeEvent-annotated methods
[26Sep2026 23:24:15.933] [modloading-worker-0/DEBUG] [net.neoforged.fml.javafmlmod.AutomaticEventSubscriber/LOADING]: Scanning class vazkii.patchouli.neoforge.common.NeoForgeModInitializer for @SubscribeEvent-annotated methods
[26Sep2026 23:24:15.934] [modloading-worker-0/DEBUG] [net.neoforged.fml.javafmlmod.AutomaticEventSubscriber/]: Subscribing @EventBusSubscriber class Lio/gitlab/nyg2/industrial_forogoing_souls_addon/Industrial_forogoing_souls_addon$ClientModEvents; to the mod event bus of mod industrial_forogoing_souls_addon
[26Sep2026 23:24:15.934] [modloading-worker-0/DEBUG] [net.neoforged.fml.javafmlmod.AutomaticEventSubscriber/]: Subscribing @EventBusSubscriber class Lvazkii/patchouli/neoforge/common/NeoForgeModInitializer; to the mod event bus of mod patchouli
[26Sep2026 23:24:15.934] [modloading-worker-0/DEBUG] [net.neoforged.fml.javafmlmod.AutomaticEventSubscriber/LOADING]: Scanning class io.gitlab.nyg2.industrial_forogoing_souls_addon.register.key.SoulRegistries for @SubscribeEvent-annotated methods
[26Sep2026 23:24:15.934] [modloading-worker-0/DEBUG] [net.neoforged.fml.javafmlmod.AutomaticEventSubscriber/]: Subscribing @EventBusSubscriber class Lio/gitlab/nyg2/industrial_forogoing_souls_addon/register/key/SoulRegistries; to the mod event bus of mod industrial_forogoing_souls_addon
[26Sep2026 23:24:15.936] [modloading-worker-0/DEBUG] [net.neoforged.fml.javafmlmod.AutomaticEventSubscriber/LOADING]: Scanning class io.gitlab.nyg2.industrial_forogoing_souls_addon.register.SoulsCapabilities for @SubscribeEvent-annotated methods
[26Sep2026 23:24:15.938] [modloading-worker-0/DEBUG] [net.neoforged.fml.config.ConfigTracker/CONFIG]: Config file neoforge-client.toml for neoforge tracking
[26Sep2026 23:24:15.939] [modloading-worker-0/DEBUG] [net.neoforged.fml.config.ConfigTracker/CONFIG]: Config file neoforge-server.toml for neoforge tracking
[26Sep2026 23:24:15.939] [modloading-worker-0/DEBUG] [net.neoforged.fml.config.ConfigTracker/CONFIG]: Config file neoforge-common.toml for neoforge tracking
[26Sep2026 23:24:15.958] [modloading-worker-0/DEBUG] [net.neoforged.fml.javafmlmod.AutomaticEventSubscriber/]: Subscribing @EventBusSubscriber class Lio/gitlab/nyg2/industrial_forogoing_souls_addon/register/SoulsCapabilities; to the mod event bus of mod industrial_forogoing_souls_addon
[26Sep2026 23:24:15.959] [modloading-worker-0/DEBUG] [net.neoforged.fml.javafmlmod.AutomaticEventSubscriber/LOADING]: Scanning class io.gitlab.nyg2.industrial_forogoing_souls_addon.SoulCollectionHandler for @SubscribeEvent-annotated methods
[26Sep2026 23:24:15.960] [modloading-worker-0/DEBUG] [net.neoforged.fml.javafmlmod.AutomaticEventSubscriber/]: Subscribing @EventBusSubscriber class Lio/gitlab/nyg2/industrial_forogoing_souls_addon/SoulCollectionHandler; to the game event bus
[26Sep2026 23:24:15.967] [modloading-worker-0/DEBUG] [mezz.jei.common.platform.Services/]: Loaded mezz.jei.neoforge.platform.PlatformHelper@469b0a0e for service interface mezz.jei.common.platform.IPlatformHelper
[26Sep2026 23:24:15.967] [modloading-worker-0/DEBUG] [net.neoforged.fml.javafmlmod.AutomaticEventSubscriber/LOADING]: Attempting to inject @EventBusSubscriber classes into the eventbus for enderio_modded_conduits
[26Sep2026 23:24:15.967] [modloading-worker-0/DEBUG] [net.neoforged.fml.javafmlmod.AutomaticEventSubscriber/LOADING]: Scanning class com.enderio.modded_conduits.common.ModdedConduits for @SubscribeEvent-annotated methods
[26Sep2026 23:24:15.968] [modloading-worker-0/DEBUG] [net.neoforged.fml.javafmlmod.AutomaticEventSubscriber/]: Subscribing @EventBusSubscriber class Lcom/enderio/modded_conduits/common/ModdedConduits; to the mod event bus of mod enderio_modded_conduits
[26Sep2026 23:24:16.012] [modloading-worker-0/DEBUG] [net.neoforged.fml.config.ConfigTracker/CONFIG]: Config file titanium/titanium.toml for titanium tracking
[26Sep2026 23:24:16.041] [modloading-worker-0/DEBUG] [net.neoforged.fml.javafmlmod.AutomaticEventSubscriber/LOADING]: Attempting to inject @EventBusSubscriber classes into the eventbus for architectury
[26Sep2026 23:24:16.049] [modloading-worker-0/DEBUG] [net.neoforged.fml.javafmlmod.AutomaticEventSubscriber/LOADING]: Attempting to inject @EventBusSubscriber classes into the eventbus for neoforge
[26Sep2026 23:24:16.050] [modloading-worker-0/DEBUG] [net.neoforged.fml.javafmlmod.AutomaticEventSubscriber/LOADING]: Scanning class net.neoforged.neoforge.server.command.ConfigCommand for @SubscribeEvent-annotated methods
[26Sep2026 23:24:16.051] [modloading-worker-0/DEBUG] [net.neoforged.fml.javafmlmod.AutomaticEventSubscriber/]: Subscribing @EventBusSubscriber class Lnet/neoforged/neoforge/server/command/ConfigCommand; to the game event bus
[26Sep2026 23:24:16.051] [modloading-worker-0/DEBUG] [net.neoforged.fml.javafmlmod.AutomaticEventSubscriber/LOADING]: Scanning class net.neoforged.neoforge.network.filters.GenericPacketSplitter for @SubscribeEvent-annotated methods
[26Sep2026 23:24:16.080] [modloading-worker-0/DEBUG] [net.neoforged.fml.config.ConfigTracker/CONFIG]: Loaded TOML config file C:\Users\stasm\IdeaProjects\Industrial Forogoing Souls Addon\run\config\titanium\titanium.toml
[26Sep2026 23:24:16.097] [modloading-worker-0/DEBUG] [net.neoforged.fml.config.ConfigTracker/CONFIG]: Watching TOML config file C:\Users\stasm\IdeaProjects\Industrial Forogoing Souls Addon\run\config\titanium\titanium.toml for changes
[26Sep2026 23:24:16.098] [modloading-worker-0/DEBUG] [net.neoforged.fml.config.ConfigTracker/CONFIG]: Config file titanium/titanium-tags.toml for titanium tracking
[26Sep2026 23:24:16.117] [modloading-worker-0/DEBUG] [net.neoforged.fml.javafmlmod.AutomaticEventSubscriber/LOADING]: Attempting to inject @EventBusSubscriber classes into the eventbus for titanium
[26Sep2026 23:24:16.140] [modloading-worker-0/DEBUG] [mezz.jei.common.config.file.ConfigSerializer/]: Loading config file: C:\Users\stasm\IdeaProjects\Industrial Forogoing Souls Addon\run\config\jei\jei-debug.ini
[26Sep2026 23:24:16.143] [modloading-worker-0/DEBUG] [io.netty.buffer.AbstractByteBuf/]: -Dio.netty.buffer.checkAccessible: true
[26Sep2026 23:24:16.143] [modloading-worker-0/DEBUG] [io.netty.buffer.AbstractByteBuf/]: -Dio.netty.buffer.checkBounds: true
[26Sep2026 23:24:16.143] [modloading-worker-0/DEBUG] [mezz.jei.common.config.file.ConfigSchema/]: Localization has not loaded yet, waiting to save the config file until JEI starts.
[26Sep2026 23:24:16.144] [modloading-worker-0/DEBUG] [io.netty.util.ResourceLeakDetectorFactory/]: Loaded default ResourceLeakDetector: io.netty.util.ResourceLeakDetector@510f7f54
[26Sep2026 23:24:16.148] [modloading-worker-0/DEBUG] [mezz.jei.common.config.file.ConfigSerializer/]: Loading config file: C:\Users\stasm\IdeaProjects\Industrial Forogoing Souls Addon\run\config\jei\jei-mod-id-format.ini
[26Sep2026 23:24:16.149] [modloading-worker-0/DEBUG] [mezz.jei.common.config.file.ConfigSchema/]: Localization has not loaded yet, waiting to save the config file until JEI starts.
[26Sep2026 23:24:16.158] [modloading-worker-0/DEBUG] [mezz.jei.common.config.file.ConfigSerializer/]: Loading config file: C:\Users\stasm\IdeaProjects\Industrial Forogoing Souls Addon\run\config\jei\jei-colors.ini
[26Sep2026 23:24:16.163] [modloading-worker-0/DEBUG] [mezz.jei.common.config.file.ConfigSchema/]: Localization has not loaded yet, waiting to save the config file until JEI starts.
[26Sep2026 23:24:16.171] [modloading-worker-0/DEBUG] [io.netty.util.internal.InternalThreadLocalMap/]: -Dio.netty.threadLocalMap.stringBuilder.initialSize: 1024
[26Sep2026 23:24:16.171] [modloading-worker-0/DEBUG] [io.netty.util.internal.InternalThreadLocalMap/]: -Dio.netty.threadLocalMap.stringBuilder.maxSize: 4096
[26Sep2026 23:24:16.195] [modloading-worker-0/DEBUG] [io.netty.buffer.PooledByteBufAllocator/]: -Dio.netty.allocator.numHeapArenas: 32
[26Sep2026 23:24:16.195] [modloading-worker-0/DEBUG] [io.netty.buffer.PooledByteBufAllocator/]: -Dio.netty.allocator.numDirectArenas: 32
[26Sep2026 23:24:16.195] [modloading-worker-0/DEBUG] [io.netty.buffer.PooledByteBufAllocator/]: -Dio.netty.allocator.pageSize: 8192
[26Sep2026 23:24:16.195] [modloading-worker-0/DEBUG] [io.netty.buffer.PooledByteBufAllocator/]: -Dio.netty.allocator.maxOrder: 9
[26Sep2026 23:24:16.195] [modloading-worker-0/DEBUG] [io.netty.buffer.PooledByteBufAllocator/]: -Dio.netty.allocator.chunkSize: 4194304
[26Sep2026 23:24:16.196] [modloading-worker-0/DEBUG] [io.netty.buffer.PooledByteBufAllocator/]: -Dio.netty.allocator.smallCacheSize: 256
[26Sep2026 23:24:16.196] [modloading-worker-0/DEBUG] [io.netty.buffer.PooledByteBufAllocator/]: -Dio.netty.allocator.normalCacheSize: 64
[26Sep2026 23:24:16.196] [modloading-worker-0/DEBUG] [io.netty.buffer.PooledByteBufAllocator/]: -Dio.netty.allocator.maxCachedBufferCapacity: 32768
[26Sep2026 23:24:16.196] [modloading-worker-0/DEBUG] [io.netty.buffer.PooledByteBufAllocator/]: -Dio.netty.allocator.cacheTrimInterval: 8192
[26Sep2026 23:24:16.196] [modloading-worker-0/DEBUG] [io.netty.buffer.PooledByteBufAllocator/]: -Dio.netty.allocator.cacheTrimIntervalMillis: 0
[26Sep2026 23:24:16.196] [modloading-worker-0/DEBUG] [io.netty.buffer.PooledByteBufAllocator/]: -Dio.netty.allocator.useCacheForAllThreads: false
[26Sep2026 23:24:16.196] [modloading-worker-0/DEBUG] [io.netty.buffer.PooledByteBufAllocator/]: -Dio.netty.allocator.maxCachedByteBuffersPerChunk: 1023
[26Sep2026 23:24:16.202] [modloading-worker-0/DEBUG] [mezz.jei.common.config.file.ConfigSerializer/]: Loading config file: C:\Users\stasm\IdeaProjects\Industrial Forogoing Souls Addon\run\config\jei\jei-client.ini
[26Sep2026 23:24:16.204] [modloading-worker-0/DEBUG] [mezz.jei.common.config.file.ConfigSchema/]: Localization has not loaded yet, waiting to save the config file until JEI starts.
[26Sep2026 23:24:16.216] [modloading-worker-0/INFO] [mezz.jei.library.load.PluginCaller/]: Sending ConfigManager...
[26Sep2026 23:24:16.217] [modloading-worker-0/INFO] [PluginManager/]: Executing phase INIT for plugin class FTBChunksPlugin
[26Sep2026 23:24:16.218] [modloading-worker-0/INFO] [PluginManager/]: Executing phase INIT for plugin class PatchouliPlugin
[26Sep2026 23:24:16.218] [modloading-worker-0/INFO] [PluginManager/]: Executing phase INIT for plugin class CuriosPlugin
[26Sep2026 23:24:16.220] [modloading-worker-0/DEBUG] [mezz.jei.library.load.PluginCallerTimerRunnable/]: Sending ConfigManager: jei:minecraft...
[26Sep2026 23:24:16.220] [modloading-worker-0/DEBUG] [mezz.jei.library.load.PluginCallerTimerRunnable/]: Sending ConfigManager: industrialforegoing:default...
[26Sep2026 23:24:16.220] [modloading-worker-0/DEBUG] [mezz.jei.library.load.PluginCallerTimerRunnable/]: Sending ConfigManager: titanium:default...
[26Sep2026 23:24:16.220] [modloading-worker-0/DEBUG] [mezz.jei.library.load.PluginCallerTimerRunnable/]: Sending ConfigManager: jade:main...
[26Sep2026 23:24:16.220] [modloading-worker-0/DEBUG] [mezz.jei.library.load.PluginCallerTimerRunnable/]: Sending ConfigManager: ftblibrary:jei...
[26Sep2026 23:24:16.220] [modloading-worker-0/DEBUG] [mezz.jei.library.load.PluginCallerTimerRunnable/]: Sending ConfigManager: jei:neoforge_gui...
[26Sep2026 23:24:16.220] [modloading-worker-0/DEBUG] [mezz.jei.library.load.PluginCallerTimerRunnable/]: Sending ConfigManager: jei:debug...
[26Sep2026 23:24:16.220] [modloading-worker-0/DEBUG] [mezz.jei.library.load.PluginCallerTimerRunnable/]: Sending ConfigManager: jei:gui...
[26Sep2026 23:24:16.220] [modloading-worker-0/DEBUG] [mezz.jei.library.load.PluginCallerTimerRunnable/]: Sending ConfigManager: mekanism:jei_plugin...
[26Sep2026 23:24:16.220] [modloading-worker-0/DEBUG] [mezz.jei.library.load.PluginCallerTimerRunnable/]: Sending ConfigManager: enderio:machines...
[26Sep2026 23:24:16.220] [modloading-worker-0/DEBUG] [mezz.jei.library.load.PluginCallerTimerRunnable/]: Sending ConfigManager: enderio:base...
[26Sep2026 23:24:16.220] [modloading-worker-0/DEBUG] [mezz.jei.library.load.PluginCallerTimerRunnable/]: Sending ConfigManager: curios:curios...
[26Sep2026 23:24:16.220] [modloading-worker-0/DEBUG] [mezz.jei.library.load.PluginCallerTimerRunnable/]: Sending ConfigManager: patchouli:patchouli...
[26Sep2026 23:24:16.220] [modloading-worker-0/DEBUG] [mezz.jei.library.load.PluginCallerTimerRunnable/]: Sending ConfigManager: jei:internal...
[26Sep2026 23:24:16.224] [modloading-worker-0/DEBUG] [io.netty.buffer.ByteBufUtil/]: -Dio.netty.allocator.type: pooled
[26Sep2026 23:24:16.224] [modloading-worker-0/DEBUG] [io.netty.buffer.ByteBufUtil/]: -Dio.netty.threadLocalDirectBufferSize: 0
[26Sep2026 23:24:16.225] [modloading-worker-0/DEBUG] [io.netty.buffer.ByteBufUtil/]: -Dio.netty.maxThreadLocalCharBufferSize: 16384
[26Sep2026 23:24:16.226] [modloading-worker-0/INFO] [mezz.jei.library.load.PluginCaller/]: Sending ConfigManager took 4.719 ms
[26Sep2026 23:24:16.237] [modloading-worker-0/DEBUG] [net.neoforged.fml.javafmlmod.AutomaticEventSubscriber/LOADING]: Attempting to inject @EventBusSubscriber classes into the eventbus for jei
[26Sep2026 23:24:16.243] [modloading-worker-0/DEBUG] [net.neoforged.fml.javafmlmod.AutomaticEventSubscriber/]: Subscribing @EventBusSubscriber class Lnet/neoforged/neoforge/network/filters/GenericPacketSplitter; to the mod event bus of mod neoforge
[26Sep2026 23:24:16.259] [modloading-worker-0/DEBUG] [net.neoforged.fml.javafmlmod.AutomaticEventSubscriber/LOADING]: Attempting to inject @EventBusSubscriber classes into the eventbus for ftblibrary
[26Sep2026 23:24:16.260] [modloading-worker-0/DEBUG] [net.neoforged.fml.javafmlmod.AutomaticEventSubscriber/LOADING]: Scanning class net.neoforged.neoforge.network.NetworkInitialization for @SubscribeEvent-annotated methods
[26Sep2026 23:24:16.260] [modloading-worker-0/DEBUG] [net.neoforged.fml.javafmlmod.AutomaticEventSubscriber/]: Subscribing @EventBusSubscriber class Lnet/neoforged/neoforge/network/NetworkInitialization; to the mod event bus of mod neoforge
[26Sep2026 23:24:16.261] [modloading-worker-0/DEBUG] [net.neoforged.fml.javafmlmod.AutomaticEventSubscriber/LOADING]: Scanning class net.neoforged.neoforge.network.ConfigurationInitialization for @SubscribeEvent-annotated methods
[26Sep2026 23:24:16.264] [modloading-worker-0/DEBUG] [net.neoforged.fml.javafmlmod.AutomaticEventSubscriber/]: Subscribing @EventBusSubscriber class Lnet/neoforged/neoforge/network/ConfigurationInitialization; to the mod event bus of mod neoforge
[26Sep2026 23:24:16.264] [modloading-worker-0/DEBUG] [net.neoforged.fml.javafmlmod.AutomaticEventSubscriber/LOADING]: Scanning class net.neoforged.neoforge.common.MonsterRoomHooks for @SubscribeEvent-annotated methods
[26Sep2026 23:24:16.265] [modloading-worker-0/DEBUG] [net.neoforged.fml.javafmlmod.AutomaticEventSubscriber/]: Subscribing @EventBusSubscriber class Lnet/neoforged/neoforge/common/MonsterRoomHooks; to the game event bus
[26Sep2026 23:24:16.266] [modloading-worker-0/DEBUG] [net.neoforged.fml.javafmlmod.AutomaticEventSubscriber/LOADING]: Scanning class net.neoforged.neoforge.common.DeferredSpawnEggItem$CommonHandler for @SubscribeEvent-annotated methods
[26Sep2026 23:24:16.266] [modloading-worker-0/DEBUG] [net.neoforged.fml.config.ConfigTracker/CONFIG]: Config file industrialforegoing/machine-misc.toml for industrialforegoing tracking
[26Sep2026 23:24:16.267] [modloading-worker-0/DEBUG] [net.neoforged.fml.javafmlmod.AutomaticEventSubscriber/]: Subscribing @EventBusSubscriber class Lnet/neoforged/neoforge/common/DeferredSpawnEggItem$CommonHandler; to the mod event bus of mod neoforge
[26Sep2026 23:24:16.267] [modloading-worker-0/DEBUG] [net.neoforged.fml.javafmlmod.AutomaticEventSubscriber/LOADING]: Scanning class net.neoforged.neoforge.common.DeferredSpawnEggItem$ColorRegisterHandler for @SubscribeEvent-annotated methods
[26Sep2026 23:24:16.268] [modloading-worker-0/DEBUG] [net.neoforged.fml.javafmlmod.AutomaticEventSubscriber/]: Subscribing @EventBusSubscriber class Lnet/neoforged/neoforge/common/DeferredSpawnEggItem$ColorRegisterHandler; to the mod event bus of mod neoforge
[26Sep2026 23:24:16.269] [modloading-worker-0/DEBUG] [net.neoforged.fml.javafmlmod.AutomaticEventSubscriber/LOADING]: Scanning class net.neoforged.neoforge.client.model.data.ModelDataManager for @SubscribeEvent-annotated methods
[26Sep2026 23:24:16.270] [modloading-worker-0/DEBUG] [net.neoforged.fml.config.ConfigTracker/CONFIG]: Config file industrialforegoing/machine-core.toml for industrialforegoing tracking
[26Sep2026 23:24:16.272] [modloading-worker-0/DEBUG] [net.neoforged.fml.javafmlmod.AutomaticEventSubscriber/]: Subscribing @EventBusSubscriber class Lnet/neoforged/neoforge/client/model/data/ModelDataManager; to the game event bus
[26Sep2026 23:24:16.273] [modloading-worker-0/DEBUG] [net.neoforged.fml.javafmlmod.AutomaticEventSubscriber/LOADING]: Scanning class net.neoforged.neoforge.client.ParticleBoundsDebugRenderer for @SubscribeEvent-annotated methods
[26Sep2026 23:24:16.278] [modloading-worker-0/DEBUG] [net.neoforged.fml.javafmlmod.AutomaticEventSubscriber/]: Subscribing @EventBusSubscriber class Lnet/neoforged/neoforge/client/ParticleBoundsDebugRenderer; to the game event bus
[26Sep2026 23:24:16.279] [modloading-worker-0/DEBUG] [net.neoforged.fml.javafmlmod.AutomaticEventSubscriber/LOADING]: Scanning class net.neoforged.neoforge.client.ClientHooks$ClientEvents for @SubscribeEvent-annotated methods
[26Sep2026 23:24:16.283] [modloading-worker-0/DEBUG] [net.neoforged.fml.javafmlmod.AutomaticEventSubscriber/]: Subscribing @EventBusSubscriber class Lnet/neoforged/neoforge/client/ClientHooks$ClientEvents; to the mod event bus of mod neoforge
[26Sep2026 23:24:16.284] [modloading-worker-0/DEBUG] [net.neoforged.fml.javafmlmod.AutomaticEventSubscriber/LOADING]: Scanning class net.neoforged.neoforge.client.BlockEntityRenderBoundsDebugRenderer for @SubscribeEvent-annotated methods
[26Sep2026 23:24:16.285] [modloading-worker-0/DEBUG] [net.neoforged.fml.javafmlmod.AutomaticEventSubscriber/]: Subscribing @EventBusSubscriber class Lnet/neoforged/neoforge/client/BlockEntityRenderBoundsDebugRenderer; to the game event bus
[26Sep2026 23:24:16.285] [modloading-worker-0/DEBUG] [net.neoforged.fml.javafmlmod.AutomaticEventSubscriber/LOADING]: Scanning class net.neoforged.neoforge.attachment.AttachmentSync for @SubscribeEvent-annotated methods
[26Sep2026 23:24:16.286] [modloading-worker-0/DEBUG] [net.neoforged.fml.config.ConfigTracker/CONFIG]: Config file industrialforegoing/machine-agriculture-husbandry.toml for industrialforegoing tracking
[26Sep2026 23:24:16.289] [modloading-worker-0/DEBUG] [net.neoforged.fml.javafmlmod.AutomaticEventSubscriber/]: Subscribing @EventBusSubscriber class Lnet/neoforged/neoforge/attachment/AttachmentSync; to the game event bus
[26Sep2026 23:24:16.289] [modloading-worker-0/DEBUG] [net.neoforged.fml.javafmlmod.AutomaticEventSubscriber/LOADING]: Scanning class net.neoforged.neoforge.attachment.AttachmentInternals for @SubscribeEvent-annotated methods
[26Sep2026 23:24:16.290] [modloading-worker-0/DEBUG] [net.neoforged.fml.javafmlmod.AutomaticEventSubscriber/]: Subscribing @EventBusSubscriber class Lnet/neoforged/neoforge/attachment/AttachmentInternals; to the game event bus
[26Sep2026 23:24:16.293] [modloading-worker-0/DEBUG] [net.neoforged.fml.config.ConfigTracker/CONFIG]: Config file Mekanism/client.toml for mekanism tracking
[26Sep2026 23:24:16.293] [modloading-worker-0/DEBUG] [net.neoforged.fml.config.ConfigTracker/CONFIG]: Config file Mekanism/common.toml for mekanism tracking
[26Sep2026 23:24:16.295] [modloading-worker-0/DEBUG] [net.neoforged.fml.config.ConfigTracker/CONFIG]: Config file Mekanism/general.toml for mekanism tracking
[26Sep2026 23:24:16.295] [modloading-worker-0/DEBUG] [net.neoforged.fml.config.ConfigTracker/CONFIG]: Config file Mekanism/gear.toml for mekanism tracking
[26Sep2026 23:24:16.296] [modloading-worker-0/DEBUG] [net.neoforged.fml.config.ConfigTracker/CONFIG]: Config file Mekanism/startup.toml for mekanism tracking
[26Sep2026 23:24:16.297] [modloading-worker-0/DEBUG] [net.neoforged.fml.config.ConfigTracker/CONFIG]: Loaded TOML config file C:\Users\stasm\IdeaProjects\Industrial Forogoing Souls Addon\run\config\Mekanism\startup.toml
[26Sep2026 23:24:16.298] [modloading-worker-0/DEBUG] [net.neoforged.fml.config.ConfigTracker/CONFIG]: Watching TOML config file C:\Users\stasm\IdeaProjects\Industrial Forogoing Souls Addon\run\config\Mekanism\startup.toml for changes
[26Sep2026 23:24:16.299] [modloading-worker-0/DEBUG] [net.neoforged.fml.config.ConfigTracker/CONFIG]: Config file Mekanism/machine-storage.toml for mekanism tracking
[26Sep2026 23:24:16.299] [modloading-worker-0/DEBUG] [net.neoforged.fml.config.ConfigTracker/CONFIG]: Config file Mekanism/tiers.toml for mekanism tracking
[26Sep2026 23:24:16.299] [modloading-worker-0/DEBUG] [net.neoforged.fml.config.ConfigTracker/CONFIG]: Config file Mekanism/machine-usage.toml for mekanism tracking
[26Sep2026 23:24:16.299] [modloading-worker-0/DEBUG] [net.neoforged.fml.config.ConfigTracker/CONFIG]: Config file Mekanism/world.toml for mekanism tracking
[26Sep2026 23:24:16.302] [modloading-worker-0/DEBUG] [net.neoforged.fml.config.ConfigTracker/CONFIG]: Config file industrialforegoing/machine-resource-production.toml for industrialforegoing tracking
[26Sep2026 23:24:16.304] [modloading-worker-0/DEBUG] [net.neoforged.fml.config.ConfigTracker/CONFIG]: Config file industrialforegoing/machine-generator.toml for industrialforegoing tracking
[26Sep2026 23:24:16.306] [modloading-worker-0/DEBUG] [net.neoforged.fml.config.ConfigTracker/CONFIG]: Config file industrialforegoing/client-config.toml for industrialforegoing tracking
[26Sep2026 23:24:16.306] [modloading-worker-0/INFO] [PluginManager/]: Executing phase POST_INIT for plugin class FTBChunksPlugin
[26Sep2026 23:24:16.306] [modloading-worker-0/INFO] [PluginManager/]: Executing phase POST_INIT for plugin class PatchouliPlugin
[26Sep2026 23:24:16.306] [modloading-worker-0/INFO] [PluginManager/]: Executing phase POST_INIT for plugin class CuriosPlugin
[26Sep2026 23:24:16.313] [modloading-worker-0/DEBUG] [mixin/]: Mixing GliderRotationMixin from enderio.mixins.json into net.minecraft.client.renderer.entity.LivingEntityRenderer
[26Sep2026 23:24:16.314] [modloading-worker-0/DEBUG] [mixin/]: enderio.mixins.json:GliderRotationMixin from mod enderio: Class version 65 required is higher than the class version supported by the current version of Mixin (JAVA_17 supports class version 61)
[26Sep2026 23:24:16.319] [modloading-worker-0/DEBUG] [mixin/]: enderio.mixins.json:GliderRotationMixin from mod enderio->@Inject::test(Lnet/minecraft/world/entity/LivingEntity;Lcom/mojang/blaze3d/vertex/PoseStack;FFFFLorg/spongepowered/asm/mixin/injection/callback/CallbackInfo;)V doesn't use it's CallbackInfo
[26Sep2026 23:24:16.319] [modloading-worker-0/DEBUG] [mixin/]: enderio.mixins.json:GliderRotationMixin from mod enderio->@Inject::test(Lnet/minecraft/world/entity/LivingEntity;Lcom/mojang/blaze3d/vertex/PoseStack;FFFFLorg/spongepowered/asm/mixin/injection/callback/CallbackInfo;)V has 0 override(s) in child classes
[26Sep2026 23:24:16.319] [modloading-worker-0/DEBUG] [mixin/]: enderio.mixins.json:GliderRotationMixin from mod enderio->@Inject::test(Lnet/minecraft/world/entity/LivingEntity;Lcom/mojang/blaze3d/vertex/PoseStack;FFFFLorg/spongepowered/asm/mixin/injection/callback/CallbackInfo;)V won't be passed a CallbackInfo as a result
[26Sep2026 23:24:16.329] [modloading-worker-0/DEBUG] [net.neoforged.fml.javafmlmod.AutomaticEventSubscriber/LOADING]: Attempting to inject @EventBusSubscriber classes into the eventbus for ftbteams
[26Sep2026 23:24:16.356] [modloading-worker-0/DEBUG] [net.neoforged.fml.javafmlmod.AutomaticEventSubscriber/LOADING]: Attempting to inject @EventBusSubscriber classes into the eventbus for industrialforegoing
[26Sep2026 23:24:16.357] [modloading-worker-0/DEBUG] [net.neoforged.fml.javafmlmod.AutomaticEventSubscriber/LOADING]: Scanning class com.buuz135.industrial.item.infinity.OneThreeFiveHandler for @SubscribeEvent-annotated methods
[26Sep2026 23:24:16.360] [modloading-worker-0/DEBUG] [net.neoforged.fml.javafmlmod.AutomaticEventSubscriber/]: Subscribing @EventBusSubscriber class Lcom/buuz135/industrial/item/infinity/OneThreeFiveHandler; to the game event bus
[26Sep2026 23:24:16.361] [modloading-worker-0/DEBUG] [net.neoforged.fml.javafmlmod.AutomaticEventSubscriber/LOADING]: Scanning class com.buuz135.industrial.proxy.client.ClientProxy for @SubscribeEvent-annotated methods
[26Sep2026 23:24:16.362] [modloading-worker-0/DEBUG] [net.neoforged.fml.javafmlmod.AutomaticEventSubscriber/]: Subscribing @EventBusSubscriber class Lcom/buuz135/industrial/proxy/client/ClientProxy; to the mod event bus of mod industrialforegoing
[26Sep2026 23:24:16.363] [modloading-worker-0/DEBUG] [net.neoforged.fml.javafmlmod.AutomaticEventSubscriber/LOADING]: Scanning class com.buuz135.industrial.proxy.event.CocoaBeanRightClickHarvesting for @SubscribeEvent-annotated methods
[26Sep2026 23:24:16.364] [modloading-worker-0/DEBUG] [net.neoforged.fml.javafmlmod.AutomaticEventSubscriber/]: Subscribing @EventBusSubscriber class Lcom/buuz135/industrial/proxy/event/CocoaBeanRightClickHarvesting; to the game event bus
[26Sep2026 23:24:16.444] [modloading-worker-0/DEBUG] [net.neoforged.fml.javafmlmod.AutomaticEventSubscriber/LOADING]: Attempting to inject @EventBusSubscriber classes into the eventbus for ftbchunks
[26Sep2026 23:24:16.491] [modloading-worker-0/DEBUG] [com.enderio.enderio.EnderIO/]: Activating mod integration for laserio
[26Sep2026 23:24:16.491] [modloading-worker-0/DEBUG] [com.enderio.enderio.EnderIO/]: Activating mod integration for inventorysorter
[26Sep2026 23:24:16.491] [modloading-worker-0/DEBUG] [com.enderio.enderio.EnderIO/]: Activating mod integration for computercraft
[26Sep2026 23:24:16.492] [modloading-worker-0/DEBUG] [com.enderio.enderio.EnderIO/]: Activating mod integration for ftbultimine
[26Sep2026 23:24:16.500] [modloading-worker-0/DEBUG] [net.neoforged.fml.javafmlmod.AutomaticEventSubscriber/LOADING]: Attempting to inject @EventBusSubscriber classes into the eventbus for enderio
[26Sep2026 23:24:16.501] [modloading-worker-0/DEBUG] [net.neoforged.fml.javafmlmod.AutomaticEventSubscriber/LOADING]: Scanning class com.enderio.enderio.AlphaWarning for @SubscribeEvent-annotated methods
[26Sep2026 23:24:16.501] [modloading-worker-0/DEBUG] [net.neoforged.fml.javafmlmod.AutomaticEventSubscriber/]: Subscribing @EventBusSubscriber class Lcom/enderio/enderio/AlphaWarning; to the game event bus
[26Sep2026 23:24:16.502] [modloading-worker-0/DEBUG] [net.neoforged.fml.javafmlmod.AutomaticEventSubscriber/LOADING]: Scanning class com.enderio.enderio.content.fire_crafting.FireCraftingManager for @SubscribeEvent-annotated methods
[26Sep2026 23:24:16.504] [modloading-worker-0/DEBUG] [net.neoforged.fml.javafmlmod.AutomaticEventSubscriber/]: Subscribing @EventBusSubscriber class Lcom/enderio/enderio/content/fire_crafting/FireCraftingManager; to the game event bus
[26Sep2026 23:24:16.506] [modloading-worker-0/DEBUG] [net.neoforged.fml.javafmlmod.AutomaticEventSubscriber/LOADING]: Scanning class com.enderio.enderio.content.machines.capacitor_bank.CapacitorBankBlock for @SubscribeEvent-annotated methods
[26Sep2026 23:24:16.507] [modloading-worker-0/DEBUG] [net.neoforged.fml.javafmlmod.AutomaticEventSubscriber/]: Subscribing @EventBusSubscriber class Lcom/enderio/enderio/content/machines/capacitor_bank/CapacitorBankBlock; to the game event bus
[26Sep2026 23:24:16.509] [modloading-worker-0/DEBUG] [net.neoforged.fml.javafmlmod.AutomaticEventSubscriber/LOADING]: Scanning class com.enderio.enderio.content.machines.slicer.SlicerRecipeManager for @SubscribeEvent-annotated methods
[26Sep2026 23:24:16.512] [modloading-worker-0/DEBUG] [mixin/]: Mixing RecipeManagerMixin from enderio.mixins.json into net.minecraft.world.item.crafting.RecipeManager
[26Sep2026 23:24:16.513] [modloading-worker-0/DEBUG] [mixin/]: enderio.mixins.json:RecipeManagerMixin from mod enderio: Class version 65 required is higher than the class version supported by the current version of Mixin (JAVA_17 supports class version 61)
[26Sep2026 23:24:16.514] [modloading-worker-0/DEBUG] [mixin/]: Renaming synthetic method lambda$collectRecipe$0(Lcom/google/common/collect/ImmutableMultimap$Builder;Lcom/google/common/collect/ImmutableMap$Builder;Lnet/minecraft/world/item/crafting/RecipeHolder;)V to mdac0249$enderio$lambda$collectRecipe$0$0 in enderio.mixins.json:RecipeManagerMixin from mod enderio
[26Sep2026 23:24:16.527] [modloading-worker-0/DEBUG] [mixin/]: enderio.mixins.json:RecipeManagerMixin from mod enderio->@Inject::collectRecipe(Lnet/minecraft/resources/ResourceLocation;Lcom/google/common/collect/ImmutableMultimap$Builder;Lcom/google/common/collect/ImmutableMap$Builder;Lnet/neoforged/neoforge/common/conditions/WithConditions;Lorg/spongepowered/asm/mixin/injection/callback/CallbackInfo;)V doesn't use it's CallbackInfo
[26Sep2026 23:24:16.530] [modloading-worker-0/DEBUG] [net.neoforged.fml.javafmlmod.AutomaticEventSubscriber/]: Subscribing @EventBusSubscriber class Lcom/enderio/enderio/content/machines/slicer/SlicerRecipeManager; to the game event bus
[26Sep2026 23:24:16.533] [modloading-worker-0/DEBUG] [net.neoforged.fml.javafmlmod.AutomaticEventSubscriber/LOADING]: Scanning class com.enderio.enderio.content.machines.obelisks.inhibitor.InhibitorObeliskManager for @SubscribeEvent-annotated methods
[26Sep2026 23:24:16.533] [modloading-worker-0/DEBUG] [net.neoforged.fml.javafmlmod.AutomaticEventSubscriber/]: Subscribing @EventBusSubscriber class Lcom/enderio/enderio/content/machines/obelisks/inhibitor/InhibitorObeliskManager; to the game event bus
[26Sep2026 23:24:16.534] [modloading-worker-0/DEBUG] [net.neoforged.fml.javafmlmod.AutomaticEventSubscriber/LOADING]: Scanning class com.enderio.enderio.content.machines.obelisks.relocator.RelocatorObeliskManager for @SubscribeEvent-annotated methods
[26Sep2026 23:24:16.534] [modloading-worker-0/DEBUG] [net.neoforged.fml.javafmlmod.AutomaticEventSubscriber/]: Subscribing @EventBusSubscriber class Lcom/enderio/enderio/content/machines/obelisks/relocator/RelocatorObeliskManager; to the game event bus
[26Sep2026 23:24:16.534] [modloading-worker-0/DEBUG] [net.neoforged.fml.javafmlmod.AutomaticEventSubscriber/LOADING]: Scanning class com.enderio.enderio.content.machines.obelisks.aversion.AversionObeliskManager for @SubscribeEvent-annotated methods
[26Sep2026 23:24:16.534] [modloading-worker-0/DEBUG] [net.neoforged.fml.javafmlmod.AutomaticEventSubscriber/]: Subscribing @EventBusSubscriber class Lcom/enderio/enderio/content/machines/obelisks/aversion/AversionObeliskManager; to the game event bus
[26Sep2026 23:24:16.535] [modloading-worker-0/DEBUG] [net.neoforged.fml.javafmlmod.AutomaticEventSubscriber/LOADING]: Scanning class com.enderio.enderio.content.machines.soul_engine.SoulEngineBlockEntity for @SubscribeEvent-annotated methods
[26Sep2026 23:24:16.544] [modloading-worker-0/DEBUG] [net.neoforged.fml.javafmlmod.AutomaticEventSubscriber/]: Subscribing @EventBusSubscriber class Lcom/enderio/enderio/content/machines/soul_engine/SoulEngineBlockEntity; to the game event bus
[26Sep2026 23:24:16.547] [modloading-worker-0/DEBUG] [net.neoforged.fml.javafmlmod.AutomaticEventSubscriber/LOADING]: Scanning class com.enderio.enderio.content.machines.powered_spawner.MobSpawnTask for @SubscribeEvent-annotated methods
[26Sep2026 23:24:16.548] [modloading-worker-0/DEBUG] [net.neoforged.fml.javafmlmod.AutomaticEventSubscriber/]: Subscribing @EventBusSubscriber class Lcom/enderio/enderio/content/machines/powered_spawner/MobSpawnTask; to the game event bus
[26Sep2026 23:24:16.549] [modloading-worker-0/DEBUG] [net.neoforged.fml.javafmlmod.AutomaticEventSubscriber/LOADING]: Scanning class com.enderio.enderio.content.decor.DarkSteelLadderHandler for @SubscribeEvent-annotated methods
[26Sep2026 23:24:16.549] [modloading-worker-0/DEBUG] [net.neoforged.fml.javafmlmod.AutomaticEventSubscriber/]: Subscribing @EventBusSubscriber class Lcom/enderio/enderio/content/decor/DarkSteelLadderHandler; to the game event bus
[26Sep2026 23:24:16.550] [modloading-worker-0/DEBUG] [net.neoforged.fml.javafmlmod.AutomaticEventSubscriber/LOADING]: Scanning class com.enderio.enderio.content.travel.TravelTargetSavedData for @SubscribeEvent-annotated methods
[26Sep2026 23:24:16.551] [modloading-worker-0/DEBUG] [net.neoforged.fml.javafmlmod.AutomaticEventSubscriber/]: Subscribing @EventBusSubscriber class Lcom/enderio/enderio/content/travel/TravelTargetSavedData; to the game event bus
[26Sep2026 23:24:16.552] [modloading-worker-0/DEBUG] [net.neoforged.fml.javafmlmod.AutomaticEventSubscriber/LOADING]: Scanning class com.enderio.enderio.content.conduits.bundle.ConduitSpectatorOpenScreenEvent for @SubscribeEvent-annotated methods
[26Sep2026 23:24:16.553] [modloading-worker-0/DEBUG] [net.neoforged.fml.javafmlmod.AutomaticEventSubscriber/]: Subscribing @EventBusSubscriber class Lcom/enderio/enderio/content/conduits/bundle/ConduitSpectatorOpenScreenEvent; to the game event bus
[26Sep2026 23:24:16.553] [modloading-worker-0/DEBUG] [net.neoforged.fml.javafmlmod.AutomaticEventSubscriber/LOADING]: Scanning class com.enderio.enderio.content.conduits.bundle.ConduitBundleBlock for @SubscribeEvent-annotated methods
[26Sep2026 23:24:16.553] [modloading-worker-0/DEBUG] [net.neoforged.fml.javafmlmod.AutomaticEventSubscriber/]: Subscribing @EventBusSubscriber class Lcom/enderio/enderio/content/conduits/bundle/ConduitBundleBlock; to the game event bus
[26Sep2026 23:24:16.554] [modloading-worker-0/DEBUG] [net.neoforged.fml.javafmlmod.AutomaticEventSubscriber/LOADING]: Scanning class com.enderio.enderio.content.conduits.ConduitSorter for @SubscribeEvent-annotated methods
[26Sep2026 23:24:16.554] [modloading-worker-0/DEBUG] [net.neoforged.fml.javafmlmod.AutomaticEventSubscriber/]: Subscribing @EventBusSubscriber class Lcom/enderio/enderio/content/conduits/ConduitSorter; to the game event bus
[26Sep2026 23:24:16.554] [modloading-worker-0/DEBUG] [net.neoforged.fml.javafmlmod.AutomaticEventSubscriber/LOADING]: Scanning class com.enderio.enderio.content.conduits.network.ConduitNetworkSavedData for @SubscribeEvent-annotated methods
[26Sep2026 23:24:16.577] [modloading-worker-0/DEBUG] [net.neoforged.fml.javafmlmod.AutomaticEventSubscriber/]: Subscribing @EventBusSubscriber class Lcom/enderio/enderio/content/conduits/network/ConduitNetworkSavedData; to the game event bus
[26Sep2026 23:24:16.577] [modloading-worker-0/DEBUG] [net.neoforged.fml.javafmlmod.AutomaticEventSubscriber/LOADING]: Scanning class com.enderio.enderio.content.tools.hang_glider.UseGliderAdvancementBenefit for @SubscribeEvent-annotated methods
[26Sep2026 23:24:16.578] [modloading-worker-0/DEBUG] [net.neoforged.fml.javafmlmod.AutomaticEventSubscriber/]: Subscribing @EventBusSubscriber class Lcom/enderio/enderio/content/tools/hang_glider/UseGliderAdvancementBenefit; to the game event bus
[26Sep2026 23:24:16.578] [modloading-worker-0/DEBUG] [net.neoforged.fml.javafmlmod.AutomaticEventSubscriber/LOADING]: Scanning class com.enderio.enderio.content.tools.hang_glider.PlayerMovementHandler for @SubscribeEvent-annotated methods
[26Sep2026 23:24:16.579] [modloading-worker-0/DEBUG] [net.neoforged.fml.javafmlmod.AutomaticEventSubscriber/]: Subscribing @EventBusSubscriber class Lcom/enderio/enderio/content/tools/hang_glider/PlayerMovementHandler; to the game event bus
[26Sep2026 23:24:16.579] [modloading-worker-0/DEBUG] [net.neoforged.fml.javafmlmod.AutomaticEventSubscriber/LOADING]: Scanning class com.enderio.enderio.content.tools.vials.VoidVialItem for @SubscribeEvent-annotated methods
[26Sep2026 23:24:16.580] [modloading-worker-0/DEBUG] [net.neoforged.fml.javafmlmod.AutomaticEventSubscriber/]: Subscribing @EventBusSubscriber class Lcom/enderio/enderio/content/tools/vials/VoidVialItem; to the game event bus
[26Sep2026 23:24:16.583] [modloading-worker-0/DEBUG] [net.neoforged.fml.javafmlmod.AutomaticEventSubscriber/LOADING]: Scanning class com.enderio.enderio.content.tools.vials.SoulVialItem for @SubscribeEvent-annotated methods
[26Sep2026 23:24:16.583] [modloading-worker-0/DEBUG] [net.neoforged.fml.javafmlmod.AutomaticEventSubscriber/LOADING]: Found mix of game bus and mod bus listeners in @EventBusSubscriber class Lcom/enderio/enderio/content/tools/vials/SoulVialItem;, registering them separately
[26Sep2026 23:24:16.584] [modloading-worker-0/DEBUG] [net.neoforged.fml.javafmlmod.AutomaticEventSubscriber/LOADING]: Subscribing method public static void com.enderio.enderio.content.tools.vials.SoulVialItem.onCommonSetup(net.neoforged.fml.event.lifecycle.FMLCommonSetupEvent) to the event bus of mod enderio
[26Sep2026 23:24:16.584] [modloading-worker-0/DEBUG] [net.neoforged.fml.javafmlmod.AutomaticEventSubscriber/LOADING]: Subscribing method public static void com.enderio.enderio.content.tools.vials.SoulVialItem.onLivingInteract(net.neoforged.neoforge.event.entity.player.PlayerInteractEvent$EntityInteractSpecific) to the game event bus
[26Sep2026 23:24:16.584] [modloading-worker-0/DEBUG] [net.neoforged.fml.javafmlmod.AutomaticEventSubscriber/LOADING]: Scanning class com.enderio.enderio.compat.vanilla.VanillaCompat for @SubscribeEvent-annotated methods
[26Sep2026 23:24:16.585] [modloading-worker-0/DEBUG] [net.neoforged.fml.javafmlmod.AutomaticEventSubscriber/]: Subscribing @EventBusSubscriber class Lcom/enderio/enderio/compat/vanilla/VanillaCompat; to the mod event bus of mod enderio
[26Sep2026 23:24:16.585] [modloading-worker-0/DEBUG] [net.neoforged.fml.javafmlmod.AutomaticEventSubscriber/LOADING]: Scanning class com.enderio.enderio.foundation.integrations.WrenchCompat for @SubscribeEvent-annotated methods
[26Sep2026 23:24:16.585] [modloading-worker-0/DEBUG] [net.neoforged.fml.javafmlmod.AutomaticEventSubscriber/]: Subscribing @EventBusSubscriber class Lcom/enderio/enderio/foundation/integrations/WrenchCompat; to the game event bus
[26Sep2026 23:24:16.585] [modloading-worker-0/DEBUG] [net.neoforged.fml.javafmlmod.AutomaticEventSubscriber/LOADING]: Scanning class com.enderio.enderio.foundation.souldata.EngineSoul for @SubscribeEvent-annotated methods
[26Sep2026 23:24:16.589] [modloading-worker-0/DEBUG] [net.neoforged.fml.javafmlmod.AutomaticEventSubscriber/]: Subscribing @EventBusSubscriber class Lcom/enderio/enderio/foundation/souldata/EngineSoul; to the game event bus
[26Sep2026 23:24:16.589] [modloading-worker-0/DEBUG] [net.neoforged.fml.javafmlmod.AutomaticEventSubscriber/LOADING]: Scanning class com.enderio.enderio.foundation.souldata.SolarSoul for @SubscribeEvent-annotated methods
[26Sep2026 23:24:16.591] [modloading-worker-0/DEBUG] [net.neoforged.fml.javafmlmod.AutomaticEventSubscriber/]: Subscribing @EventBusSubscriber class Lcom/enderio/enderio/foundation/souldata/SolarSoul; to the game event bus
[26Sep2026 23:24:16.591] [modloading-worker-0/DEBUG] [net.neoforged.fml.javafmlmod.AutomaticEventSubscriber/LOADING]: Scanning class com.enderio.enderio.foundation.souldata.FarmSoul for @SubscribeEvent-annotated methods
[26Sep2026 23:24:16.594] [modloading-worker-0/DEBUG] [net.neoforged.fml.javafmlmod.AutomaticEventSubscriber/]: Subscribing @EventBusSubscriber class Lcom/enderio/enderio/foundation/souldata/FarmSoul; to the game event bus
[26Sep2026 23:24:16.594] [modloading-worker-0/DEBUG] [net.neoforged.fml.javafmlmod.AutomaticEventSubscriber/LOADING]: Scanning class com.enderio.enderio.foundation.souldata.SpawnerSoul for @SubscribeEvent-annotated methods
[26Sep2026 23:24:16.596] [modloading-worker-0/DEBUG] [net.neoforged.fml.javafmlmod.AutomaticEventSubscriber/]: Subscribing @EventBusSubscriber class Lcom/enderio/enderio/foundation/souldata/SpawnerSoul; to the game event bus
[26Sep2026 23:24:16.597] [modloading-worker-0/DEBUG] [net.neoforged.fml.javafmlmod.AutomaticEventSubscriber/LOADING]: Scanning class com.enderio.enderio.foundation.block.WrenchableBlockHandler for @SubscribeEvent-annotated methods
[26Sep2026 23:24:16.597] [modloading-worker-0/DEBUG] [net.neoforged.fml.javafmlmod.AutomaticEventSubscriber/]: Subscribing @EventBusSubscriber class Lcom/enderio/enderio/foundation/block/WrenchableBlockHandler; to the game event bus
[26Sep2026 23:24:16.597] [modloading-worker-0/DEBUG] [net.neoforged.fml.javafmlmod.AutomaticEventSubscriber/LOADING]: Scanning class com.enderio.enderio.foundation.network.EIONetwork for @SubscribeEvent-annotated methods
[26Sep2026 23:24:16.598] [modloading-worker-0/DEBUG] [net.neoforged.fml.javafmlmod.AutomaticEventSubscriber/]: Subscribing @EventBusSubscriber class Lcom/enderio/enderio/foundation/network/EIONetwork; to the mod event bus of mod enderio
[26Sep2026 23:24:16.598] [modloading-worker-0/DEBUG] [net.neoforged.fml.javafmlmod.AutomaticEventSubscriber/LOADING]: Scanning class com.enderio.enderio.foundation.recipe.MachineRecipeCaches for @SubscribeEvent-annotated methods
[26Sep2026 23:24:16.601] [modloading-worker-0/DEBUG] [net.neoforged.fml.javafmlmod.AutomaticEventSubscriber/]: Subscribing @EventBusSubscriber class Lcom/enderio/enderio/foundation/recipe/MachineRecipeCaches; to the game event bus
[26Sep2026 23:24:16.602] [modloading-worker-0/DEBUG] [net.neoforged.fml.javafmlmod.AutomaticEventSubscriber/LOADING]: Scanning class com.enderio.enderio.client.content.travel.TravelTargetRendering for @SubscribeEvent-annotated methods
[26Sep2026 23:24:16.606] [modloading-worker-0/DEBUG] [mixin/]: Mixing client.MixinLevelRenderer from patchouli_xplat.mixins.json into net.minecraft.client.renderer.LevelRenderer
[26Sep2026 23:24:16.619] [modloading-worker-0/DEBUG] [mixin/]: patchouli_xplat.mixins.json:client.MixinLevelRenderer from mod patchouli->@Inject::onRender(Lnet/minecraft/client/DeltaTracker;ZLnet/minecraft/client/Camera;Lnet/minecraft/client/renderer/GameRenderer;Lnet/minecraft/client/renderer/LightTexture;Lorg/joml/Matrix4f;Lorg/joml/Matrix4f;Lorg/spongepowered/asm/mixin/injection/callback/CallbackInfo;)V doesn't use it's CallbackInfo
[26Sep2026 23:24:16.619] [modloading-worker-0/DEBUG] [mixin/]: patchouli_xplat.mixins.json:client.MixinLevelRenderer from mod patchouli->@Inject::onRender(Lnet/minecraft/client/DeltaTracker;ZLnet/minecraft/client/Camera;Lnet/minecraft/client/renderer/GameRenderer;Lnet/minecraft/client/renderer/LightTexture;Lorg/joml/Matrix4f;Lorg/joml/Matrix4f;Lorg/spongepowered/asm/mixin/injection/callback/CallbackInfo;)V has 0 override(s) in child classes
[26Sep2026 23:24:16.620] [modloading-worker-0/DEBUG] [mixin/]: patchouli_xplat.mixins.json:client.MixinLevelRenderer from mod patchouli->@Inject::onRender(Lnet/minecraft/client/DeltaTracker;ZLnet/minecraft/client/Camera;Lnet/minecraft/client/renderer/GameRenderer;Lnet/minecraft/client/renderer/LightTexture;Lorg/joml/Matrix4f;Lorg/joml/Matrix4f;Lorg/spongepowered/asm/mixin/injection/callback/CallbackInfo;)V won't be passed a CallbackInfo as a result
[26Sep2026 23:24:16.630] [modloading-worker-0/DEBUG] [net.neoforged.fml.javafmlmod.AutomaticEventSubscriber/]: Subscribing @EventBusSubscriber class Lcom/enderio/enderio/client/content/travel/TravelTargetRendering; to the game event bus
[26Sep2026 23:24:16.631] [modloading-worker-0/DEBUG] [net.neoforged.fml.javafmlmod.AutomaticEventSubscriber/LOADING]: Scanning class com.enderio.enderio.client.content.travel.TravelParticleHandler for @SubscribeEvent-annotated methods
[26Sep2026 23:24:16.632] [modloading-worker-0/DEBUG] [net.neoforged.fml.javafmlmod.AutomaticEventSubscriber/]: Subscribing @EventBusSubscriber class Lcom/enderio/enderio/client/content/travel/TravelParticleHandler; to the game event bus
[26Sep2026 23:24:16.633] [modloading-worker-0/DEBUG] [net.neoforged.fml.javafmlmod.AutomaticEventSubscriber/LOADING]: Scanning class com.enderio.enderio.client.content.travel.TravelClientEventHandler for @SubscribeEvent-annotated methods
[26Sep2026 23:24:16.633] [modloading-worker-0/DEBUG] [net.neoforged.fml.javafmlmod.AutomaticEventSubscriber/]: Subscribing @EventBusSubscriber class Lcom/enderio/enderio/client/content/travel/TravelClientEventHandler; to the game event bus
[26Sep2026 23:24:16.634] [modloading-worker-0/DEBUG] [net.neoforged.fml.javafmlmod.AutomaticEventSubscriber/LOADING]: Scanning class com.enderio.enderio.client.content.keymaps.KeymapHandler for @SubscribeEvent-annotated methods
[26Sep2026 23:24:16.635] [modloading-worker-0/DEBUG] [net.neoforged.fml.javafmlmod.AutomaticEventSubscriber/LOADING]: Found mix of game bus and mod bus listeners in @EventBusSubscriber class Lcom/enderio/enderio/client/content/keymaps/KeymapHandler;, registering them separately
[26Sep2026 23:24:16.635] [modloading-worker-0/DEBUG] [net.neoforged.fml.javafmlmod.AutomaticEventSubscriber/LOADING]: Subscribing method public static void com.enderio.enderio.client.content.keymaps.KeymapHandler.registerKeyMappings(net.neoforged.neoforge.client.event.RegisterKeyMappingsEvent) to the event bus of mod enderio
[26Sep2026 23:24:16.635] [modloading-worker-0/DEBUG] [net.neoforged.fml.javafmlmod.AutomaticEventSubscriber/LOADING]: Subscribing method public static void com.enderio.enderio.client.content.keymaps.KeymapHandler.keyHandler(net.neoforged.neoforge.client.event.ClientTickEvent$Post) to the game event bus
[26Sep2026 23:24:16.635] [modloading-worker-0/DEBUG] [net.neoforged.fml.javafmlmod.AutomaticEventSubscriber/LOADING]: Scanning class com.enderio.enderio.client.content.conduits.model.ConduitAdditionalModels for @SubscribeEvent-annotated methods
[26Sep2026 23:24:16.635] [modloading-worker-0/DEBUG] [net.neoforged.fml.javafmlmod.AutomaticEventSubscriber/]: Subscribing @EventBusSubscriber class Lcom/enderio/enderio/client/content/conduits/model/ConduitAdditionalModels; to the mod event bus of mod enderio
[26Sep2026 23:24:16.637] [modloading-worker-0/DEBUG] [net.neoforged.fml.javafmlmod.AutomaticEventSubscriber/LOADING]: Scanning class com.enderio.enderio.client.content.conduits.model.facades.ClientFacadeVisibility for @SubscribeEvent-annotated methods
[26Sep2026 23:24:16.637] [modloading-worker-0/DEBUG] [net.neoforged.fml.javafmlmod.AutomaticEventSubscriber/]: Subscribing @EventBusSubscriber class Lcom/enderio/enderio/client/content/conduits/model/facades/ClientFacadeVisibility; to the game event bus
[26Sep2026 23:24:16.637] [modloading-worker-0/DEBUG] [net.neoforged.fml.javafmlmod.AutomaticEventSubscriber/LOADING]: Scanning class com.enderio.enderio.client.content.conduits.ConduitFacadeRendering for @SubscribeEvent-annotated methods
[26Sep2026 23:24:16.638] [modloading-worker-0/DEBUG] [net.neoforged.fml.javafmlmod.AutomaticEventSubscriber/]: Subscribing @EventBusSubscriber class Lcom/enderio/enderio/client/content/conduits/ConduitFacadeRendering; to the game event bus
[26Sep2026 23:24:16.638] [modloading-worker-0/DEBUG] [net.neoforged.fml.javafmlmod.AutomaticEventSubscriber/LOADING]: Scanning class com.enderio.enderio.client.content.conduits.ConduitHighlightEvent for @SubscribeEvent-annotated methods
[26Sep2026 23:24:16.639] [modloading-worker-0/DEBUG] [net.neoforged.fml.javafmlmod.AutomaticEventSubscriber/]: Subscribing @EventBusSubscriber class Lcom/enderio/enderio/client/content/conduits/ConduitHighlightEvent; to the game event bus
[26Sep2026 23:24:16.640] [modloading-worker-0/DEBUG] [net.neoforged.fml.javafmlmod.AutomaticEventSubscriber/LOADING]: Scanning class com.enderio.enderio.client.content.conduits.ConduitProbeScrollListener for @SubscribeEvent-annotated methods
[26Sep2026 23:24:16.640] [modloading-worker-0/DEBUG] [net.neoforged.fml.javafmlmod.AutomaticEventSubscriber/]: Subscribing @EventBusSubscriber class Lcom/enderio/enderio/client/content/conduits/ConduitProbeScrollListener; to the game event bus
[26Sep2026 23:24:16.641] [modloading-worker-0/DEBUG] [net.neoforged.fml.javafmlmod.AutomaticEventSubscriber/LOADING]: Scanning class com.enderio.enderio.client.foundation.tooltip.TooltipHandler for @SubscribeEvent-annotated methods
[26Sep2026 23:24:16.641] [modloading-worker-0/DEBUG] [net.neoforged.fml.javafmlmod.AutomaticEventSubscriber/]: Subscribing @EventBusSubscriber class Lcom/enderio/enderio/client/foundation/tooltip/TooltipHandler; to the game event bus
[26Sep2026 23:24:16.643] [modloading-worker-0/DEBUG] [net.neoforged.fml.javafmlmod.AutomaticEventSubscriber/LOADING]: Scanning class com.enderio.enderio.client.EnderIOClient for @SubscribeEvent-annotated methods
[26Sep2026 23:24:16.645] [modloading-worker-0/DEBUG] [net.neoforged.fml.javafmlmod.AutomaticEventSubscriber/]: Subscribing @EventBusSubscriber class Lcom/enderio/enderio/client/EnderIOClient; to the mod event bus of mod enderio
[26Sep2026 23:24:16.649] [modloading-worker-0/DEBUG] [net.neoforged.fml.javafmlmod.AutomaticEventSubscriber/LOADING]: Scanning class com.enderio.enderio.init.EIODataMaps for @SubscribeEvent-annotated methods
[26Sep2026 23:24:16.649] [modloading-worker-0/DEBUG] [net.neoforged.fml.javafmlmod.AutomaticEventSubscriber/]: Subscribing @EventBusSubscriber class Lcom/enderio/enderio/init/EIODataMaps; to the mod event bus of mod enderio
[26Sep2026 23:24:16.649] [modloading-worker-0/DEBUG] [net.neoforged.fml.javafmlmod.AutomaticEventSubscriber/LOADING]: Scanning class com.enderio.enderio.init.EIOCapabilityProviders for @SubscribeEvent-annotated methods
[26Sep2026 23:24:16.650] [modloading-worker-0/DEBUG] [net.neoforged.fml.javafmlmod.AutomaticEventSubscriber/]: Subscribing @EventBusSubscriber class Lcom/enderio/enderio/init/EIOCapabilityProviders; to the mod event bus of mod enderio
[26Sep2026 23:24:16.650] [modloading-worker-0/DEBUG] [net.neoforged.fml.javafmlmod.AutomaticEventSubscriber/LOADING]: Scanning class com.enderio.enderio.init.EIOFarmTasks for @SubscribeEvent-annotated methods
[26Sep2026 23:24:16.651] [modloading-worker-0/DEBUG] [net.neoforged.fml.javafmlmod.AutomaticEventSubscriber/]: Subscribing @EventBusSubscriber class Lcom/enderio/enderio/init/EIOFarmTasks; to the mod event bus of mod enderio
[26Sep2026 23:24:17.254] [modloading-worker-0/DEBUG] [net.neoforged.fml.javafmlmod.AutomaticEventSubscriber/LOADING]: Attempting to inject @EventBusSubscriber classes into the eventbus for mekanism
[26Sep2026 23:24:17.256] [modloading-worker-0/DEBUG] [net.neoforged.fml.javafmlmod.AutomaticEventSubscriber/LOADING]: Scanning class mekanism.client.sound.SoundHandler for @SubscribeEvent-annotated methods
[26Sep2026 23:24:17.260] [modloading-worker-0/DEBUG] [net.neoforged.fml.javafmlmod.AutomaticEventSubscriber/]: Subscribing @EventBusSubscriber class Lmekanism/client/sound/SoundHandler; to the mod event bus of mod mekanism
[26Sep2026 23:24:17.261] [modloading-worker-0/DEBUG] [net.neoforged.fml.javafmlmod.AutomaticEventSubscriber/LOADING]: Scanning class mekanism.client.render.MekanismRenderer for @SubscribeEvent-annotated methods
[26Sep2026 23:24:17.264] [modloading-worker-0/DEBUG] [net.neoforged.fml.javafmlmod.AutomaticEventSubscriber/]: Subscribing @EventBusSubscriber class Lmekanism/client/render/MekanismRenderer; to the mod event bus of mod mekanism
[26Sep2026 23:24:17.266] [modloading-worker-0/DEBUG] [net.neoforged.fml.javafmlmod.AutomaticEventSubscriber/LOADING]: Scanning class mekanism.client.render.MekanismShaders for @SubscribeEvent-annotated methods
[26Sep2026 23:24:17.286] [modloading-worker-0/DEBUG] [net.neoforged.fml.javafmlmod.AutomaticEventSubscriber/]: Subscribing @EventBusSubscriber class Lmekanism/client/render/MekanismShaders; to the mod event bus of mod mekanism
[26Sep2026 23:24:17.286] [modloading-worker-0/DEBUG] [net.neoforged.fml.javafmlmod.AutomaticEventSubscriber/LOADING]: Scanning class mekanism.client.ClientRegistration for @SubscribeEvent-annotated methods
[26Sep2026 23:24:17.291] [modloading-worker-0/DEBUG] [net.neoforged.fml.javafmlmod.AutomaticEventSubscriber/]: Subscribing @EventBusSubscriber class Lmekanism/client/ClientRegistration; to the mod event bus of mod mekanism
[26Sep2026 23:24:17.296] [modloading-worker-0/DEBUG] [net.neoforged.fml.javafmlmod.AutomaticEventSubscriber/LOADING]: Scanning class mekanism.common.base.holiday.ClientHolidayInfo for @SubscribeEvent-annotated methods
[26Sep2026 23:24:17.299] [modloading-worker-0/DEBUG] [net.neoforged.fml.javafmlmod.AutomaticEventSubscriber/]: Subscribing @EventBusSubscriber class Lmekanism/common/base/holiday/ClientHolidayInfo; to the mod event bus of mod mekanism
[26Sep2026 23:24:18.194] [modloading-sync-worker/DEBUG] [net.neoforged.fml.config.ConfigTracker/CONFIG]: Loading configs type CLIENT
[26Sep2026 23:24:18.195] [modloading-sync-worker/DEBUG] [net.neoforged.fml.config.ConfigTracker/CONFIG]: Loaded TOML config file C:\Users\stasm\IdeaProjects\Industrial Forogoing Souls Addon\run\config\curios-client.toml
[26Sep2026 23:24:18.196] [modloading-sync-worker/DEBUG] [net.neoforged.fml.config.ConfigTracker/CONFIG]: Watching TOML config file C:\Users\stasm\IdeaProjects\Industrial Forogoing Souls Addon\run\config\curios-client.toml for changes
[26Sep2026 23:24:18.196] [modloading-sync-worker/DEBUG] [net.neoforged.fml.config.ConfigTracker/CONFIG]: Loaded TOML config file C:\Users\stasm\IdeaProjects\Industrial Forogoing Souls Addon\run\config\patchouli-client.toml
[26Sep2026 23:24:18.197] [modloading-sync-worker/DEBUG] [net.neoforged.fml.config.ConfigTracker/CONFIG]: Watching TOML config file C:\Users\stasm\IdeaProjects\Industrial Forogoing Souls Addon\run\config\patchouli-client.toml for changes
[26Sep2026 23:24:18.197] [modloading-sync-worker/DEBUG] [net.neoforged.fml.config.ConfigTracker/CONFIG]: Loaded TOML config file C:\Users\stasm\IdeaProjects\Industrial Forogoing Souls Addon\run\config\enderio\base-client.toml
[26Sep2026 23:24:18.198] [modloading-sync-worker/DEBUG] [net.neoforged.fml.config.ConfigTracker/CONFIG]: Watching TOML config file C:\Users\stasm\IdeaProjects\Industrial Forogoing Souls Addon\run\config\enderio\base-client.toml for changes
[26Sep2026 23:24:18.198] [modloading-sync-worker/DEBUG] [net.neoforged.fml.config.ConfigTracker/CONFIG]: Loaded TOML config file C:\Users\stasm\IdeaProjects\Industrial Forogoing Souls Addon\run\config\enderio\machines-client.toml
[26Sep2026 23:24:18.199] [modloading-sync-worker/DEBUG] [net.neoforged.fml.config.ConfigTracker/CONFIG]: Watching TOML config file C:\Users\stasm\IdeaProjects\Industrial Forogoing Souls Addon\run\config\enderio\machines-client.toml for changes
[26Sep2026 23:24:18.199] [modloading-sync-worker/DEBUG] [net.neoforged.neoforge.common.NeoForgeConfig/FORGEMOD]: Loaded NeoForge config file neoforge-client.toml
[26Sep2026 23:24:18.199] [modloading-sync-worker/DEBUG] [net.neoforged.fml.config.ConfigTracker/CONFIG]: Loaded TOML config file C:\Users\stasm\IdeaProjects\Industrial Forogoing Souls Addon\run\config\neoforge-client.toml
[26Sep2026 23:24:18.200] [modloading-sync-worker/DEBUG] [net.neoforged.fml.config.ConfigTracker/CONFIG]: Watching TOML config file C:\Users\stasm\IdeaProjects\Industrial Forogoing Souls Addon\run\config\neoforge-client.toml for changes
[26Sep2026 23:24:18.203] [modloading-sync-worker/DEBUG] [net.neoforged.fml.config.ConfigTracker/CONFIG]: Loaded TOML config file C:\Users\stasm\IdeaProjects\Industrial Forogoing Souls Addon\run\config\Mekanism\client.toml
[26Sep2026 23:24:18.203] [modloading-sync-worker/DEBUG] [net.neoforged.fml.config.ConfigTracker/CONFIG]: Watching TOML config file C:\Users\stasm\IdeaProjects\Industrial Forogoing Souls Addon\run\config\Mekanism\client.toml for changes
[26Sep2026 23:24:18.205] [modloading-sync-worker/INFO] [PluginManager/]: Executing phase CONFIG_LOAD for plugin class FTBChunksPlugin
[26Sep2026 23:24:18.205] [modloading-sync-worker/INFO] [PluginManager/]: Executing phase CONFIG_LOAD for plugin class PatchouliPlugin
[26Sep2026 23:24:18.205] [modloading-sync-worker/INFO] [PluginManager/]: Executing phase CONFIG_LOAD for plugin class CuriosPlugin
[26Sep2026 23:24:18.205] [modloading-sync-worker/DEBUG] [net.neoforged.fml.config.ConfigTracker/CONFIG]: Loaded TOML config file C:\Users\stasm\IdeaProjects\Industrial Forogoing Souls Addon\run\config\industrialforegoing\client-config.toml
[26Sep2026 23:24:18.205] [modloading-sync-worker/DEBUG] [net.neoforged.fml.config.ConfigTracker/CONFIG]: Watching TOML config file C:\Users\stasm\IdeaProjects\Industrial Forogoing Souls Addon\run\config\industrialforegoing\client-config.toml for changes
[26Sep2026 23:24:18.207] [modloading-sync-worker/DEBUG] [net.neoforged.fml.config.ConfigTracker/CONFIG]: Loading configs type COMMON
[26Sep2026 23:24:18.207] [modloading-sync-worker/DEBUG] [net.neoforged.fml.config.ConfigTracker/CONFIG]: Loaded TOML config file C:\Users\stasm\IdeaProjects\Industrial Forogoing Souls Addon\run\config\enderio\modded-conduits-common.toml
[26Sep2026 23:24:18.207] [modloading-sync-worker/DEBUG] [net.neoforged.fml.config.ConfigTracker/CONFIG]: Watching TOML config file C:\Users\stasm\IdeaProjects\Industrial Forogoing Souls Addon\run\config\enderio\modded-conduits-common.toml for changes
[26Sep2026 23:24:18.208] [modloading-sync-worker/DEBUG] [net.neoforged.fml.config.ConfigTracker/CONFIG]: Loaded TOML config file C:\Users\stasm\IdeaProjects\Industrial Forogoing Souls Addon\run\config\enderio\base-common.toml
[26Sep2026 23:24:18.209] [modloading-sync-worker/DEBUG] [net.neoforged.fml.config.ConfigTracker/CONFIG]: Watching TOML config file C:\Users\stasm\IdeaProjects\Industrial Forogoing Souls Addon\run\config\enderio\base-common.toml for changes
[26Sep2026 23:24:18.210] [modloading-sync-worker/DEBUG] [net.neoforged.fml.config.ConfigTracker/CONFIG]: Loaded TOML config file C:\Users\stasm\IdeaProjects\Industrial Forogoing Souls Addon\run\config\industrial_forogoing_souls_addon-common.toml
[26Sep2026 23:24:18.210] [modloading-sync-worker/DEBUG] [net.neoforged.fml.config.ConfigTracker/CONFIG]: Watching TOML config file C:\Users\stasm\IdeaProjects\Industrial Forogoing Souls Addon\run\config\industrial_forogoing_souls_addon-common.toml for changes
[26Sep2026 23:24:18.210] [modloading-sync-worker/DEBUG] [net.neoforged.fml.config.ConfigTracker/CONFIG]: Loaded TOML config file C:\Users\stasm\IdeaProjects\Industrial Forogoing Souls Addon\run\config\curios-common.toml
[26Sep2026 23:24:18.211] [modloading-sync-worker/DEBUG] [net.neoforged.fml.config.ConfigTracker/CONFIG]: Watching TOML config file C:\Users\stasm\IdeaProjects\Industrial Forogoing Souls Addon\run\config\curios-common.toml for changes
[26Sep2026 23:24:18.212] [modloading-sync-worker/DEBUG] [net.neoforged.fml.config.ConfigTracker/CONFIG]: Loaded TOML config file C:\Users\stasm\IdeaProjects\Industrial Forogoing Souls Addon\run\config\enderio\machines-common.toml
[26Sep2026 23:24:18.213] [modloading-sync-worker/DEBUG] [net.neoforged.fml.config.ConfigTracker/CONFIG]: Watching TOML config file C:\Users\stasm\IdeaProjects\Industrial Forogoing Souls Addon\run\config\enderio\machines-common.toml for changes
[26Sep2026 23:24:18.213] [modloading-sync-worker/DEBUG] [net.neoforged.fml.config.ConfigTracker/CONFIG]: Loaded TOML config file C:\Users\stasm\IdeaProjects\Industrial Forogoing Souls Addon\run\config\enderio\conduits-common.toml
[26Sep2026 23:24:18.213] [modloading-sync-worker/DEBUG] [net.neoforged.fml.config.ConfigTracker/CONFIG]: Watching TOML config file C:\Users\stasm\IdeaProjects\Industrial Forogoing Souls Addon\run\config\enderio\conduits-common.toml for changes
[26Sep2026 23:24:18.214] [modloading-sync-worker/DEBUG] [net.neoforged.neoforge.common.NeoForgeConfig/FORGEMOD]: Loaded NeoForge config file neoforge-common.toml
[26Sep2026 23:24:18.214] [modloading-sync-worker/DEBUG] [net.neoforged.fml.config.ConfigTracker/CONFIG]: Loaded TOML config file C:\Users\stasm\IdeaProjects\Industrial Forogoing Souls Addon\run\config\neoforge-common.toml
[26Sep2026 23:24:18.214] [modloading-sync-worker/DEBUG] [net.neoforged.fml.config.ConfigTracker/CONFIG]: Watching TOML config file C:\Users\stasm\IdeaProjects\Industrial Forogoing Souls Addon\run\config\neoforge-common.toml for changes
[26Sep2026 23:24:18.215] [modloading-sync-worker/DEBUG] [net.neoforged.fml.config.ConfigTracker/CONFIG]: Loaded TOML config file C:\Users\stasm\IdeaProjects\Industrial Forogoing Souls Addon\run\config\titanium\titanium-tags.toml
[26Sep2026 23:24:18.215] [modloading-sync-worker/DEBUG] [net.neoforged.fml.config.ConfigTracker/CONFIG]: Watching TOML config file C:\Users\stasm\IdeaProjects\Industrial Forogoing Souls Addon\run\config\titanium\titanium-tags.toml for changes
[26Sep2026 23:24:18.216] [modloading-sync-worker/INFO] [PluginManager/]: Executing phase CONFIG_LOAD for plugin class FTBChunksPlugin
[26Sep2026 23:24:18.216] [modloading-sync-worker/INFO] [PluginManager/]: Executing phase CONFIG_LOAD for plugin class PatchouliPlugin
[26Sep2026 23:24:18.216] [modloading-sync-worker/INFO] [PluginManager/]: Executing phase CONFIG_LOAD for plugin class CuriosPlugin
[26Sep2026 23:24:18.216] [modloading-sync-worker/DEBUG] [net.neoforged.fml.config.ConfigTracker/CONFIG]: Loaded TOML config file C:\Users\stasm\IdeaProjects\Industrial Forogoing Souls Addon\run\config\industrialforegoing\machine-misc.toml
[26Sep2026 23:24:18.216] [modloading-sync-worker/DEBUG] [net.neoforged.fml.config.ConfigTracker/CONFIG]: Watching TOML config file C:\Users\stasm\IdeaProjects\Industrial Forogoing Souls Addon\run\config\industrialforegoing\machine-misc.toml for changes
[26Sep2026 23:24:18.217] [modloading-sync-worker/INFO] [PluginManager/]: Executing phase CONFIG_LOAD for plugin class FTBChunksPlugin
[26Sep2026 23:24:18.217] [modloading-sync-worker/INFO] [PluginManager/]: Executing phase CONFIG_LOAD for plugin class PatchouliPlugin
[26Sep2026 23:24:18.217] [modloading-sync-worker/INFO] [PluginManager/]: Executing phase CONFIG_LOAD for plugin class CuriosPlugin
[26Sep2026 23:24:18.217] [modloading-sync-worker/DEBUG] [net.neoforged.fml.config.ConfigTracker/CONFIG]: Loaded TOML config file C:\Users\stasm\IdeaProjects\Industrial Forogoing Souls Addon\run\config\industrialforegoing\machine-core.toml
[26Sep2026 23:24:18.218] [modloading-sync-worker/DEBUG] [net.neoforged.fml.config.ConfigTracker/CONFIG]: Watching TOML config file C:\Users\stasm\IdeaProjects\Industrial Forogoing Souls Addon\run\config\industrialforegoing\machine-core.toml for changes
[26Sep2026 23:24:18.219] [modloading-sync-worker/INFO] [PluginManager/]: Executing phase CONFIG_LOAD for plugin class FTBChunksPlugin
[26Sep2026 23:24:18.219] [modloading-sync-worker/INFO] [PluginManager/]: Executing phase CONFIG_LOAD for plugin class PatchouliPlugin
[26Sep2026 23:24:18.219] [modloading-sync-worker/INFO] [PluginManager/]: Executing phase CONFIG_LOAD for plugin class CuriosPlugin
[26Sep2026 23:24:18.219] [modloading-sync-worker/DEBUG] [net.neoforged.fml.config.ConfigTracker/CONFIG]: Loaded TOML config file C:\Users\stasm\IdeaProjects\Industrial Forogoing Souls Addon\run\config\industrialforegoing\machine-agriculture-husbandry.toml
[26Sep2026 23:24:18.220] [modloading-sync-worker/DEBUG] [net.neoforged.fml.config.ConfigTracker/CONFIG]: Watching TOML config file C:\Users\stasm\IdeaProjects\Industrial Forogoing Souls Addon\run\config\industrialforegoing\machine-agriculture-husbandry.toml for changes
[26Sep2026 23:24:18.220] [modloading-sync-worker/DEBUG] [net.neoforged.fml.config.ConfigTracker/CONFIG]: Loaded TOML config file C:\Users\stasm\IdeaProjects\Industrial Forogoing Souls Addon\run\config\Mekanism\common.toml
[26Sep2026 23:24:18.222] [modloading-sync-worker/DEBUG] [net.neoforged.fml.config.ConfigTracker/CONFIG]: Watching TOML config file C:\Users\stasm\IdeaProjects\Industrial Forogoing Souls Addon\run\config\Mekanism\common.toml for changes
[26Sep2026 23:24:18.224] [modloading-sync-worker/INFO] [PluginManager/]: Executing phase CONFIG_LOAD for plugin class FTBChunksPlugin
[26Sep2026 23:24:18.225] [modloading-sync-worker/INFO] [PluginManager/]: Executing phase CONFIG_LOAD for plugin class PatchouliPlugin
[26Sep2026 23:24:18.225] [modloading-sync-worker/INFO] [PluginManager/]: Executing phase CONFIG_LOAD for plugin class CuriosPlugin
[26Sep2026 23:24:18.225] [modloading-sync-worker/DEBUG] [net.neoforged.fml.config.ConfigTracker/CONFIG]: Loaded TOML config file C:\Users\stasm\IdeaProjects\Industrial Forogoing Souls Addon\run\config\industrialforegoing\machine-resource-production.toml
[26Sep2026 23:24:18.225] [modloading-sync-worker/DEBUG] [net.neoforged.fml.config.ConfigTracker/CONFIG]: Watching TOML config file C:\Users\stasm\IdeaProjects\Industrial Forogoing Souls Addon\run\config\industrialforegoing\machine-resource-production.toml for changes
[26Sep2026 23:24:18.226] [modloading-sync-worker/INFO] [PluginManager/]: Executing phase CONFIG_LOAD for plugin class FTBChunksPlugin
[26Sep2026 23:24:18.226] [modloading-sync-worker/INFO] [PluginManager/]: Executing phase CONFIG_LOAD for plugin class PatchouliPlugin
[26Sep2026 23:24:18.226] [modloading-sync-worker/INFO] [PluginManager/]: Executing phase CONFIG_LOAD for plugin class CuriosPlugin
[26Sep2026 23:24:18.226] [modloading-sync-worker/DEBUG] [net.neoforged.fml.config.ConfigTracker/CONFIG]: Loaded TOML config file C:\Users\stasm\IdeaProjects\Industrial Forogoing Souls Addon\run\config\industrialforegoing\machine-generator.toml
[26Sep2026 23:24:18.226] [modloading-sync-worker/DEBUG] [net.neoforged.fml.config.ConfigTracker/CONFIG]: Watching TOML config file C:\Users\stasm\IdeaProjects\Industrial Forogoing Souls Addon\run\config\industrialforegoing\machine-generator.toml for changes
[26Sep2026 23:24:18.356] [Render thread/DEBUG] [mixin/]: Mixing FontMixin from jade.mixins.json into net.minecraft.client.gui.Font
[26Sep2026 23:24:18.356] [Render thread/DEBUG] [mixin/]: jade.mixins.json:FontMixin from mod jade: Class version 65 required is higher than the class version supported by the current version of Mixin (JAVA_16 supports class version 60)
[26Sep2026 23:24:18.362] [Render thread/DEBUG] [mixin/]: jade.mixins.json:FontMixin from mod jade->@Inject::jade$renderChar(Lnet/minecraft/client/gui/font/glyphs/BakedGlyph;ZZFFFLorg/joml/Matrix4f;Lcom/mojang/blaze3d/vertex/VertexConsumer;FFFFILorg/spongepowered/asm/mixin/injection/callback/CallbackInfo;)V does use it's CallbackInfo
[26Sep2026 23:24:18.394] [Render thread/DEBUG] [mixin/]: Mixing BlockRenderDispatcherMixin from enderio.mixins.json into net.minecraft.client.renderer.block.BlockRenderDispatcher
[26Sep2026 23:24:18.394] [Render thread/DEBUG] [mixin/]: enderio.mixins.json:BlockRenderDispatcherMixin from mod enderio: Class version 65 required is higher than the class version supported by the current version of Mixin (JAVA_17 supports class version 61)
[26Sep2026 23:24:18.441] [Render thread/DEBUG] [mixin/]: Mixing client.AccessorMultiBufferSource from patchouli_xplat.mixins.json into net.minecraft.client.renderer.MultiBufferSource$BufferSource
[26Sep2026 23:24:18.570] [Render thread/DEBUG] [mixin/]: Mixing GuiMixin from ftbchunks-common.mixins.json into net.minecraft.client.gui.Gui
[26Sep2026 23:24:18.571] [Render thread/DEBUG] [mixin/]: ftbchunks-common.mixins.json:GuiMixin from mod ftbchunks: Class version 65 required is higher than the class version supported by the current version of Mixin (JAVA_17 supports class version 61)
[26Sep2026 23:24:18.574] [Render thread/DEBUG] [mixin/]: ftbchunks-common.mixins.json:GuiMixin from mod ftbchunks->@Inject::onRenderEffectsEnter(Lnet/minecraft/client/gui/GuiGraphics;Lnet/minecraft/client/DeltaTracker;Lorg/spongepowered/asm/mixin/injection/callback/CallbackInfo;)V doesn't use it's CallbackInfo
[26Sep2026 23:24:18.574] [Render thread/DEBUG] [mixin/]: ftbchunks-common.mixins.json:GuiMixin from mod ftbchunks->@Inject::onRenderEffectsEnter(Lnet/minecraft/client/gui/GuiGraphics;Lnet/minecraft/client/DeltaTracker;Lorg/spongepowered/asm/mixin/injection/callback/CallbackInfo;)V has 0 override(s) in child classes
[26Sep2026 23:24:18.574] [Render thread/DEBUG] [mixin/]: ftbchunks-common.mixins.json:GuiMixin from mod ftbchunks->@Inject::onRenderEffectsEnter(Lnet/minecraft/client/gui/GuiGraphics;Lnet/minecraft/client/DeltaTracker;Lorg/spongepowered/asm/mixin/injection/callback/CallbackInfo;)V won't be passed a CallbackInfo as a result
[26Sep2026 23:24:18.574] [Render thread/DEBUG] [mixin/]: ftbchunks-common.mixins.json:GuiMixin from mod ftbchunks->@Inject::onRenderEffectsReturn(Lnet/minecraft/client/gui/GuiGraphics;Lnet/minecraft/client/DeltaTracker;Lorg/spongepowered/asm/mixin/injection/callback/CallbackInfo;)V doesn't use it's CallbackInfo
[26Sep2026 23:24:18.574] [Render thread/DEBUG] [mixin/]: ftbchunks-common.mixins.json:GuiMixin from mod ftbchunks->@Inject::onRenderEffectsReturn(Lnet/minecraft/client/gui/GuiGraphics;Lnet/minecraft/client/DeltaTracker;Lorg/spongepowered/asm/mixin/injection/callback/CallbackInfo;)V has 0 override(s) in child classes
[26Sep2026 23:24:18.574] [Render thread/DEBUG] [mixin/]: ftbchunks-common.mixins.json:GuiMixin from mod ftbchunks->@Inject::onRenderEffectsReturn(Lnet/minecraft/client/gui/GuiGraphics;Lnet/minecraft/client/DeltaTracker;Lorg/spongepowered/asm/mixin/injection/callback/CallbackInfo;)V won't be passed a CallbackInfo as a result
[26Sep2026 23:24:18.574] [Render thread/DEBUG] [mixin/]: ftbchunks-common.mixins.json:GuiMixin from mod ftbchunks->@Inject::onRenderEffectsReturn(Lnet/minecraft/client/gui/GuiGraphics;Lnet/minecraft/client/DeltaTracker;Lorg/spongepowered/asm/mixin/injection/callback/CallbackInfo;)V doesn't use it's CallbackInfo
[26Sep2026 23:24:18.574] [Render thread/DEBUG] [mixin/]: ftbchunks-common.mixins.json:GuiMixin from mod ftbchunks->@Inject::onRenderEffectsReturn(Lnet/minecraft/client/gui/GuiGraphics;Lnet/minecraft/client/DeltaTracker;Lorg/spongepowered/asm/mixin/injection/callback/CallbackInfo;)V has 0 override(s) in child classes
[26Sep2026 23:24:18.574] [Render thread/DEBUG] [mixin/]: ftbchunks-common.mixins.json:GuiMixin from mod ftbchunks->@Inject::onRenderEffectsReturn(Lnet/minecraft/client/gui/GuiGraphics;Lnet/minecraft/client/DeltaTracker;Lorg/spongepowered/asm/mixin/injection/callback/CallbackInfo;)V won't be passed a CallbackInfo as a result
[26Sep2026 23:24:18.648] [Render thread/INFO] [net.neoforged.neoforge.gametest.GameTestHooks/]: Enabled Gametest Namespaces: [industrial_forogoing_souls_addon]
[26Sep2026 23:24:19.072] [Render thread/INFO] [net.minecraft.server.packs.resources.ReloadableResourceManager/]: Reloading ResourceManager: vanilla, mod_resources, mod/industrialforegoing, mod/industrial_forogoing_souls_addon, mod/titanium, mod/jade, mod/architectury, mod/ftblibrary, mod/jei, mod/enderio_modded_conduits, mod/ftbteams, mod/mekanism, mod/ftbchunks, mod/enderio, mod/curios, mod/patchouli, mod/endercore, mod/neoforge
[26Sep2026 23:24:19.088] [Worker-Main-4/INFO] [PluginManager/]: Executing phase COMMON_SETUP for plugin class FTBChunksPlugin
[26Sep2026 23:24:19.089] [Worker-Main-5/INFO] [io.gitlab.nyg2.industrial_forogoing_souls_addon.Industrial_forogoing_souls_addon/]: HELLO FROM COMMON SETUP
[26Sep2026 23:24:19.089] [Worker-Main-4/INFO] [PluginManager/]: Executing phase COMMON_SETUP for plugin class PatchouliPlugin
[26Sep2026 23:24:19.089] [Worker-Main-5/INFO] [io.gitlab.nyg2.industrial_forogoing_souls_addon.Industrial_forogoing_souls_addon/]: DIRT BLOCK >> minecraft:dirt
[26Sep2026 23:24:19.089] [Worker-Main-4/INFO] [PluginManager/]: Executing phase COMMON_SETUP for plugin class CuriosPlugin
[26Sep2026 23:24:19.089] [Worker-Main-5/INFO] [io.gitlab.nyg2.industrial_forogoing_souls_addon.Industrial_forogoing_souls_addon/]: The magic number is... 42
[26Sep2026 23:24:19.089] [Worker-Main-5/INFO] [io.gitlab.nyg2.industrial_forogoing_souls_addon.Industrial_forogoing_souls_addon/]: ITEM >> minecraft:iron_ingot
[26Sep2026 23:24:19.096] [Worker-Main-4/DEBUG] [mixin/]: Mixing MixinCuriosApi from curios.neoforge.mixins.json into top.theillusivec4.curios.api.CuriosApi
[26Sep2026 23:24:19.097] [Worker-Main-7/INFO] [mekanism.common.Mekanism/]: Version 10.7.7 initializing...
[26Sep2026 23:24:19.097] [Worker-Main-4/DEBUG] [mixin/]: curios.neoforge.mixins.json:MixinCuriosApi from mod curios: Class version 65 required is higher than the class version supported by the current version of Mixin (JAVA_17 supports class version 61)
[26Sep2026 23:24:19.109] [Worker-Main-4/DEBUG] [mixin/]: curios.neoforge.mixins.json:MixinCuriosApi from mod curios->@Inject::curios$registerCurio(Lnet/minecraft/world/item/Item;Ltop/theillusivec4/curios/api/type/capability/ICurioItem;Lorg/spongepowered/asm/mixin/injection/callback/CallbackInfo;)V does use it's CallbackInfo
[26Sep2026 23:24:19.109] [Worker-Main-4/DEBUG] [mixin/]: curios.neoforge.mixins.json:MixinCuriosApi from mod curios->@Inject::curios$getSlots(ZLorg/spongepowered/asm/mixin/injection/callback/CallbackInfoReturnable;)V does use it's CallbackInfoReturnable
[26Sep2026 23:24:19.109] [Worker-Main-4/DEBUG] [mixin/]: curios.neoforge.mixins.json:MixinCuriosApi from mod curios->@Inject::curios$getEntitySlots(Lnet/minecraft/world/entity/EntityType;ZLorg/spongepowered/asm/mixin/injection/callback/CallbackInfoReturnable;)V does use it's CallbackInfoReturnable
[26Sep2026 23:24:19.109] [Worker-Main-4/DEBUG] [mixin/]: curios.neoforge.mixins.json:MixinCuriosApi from mod curios->@Inject::curios$getItemStackSlots(Lnet/minecraft/world/item/ItemStack;ZLorg/spongepowered/asm/mixin/injection/callback/CallbackInfoReturnable;)V does use it's CallbackInfoReturnable
[26Sep2026 23:24:19.109] [Worker-Main-4/DEBUG] [mixin/]: curios.neoforge.mixins.json:MixinCuriosApi from mod curios->@Inject::curios$getItemStackSlots(Lnet/minecraft/world/item/ItemStack;Lnet/minecraft/world/entity/LivingEntity;Lorg/spongepowered/asm/mixin/injection/callback/CallbackInfoReturnable;)V does use it's CallbackInfoReturnable
[26Sep2026 23:24:19.109] [Worker-Main-4/DEBUG] [mixin/]: curios.neoforge.mixins.json:MixinCuriosApi from mod curios->@Inject::curios$getCurio(Lnet/minecraft/world/item/ItemStack;Lorg/spongepowered/asm/mixin/injection/callback/CallbackInfoReturnable;)V does use it's CallbackInfoReturnable
[26Sep2026 23:24:19.109] [Worker-Main-4/DEBUG] [mixin/]: curios.neoforge.mixins.json:MixinCuriosApi from mod curios->@Inject::curios$getCuriosInventory(Lnet/minecraft/world/entity/LivingEntity;Lorg/spongepowered/asm/mixin/injection/callback/CallbackInfoReturnable;)V does use it's CallbackInfoReturnable
[26Sep2026 23:24:19.109] [Worker-Main-4/DEBUG] [mixin/]: curios.neoforge.mixins.json:MixinCuriosApi from mod curios->@Inject::curios$isStackValid(Ltop/theillusivec4/curios/api/SlotContext;Lnet/minecraft/world/item/ItemStack;Lorg/spongepowered/asm/mixin/injection/callback/CallbackInfoReturnable;)V does use it's CallbackInfoReturnable
[26Sep2026 23:24:19.109] [Worker-Main-4/DEBUG] [mixin/]: curios.neoforge.mixins.json:MixinCuriosApi from mod curios->@Inject::curios$getAttributeModifiers(Ltop/theillusivec4/curios/api/SlotContext;Lnet/minecraft/resources/ResourceLocation;Lnet/minecraft/world/item/ItemStack;Lorg/spongepowered/asm/mixin/injection/callback/CallbackInfoReturnable;)V does use it's CallbackInfoReturnable
[26Sep2026 23:24:19.109] [Worker-Main-4/DEBUG] [mixin/]: curios.neoforge.mixins.json:MixinCuriosApi from mod curios->@Inject::curios$addSlotModifier(Lcom/google/common/collect/Multimap;Ljava/lang/String;Lnet/minecraft/resources/ResourceLocation;DLnet/minecraft/world/entity/ai/attributes/AttributeModifier$Operation;Lorg/spongepowered/asm/mixin/injection/callback/CallbackInfo;)V does use it's CallbackInfo
[26Sep2026 23:24:19.110] [Worker-Main-4/DEBUG] [mixin/]: curios.neoforge.mixins.json:MixinCuriosApi from mod curios->@Inject::curios$addModifier(Lnet/minecraft/world/item/ItemStack;Lnet/minecraft/core/Holder;Lnet/minecraft/resources/ResourceLocation;DLnet/minecraft/world/entity/ai/attributes/AttributeModifier$Operation;Ljava/lang/String;Lorg/spongepowered/asm/mixin/injection/callback/CallbackInfo;)V does use it's CallbackInfo
[26Sep2026 23:24:19.110] [Worker-Main-4/DEBUG] [mixin/]: curios.neoforge.mixins.json:MixinCuriosApi from mod curios->@Inject::curios$registerCurioPredicate(Lnet/minecraft/resources/ResourceLocation;Ljava/util/function/Predicate;Lorg/spongepowered/asm/mixin/injection/callback/CallbackInfo;)V does use it's CallbackInfo
[26Sep2026 23:24:19.110] [Worker-Main-4/DEBUG] [mixin/]: curios.neoforge.mixins.json:MixinCuriosApi from mod curios->@Inject::curios$getCurioPredicate(Lnet/minecraft/resources/ResourceLocation;Lorg/spongepowered/asm/mixin/injection/callback/CallbackInfoReturnable;)V does use it's CallbackInfoReturnable
[26Sep2026 23:24:19.110] [Worker-Main-4/DEBUG] [mixin/]: curios.neoforge.mixins.json:MixinCuriosApi from mod curios->@Inject::curios$getCurioPredicates(Lorg/spongepowered/asm/mixin/injection/callback/CallbackInfoReturnable;)V does use it's CallbackInfoReturnable
[26Sep2026 23:24:19.110] [Worker-Main-4/DEBUG] [mixin/]: curios.neoforge.mixins.json:MixinCuriosApi from mod curios->@Inject::curios$testCurioPredicates(Ljava/util/Set;Ltop/theillusivec4/curios/api/SlotResult;Lorg/spongepowered/asm/mixin/injection/callback/CallbackInfoReturnable;)V does use it's CallbackInfoReturnable
[26Sep2026 23:24:19.110] [Worker-Main-4/DEBUG] [mixin/]: curios.neoforge.mixins.json:MixinCuriosApi from mod curios->@Inject::curios$getUuid(Ltop/theillusivec4/curios/api/SlotContext;Lorg/spongepowered/asm/mixin/injection/callback/CallbackInfoReturnable;)V does use it's CallbackInfoReturnable
[26Sep2026 23:24:19.110] [Worker-Main-4/DEBUG] [mixin/]: curios.neoforge.mixins.json:MixinCuriosApi from mod curios->@Inject::curios$broadcastCurioBreakEvent(Ltop/theillusivec4/curios/api/SlotContext;Lorg/spongepowered/asm/mixin/injection/callback/CallbackInfo;)V does use it's CallbackInfo
[26Sep2026 23:24:19.115] [Worker-Main-9/DEBUG] [patchouli/]: Instantiating xplat impl: vazkii.patchouli.neoforge.xplat.NeoForgeXplatImpl
[26Sep2026 23:24:19.131] [Worker-Main-7/INFO] [mekanism.common.Mekanism/]: Initialized HolidayManager.
[26Sep2026 23:24:19.186] [Worker-Main-7/INFO] [mekanism.common.Mekanism/]: Fake player readout: UUID = 46e82cd0-d480-3d48-800a-77431ede078e, name = [Mekanism]
[26Sep2026 23:24:19.186] [Worker-Main-7/INFO] [mekanism.common.Mekanism/]: Mod loaded.
[26Sep2026 23:24:19.214] [Render thread/DEBUG] [net.neoforged.fml.DeferredWorkQueue/LOADING]: Dispatching synchronous work for work queue Common setup: 4 jobs
[26Sep2026 23:24:19.219] [Worker-Main-12/INFO] [net.minecraft.client.gui.font.providers.UnihexProvider/]: Found unifont_all_no_pua-15.1.05.hex, loading
[26Sep2026 23:24:19.360] [Render thread/DEBUG] [net.neoforged.fml.DeferredWorkQueue/LOADING]: Synchronous work queue completed in 145.7 ms
[26Sep2026 23:24:19.381] [Worker-Main-15/INFO] [PluginManager/]: Executing phase CLIENT_SETUP for plugin class FTBChunksPlugin
[26Sep2026 23:24:19.388] [Worker-Main-15/INFO] [PluginManager/]: Executing phase CLIENT_SETUP for plugin class PatchouliPlugin
[26Sep2026 23:24:19.399] [Worker-Main-5/INFO] [io.gitlab.nyg2.industrial_forogoing_souls_addon.Industrial_forogoing_souls_addon/]: HELLO FROM CLIENT SETUP
[26Sep2026 23:24:19.400] [Worker-Main-5/INFO] [io.gitlab.nyg2.industrial_forogoing_souls_addon.Industrial_forogoing_souls_addon/]: MINECRAFT NAME >> Dev
[26Sep2026 23:24:19.424] [Worker-Main-3/INFO] [net.minecraft.client.gui.font.providers.UnihexProvider/]: Found unifont_jp_patch-15.1.05.hex, loading
[26Sep2026 23:24:19.442] [Worker-Main-6/ERROR] [net.minecraft.client.resources.model.ModelManager/]: Failed to load model enderio:models/block/athena/basic_capacitor_bank_part.json
com.google.gson.JsonParseException: Model loader 'athena:athena' not found. Registered loaders: mekanism:transmitter, mekanism:energy_cube, endercore:modloaded, neoforge:empty, enderio:conduit_item, enderio:conduit, enderio:facades_item, neoforge:item_layers, enderio:painted_block, enderio:io_overlay, neoforge:separate_transforms, mekanism:data_based, mekanism:robit, neoforge:elements, neoforge:obj, neoforge:fluid_container, neoforge:composite
	at TRANSFORMER/neoforge@21.1.251/net.neoforged.neoforge.client.model.ExtendedBlockModelDeserializer.deserializeGeometry(ExtendedBlockModelDeserializer.java:102) ~[neoforge-21.1.251.jar%23191!/:?]
	at TRANSFORMER/neoforge@21.1.251/net.neoforged.neoforge.client.model.ExtendedBlockModelDeserializer.deserialize(ExtendedBlockModelDeserializer.java:53) ~[neoforge-21.1.251.jar%23191!/:?]
	at TRANSFORMER/neoforge@21.1.251/net.neoforged.neoforge.client.model.ExtendedBlockModelDeserializer.deserialize(ExtendedBlockModelDeserializer.java:37) ~[neoforge-21.1.251.jar%23191!/:?]
	at MC-BOOTSTRAP/com.google.gson@2.10.1/com.google.gson.internal.bind.TreeTypeAdapter.read(TreeTypeAdapter.java:76) ~[gson-2.10.1.jar%23110!/:?]
	at TRANSFORMER/minecraft@1.21.1/net.minecraft.util.GsonHelper.fromNullableJson(GsonHelper.java:507) ~[neoforge-21.1.251.jar%23190!/:?]
	at TRANSFORMER/minecraft@1.21.1/net.minecraft.util.GsonHelper.fromJson(GsonHelper.java:514) ~[neoforge-21.1.251.jar%23190!/:?]
	at TRANSFORMER/minecraft@1.21.1/net.minecraft.util.GsonHelper.fromJson(GsonHelper.java:566) ~[neoforge-21.1.251.jar%23190!/:?]
	at TRANSFORMER/minecraft@1.21.1/net.minecraft.client.renderer.block.model.BlockModel.fromStream(BlockModel.java:83) ~[neoforge-21.1.251.jar%23190!/:?]
	at TRANSFORMER/minecraft@1.21.1/net.minecraft.client.resources.model.ModelManager.lambda$loadBlockModels$8(ModelManager.java:144) ~[neoforge-21.1.251.jar%23190!/:?]
	at java.base/java.util.concurrent.CompletableFuture$AsyncSupply.run(CompletableFuture.java:1768) [?:?]
	at java.base/java.util.concurrent.CompletableFuture$AsyncSupply.exec(CompletableFuture.java:1760) [?:?]
	at java.base/java.util.concurrent.ForkJoinTask.doExec(ForkJoinTask.java:387) [?:?]
	at java.base/java.util.concurrent.ForkJoinPool$WorkQueue.topLevelExec(ForkJoinPool.java:1312) [?:?]
	at java.base/java.util.concurrent.ForkJoinPool.scan(ForkJoinPool.java:1843) [?:?]
	at java.base/java.util.concurrent.ForkJoinPool.runWorker(ForkJoinPool.java:1808) [?:?]
	at java.base/java.util.concurrent.ForkJoinWorkerThread.run(ForkJoinWorkerThread.java:188) [?:?]
[26Sep2026 23:24:19.442] [Worker-Main-8/ERROR] [net.minecraft.client.resources.model.ModelManager/]: Failed to load model enderio:models/block/athena/advanced_capacitor_bank_part.json
com.google.gson.JsonParseException: Model loader 'athena:athena' not found. Registered loaders: mekanism:transmitter, mekanism:energy_cube, endercore:modloaded, neoforge:empty, enderio:conduit_item, enderio:conduit, enderio:facades_item, neoforge:item_layers, enderio:painted_block, enderio:io_overlay, neoforge:separate_transforms, mekanism:data_based, mekanism:robit, neoforge:elements, neoforge:obj, neoforge:fluid_container, neoforge:composite
	at TRANSFORMER/neoforge@21.1.251/net.neoforged.neoforge.client.model.ExtendedBlockModelDeserializer.deserializeGeometry(ExtendedBlockModelDeserializer.java:102) ~[neoforge-21.1.251.jar%23191!/:?]
	at TRANSFORMER/neoforge@21.1.251/net.neoforged.neoforge.client.model.ExtendedBlockModelDeserializer.deserialize(ExtendedBlockModelDeserializer.java:53) ~[neoforge-21.1.251.jar%23191!/:?]
	at TRANSFORMER/neoforge@21.1.251/net.neoforged.neoforge.client.model.ExtendedBlockModelDeserializer.deserialize(ExtendedBlockModelDeserializer.java:37) ~[neoforge-21.1.251.jar%23191!/:?]
	at MC-BOOTSTRAP/com.google.gson@2.10.1/com.google.gson.internal.bind.TreeTypeAdapter.read(TreeTypeAdapter.java:76) ~[gson-2.10.1.jar%23110!/:?]
	at TRANSFORMER/minecraft@1.21.1/net.minecraft.util.GsonHelper.fromNullableJson(GsonHelper.java:507) ~[neoforge-21.1.251.jar%23190!/:?]
	at TRANSFORMER/minecraft@1.21.1/net.minecraft.util.GsonHelper.fromJson(GsonHelper.java:514) ~[neoforge-21.1.251.jar%23190!/:?]
	at TRANSFORMER/minecraft@1.21.1/net.minecraft.util.GsonHelper.fromJson(GsonHelper.java:566) ~[neoforge-21.1.251.jar%23190!/:?]
	at TRANSFORMER/minecraft@1.21.1/net.minecraft.client.renderer.block.model.BlockModel.fromStream(BlockModel.java:83) ~[neoforge-21.1.251.jar%23190!/:?]
	at TRANSFORMER/minecraft@1.21.1/net.minecraft.client.resources.model.ModelManager.lambda$loadBlockModels$8(ModelManager.java:144) ~[neoforge-21.1.251.jar%23190!/:?]
	at java.base/java.util.concurrent.CompletableFuture$AsyncSupply.run(CompletableFuture.java:1768) [?:?]
	at java.base/java.util.concurrent.CompletableFuture$AsyncSupply.exec(CompletableFuture.java:1760) [?:?]
	at java.base/java.util.concurrent.ForkJoinTask.doExec(ForkJoinTask.java:387) [?:?]
	at java.base/java.util.concurrent.ForkJoinPool$WorkQueue.topLevelExec(ForkJoinPool.java:1312) [?:?]
	at java.base/java.util.concurrent.ForkJoinPool.scan(ForkJoinPool.java:1843) [?:?]
	at java.base/java.util.concurrent.ForkJoinPool.runWorker(ForkJoinPool.java:1808) [?:?]
	at java.base/java.util.concurrent.ForkJoinWorkerThread.run(ForkJoinWorkerThread.java:188) [?:?]
[26Sep2026 23:24:19.447] [Worker-Main-4/WARN] [net.minecraft.client.renderer.texture.SpriteContents/]: Unused frames in sprite industrialforegoing:block/fluids/sludge_still: [20, 21, 22, 23, 24, 25, 26, 27, 28, 29, 30, 31, 32, 33, 34, 35, 36, 37, 38]
[26Sep2026 23:24:19.446] [Worker-Main-6/ERROR] [net.minecraft.client.resources.model.ModelManager/]: Failed to load model enderio:models/block/athena/vibrant_capacitor_bank_part.json
com.google.gson.JsonParseException: Model loader 'athena:athena' not found. Registered loaders: mekanism:transmitter, mekanism:energy_cube, endercore:modloaded, neoforge:empty, enderio:conduit_item, enderio:conduit, enderio:facades_item, neoforge:item_layers, enderio:painted_block, enderio:io_overlay, neoforge:separate_transforms, mekanism:data_based, mekanism:robit, neoforge:elements, neoforge:obj, neoforge:fluid_container, neoforge:composite
	at TRANSFORMER/neoforge@21.1.251/net.neoforged.neoforge.client.model.ExtendedBlockModelDeserializer.deserializeGeometry(ExtendedBlockModelDeserializer.java:102) ~[neoforge-21.1.251.jar%23191!/:?]
	at TRANSFORMER/neoforge@21.1.251/net.neoforged.neoforge.client.model.ExtendedBlockModelDeserializer.deserialize(ExtendedBlockModelDeserializer.java:53) ~[neoforge-21.1.251.jar%23191!/:?]
	at TRANSFORMER/neoforge@21.1.251/net.neoforged.neoforge.client.model.ExtendedBlockModelDeserializer.deserialize(ExtendedBlockModelDeserializer.java:37) ~[neoforge-21.1.251.jar%23191!/:?]
	at MC-BOOTSTRAP/com.google.gson@2.10.1/com.google.gson.internal.bind.TreeTypeAdapter.read(TreeTypeAdapter.java:76) ~[gson-2.10.1.jar%23110!/:?]
	at TRANSFORMER/minecraft@1.21.1/net.minecraft.util.GsonHelper.fromNullableJson(GsonHelper.java:507) ~[neoforge-21.1.251.jar%23190!/:?]
	at TRANSFORMER/minecraft@1.21.1/net.minecraft.util.GsonHelper.fromJson(GsonHelper.java:514) ~[neoforge-21.1.251.jar%23190!/:?]
	at TRANSFORMER/minecraft@1.21.1/net.minecraft.util.GsonHelper.fromJson(GsonHelper.java:566) ~[neoforge-21.1.251.jar%23190!/:?]
	at TRANSFORMER/minecraft@1.21.1/net.minecraft.client.renderer.block.model.BlockModel.fromStream(BlockModel.java:83) ~[neoforge-21.1.251.jar%23190!/:?]
	at TRANSFORMER/minecraft@1.21.1/net.minecraft.client.resources.model.ModelManager.lambda$loadBlockModels$8(ModelManager.java:144) ~[neoforge-21.1.251.jar%23190!/:?]
	at java.base/java.util.concurrent.CompletableFuture$AsyncSupply.run(CompletableFuture.java:1768) [?:?]
	at java.base/java.util.concurrent.CompletableFuture$AsyncSupply.exec(CompletableFuture.java:1760) [?:?]
	at java.base/java.util.concurrent.ForkJoinTask.doExec(ForkJoinTask.java:387) [?:?]
	at java.base/java.util.concurrent.ForkJoinPool$WorkQueue.topLevelExec(ForkJoinPool.java:1312) [?:?]
	at java.base/java.util.concurrent.ForkJoinPool.scan(ForkJoinPool.java:1843) [?:?]
	at java.base/java.util.concurrent.ForkJoinPool.runWorker(ForkJoinPool.java:1808) [?:?]
	at java.base/java.util.concurrent.ForkJoinWorkerThread.run(ForkJoinWorkerThread.java:188) [?:?]
[26Sep2026 23:24:19.450] [Worker-Main-15/INFO] [PluginManager/]: Executing phase CLIENT_SETUP for plugin class CuriosPlugin
[26Sep2026 23:24:19.507] [Render thread/DEBUG] [net.neoforged.fml.DeferredWorkQueue/LOADING]: Dispatching synchronous work for work queue Sided setup: 3 jobs
[26Sep2026 23:24:19.513] [Worker-Main-10/WARN] [net.minecraft.client.renderer.texture.SpriteContents/]: Unused frames in sprite enderio:block/alloy_smelter_front_active: [4, 5]
[26Sep2026 23:24:19.553] [Render thread/DEBUG] [net.neoforged.fml.DeferredWorkQueue/LOADING]: Synchronous work queue completed in 46.63 ms
[26Sep2026 23:24:19.567] [Worker-Main-3/WARN] [net.minecraft.client.renderer.texture.SpriteContents/]: Unused frames in sprite industrialforegoing:block/fluids/ether_gas_still: [20, 21, 22, 23, 24, 25, 26, 27, 28, 29, 30, 31, 32, 33, 34, 35, 36, 37, 38, 39, 40, 41, 42, 43, 44, 45, 46, 47, 48]
[26Sep2026 23:24:19.627] [Worker-Main-4/WARN] [net.minecraft.client.renderer.texture.SpriteLoader/]: Texture enderio:block/item_conduit_in with size 24x24 limits mip level from 4 to 3
[26Sep2026 23:24:19.627] [Worker-Main-4/WARN] [net.minecraft.client.renderer.texture.SpriteLoader/]: Texture ftblibrary:icons/dropdown_out with size 15x15 limits mip level from 3 to 0
[26Sep2026 23:24:20.279] [Worker-Main-15/WARN] [net.minecraft.client.resources.model.BlockStateModelLoader/]: Exception loading blockstate definition: 'industrialforegoing:blockstates/latex.json' missing model for variant: 'industrialforegoing:latex#level=12'
[26Sep2026 23:24:20.279] [Worker-Main-15/WARN] [net.minecraft.client.resources.model.BlockStateModelLoader/]: Exception loading blockstate definition: 'industrialforegoing:blockstates/latex.json' missing model for variant: 'industrialforegoing:latex#level=11'
[26Sep2026 23:24:20.281] [Worker-Main-15/WARN] [net.minecraft.client.resources.model.BlockStateModelLoader/]: Exception loading blockstate definition: 'industrialforegoing:blockstates/latex.json' missing model for variant: 'industrialforegoing:latex#level=14'
[26Sep2026 23:24:20.281] [Worker-Main-15/WARN] [net.minecraft.client.resources.model.BlockStateModelLoader/]: Exception loading blockstate definition: 'industrialforegoing:blockstates/latex.json' missing model for variant: 'industrialforegoing:latex#level=13'
[26Sep2026 23:24:20.281] [Worker-Main-15/WARN] [net.minecraft.client.resources.model.BlockStateModelLoader/]: Exception loading blockstate definition: 'industrialforegoing:blockstates/latex.json' missing model for variant: 'industrialforegoing:latex#level=6'
[26Sep2026 23:24:20.281] [Worker-Main-15/WARN] [net.minecraft.client.resources.model.BlockStateModelLoader/]: Exception loading blockstate definition: 'industrialforegoing:blockstates/latex.json' missing model for variant: 'industrialforegoing:latex#level=7'
[26Sep2026 23:24:20.281] [Worker-Main-15/WARN] [net.minecraft.client.resources.model.BlockStateModelLoader/]: Exception loading blockstate definition: 'industrialforegoing:blockstates/latex.json' missing model for variant: 'industrialforegoing:latex#level=8'
[26Sep2026 23:24:20.281] [Worker-Main-15/WARN] [net.minecraft.client.resources.model.BlockStateModelLoader/]: Exception loading blockstate definition: 'industrialforegoing:blockstates/latex.json' missing model for variant: 'industrialforegoing:latex#level=10'
[26Sep2026 23:24:20.281] [Worker-Main-15/WARN] [net.minecraft.client.resources.model.BlockStateModelLoader/]: Exception loading blockstate definition: 'industrialforegoing:blockstates/latex.json' missing model for variant: 'industrialforegoing:latex#level=9'
[26Sep2026 23:24:20.281] [Worker-Main-15/WARN] [net.minecraft.client.resources.model.BlockStateModelLoader/]: Exception loading blockstate definition: 'industrialforegoing:blockstates/latex.json' missing model for variant: 'industrialforegoing:latex#level=2'
[26Sep2026 23:24:20.281] [Worker-Main-15/WARN] [net.minecraft.client.resources.model.BlockStateModelLoader/]: Exception loading blockstate definition: 'industrialforegoing:blockstates/latex.json' missing model for variant: 'industrialforegoing:latex#level=3'
[26Sep2026 23:24:20.281] [Worker-Main-15/WARN] [net.minecraft.client.resources.model.BlockStateModelLoader/]: Exception loading blockstate definition: 'industrialforegoing:blockstates/latex.json' missing model for variant: 'industrialforegoing:latex#level=4'
[26Sep2026 23:24:20.281] [Worker-Main-15/WARN] [net.minecraft.client.resources.model.BlockStateModelLoader/]: Exception loading blockstate definition: 'industrialforegoing:blockstates/latex.json' missing model for variant: 'industrialforegoing:latex#level=5'
[26Sep2026 23:24:20.281] [Worker-Main-15/WARN] [net.minecraft.client.resources.model.BlockStateModelLoader/]: Exception loading blockstate definition: 'industrialforegoing:blockstates/latex.json' missing model for variant: 'industrialforegoing:latex#level=15'
[26Sep2026 23:24:20.281] [Worker-Main-15/WARN] [net.minecraft.client.resources.model.BlockStateModelLoader/]: Exception loading blockstate definition: 'industrialforegoing:blockstates/latex.json' missing model for variant: 'industrialforegoing:latex#level=0'
[26Sep2026 23:24:20.281] [Worker-Main-15/WARN] [net.minecraft.client.resources.model.BlockStateModelLoader/]: Exception loading blockstate definition: 'industrialforegoing:blockstates/latex.json' missing model for variant: 'industrialforegoing:latex#level=1'
[26Sep2026 23:24:20.281] [Worker-Main-15/WARN] [net.minecraft.client.resources.model.BlockStateModelLoader/]: Exception loading blockstate definition: 'industrialforegoing:blockstates/meat.json' missing model for variant: 'industrialforegoing:meat#level=2'
[26Sep2026 23:24:20.281] [Worker-Main-15/WARN] [net.minecraft.client.resources.model.BlockStateModelLoader/]: Exception loading blockstate definition: 'industrialforegoing:blockstates/meat.json' missing model for variant: 'industrialforegoing:meat#level=1'
[26Sep2026 23:24:20.281] [Worker-Main-15/WARN] [net.minecraft.client.resources.model.BlockStateModelLoader/]: Exception loading blockstate definition: 'industrialforegoing:blockstates/meat.json' missing model for variant: 'industrialforegoing:meat#level=0'
[26Sep2026 23:24:20.281] [Worker-Main-15/WARN] [net.minecraft.client.resources.model.BlockStateModelLoader/]: Exception loading blockstate definition: 'industrialforegoing:blockstates/meat.json' missing model for variant: 'industrialforegoing:meat#level=6'
[26Sep2026 23:24:20.281] [Worker-Main-15/WARN] [net.minecraft.client.resources.model.BlockStateModelLoader/]: Exception loading blockstate definition: 'industrialforegoing:blockstates/meat.json' missing model for variant: 'industrialforegoing:meat#level=5'
[26Sep2026 23:24:20.281] [Worker-Main-15/WARN] [net.minecraft.client.resources.model.BlockStateModelLoader/]: Exception loading blockstate definition: 'industrialforegoing:blockstates/meat.json' missing model for variant: 'industrialforegoing:meat#level=4'
[26Sep2026 23:24:20.281] [Worker-Main-15/WARN] [net.minecraft.client.resources.model.BlockStateModelLoader/]: Exception loading blockstate definition: 'industrialforegoing:blockstates/meat.json' missing model for variant: 'industrialforegoing:meat#level=3'
[26Sep2026 23:24:20.282] [Worker-Main-15/WARN] [net.minecraft.client.resources.model.BlockStateModelLoader/]: Exception loading blockstate definition: 'industrialforegoing:blockstates/meat.json' missing model for variant: 'industrialforegoing:meat#level=12'
[26Sep2026 23:24:20.282] [Worker-Main-15/WARN] [net.minecraft.client.resources.model.BlockStateModelLoader/]: Exception loading blockstate definition: 'industrialforegoing:blockstates/meat.json' missing model for variant: 'industrialforegoing:meat#level=9'
[26Sep2026 23:24:20.282] [Worker-Main-15/WARN] [net.minecraft.client.resources.model.BlockStateModelLoader/]: Exception loading blockstate definition: 'industrialforegoing:blockstates/meat.json' missing model for variant: 'industrialforegoing:meat#level=13'
[26Sep2026 23:24:20.282] [Worker-Main-15/WARN] [net.minecraft.client.resources.model.BlockStateModelLoader/]: Exception loading blockstate definition: 'industrialforegoing:blockstates/meat.json' missing model for variant: 'industrialforegoing:meat#level=8'
[26Sep2026 23:24:20.282] [Worker-Main-15/WARN] [net.minecraft.client.resources.model.BlockStateModelLoader/]: Exception loading blockstate definition: 'industrialforegoing:blockstates/meat.json' missing model for variant: 'industrialforegoing:meat#level=14'
[26Sep2026 23:24:20.282] [Worker-Main-15/WARN] [net.minecraft.client.resources.model.BlockStateModelLoader/]: Exception loading blockstate definition: 'industrialforegoing:blockstates/meat.json' missing model for variant: 'industrialforegoing:meat#level=7'
[26Sep2026 23:24:20.282] [Worker-Main-15/WARN] [net.minecraft.client.resources.model.BlockStateModelLoader/]: Exception loading blockstate definition: 'industrialforegoing:blockstates/meat.json' missing model for variant: 'industrialforegoing:meat#level=15'
[26Sep2026 23:24:20.282] [Worker-Main-15/WARN] [net.minecraft.client.resources.model.BlockStateModelLoader/]: Exception loading blockstate definition: 'industrialforegoing:blockstates/meat.json' missing model for variant: 'industrialforegoing:meat#level=10'
[26Sep2026 23:24:20.282] [Worker-Main-15/WARN] [net.minecraft.client.resources.model.BlockStateModelLoader/]: Exception loading blockstate definition: 'industrialforegoing:blockstates/meat.json' missing model for variant: 'industrialforegoing:meat#level=11'
[26Sep2026 23:24:20.282] [Worker-Main-15/WARN] [net.minecraft.client.resources.model.BlockStateModelLoader/]: Exception loading blockstate definition: 'industrialforegoing:blockstates/sewage.json' missing model for variant: 'industrialforegoing:sewage#level=2'
[26Sep2026 23:24:20.282] [Worker-Main-15/WARN] [net.minecraft.client.resources.model.BlockStateModelLoader/]: Exception loading blockstate definition: 'industrialforegoing:blockstates/sewage.json' missing model for variant: 'industrialforegoing:sewage#level=3'
[26Sep2026 23:24:20.282] [Worker-Main-15/WARN] [net.minecraft.client.resources.model.BlockStateModelLoader/]: Exception loading blockstate definition: 'industrialforegoing:blockstates/sewage.json' missing model for variant: 'industrialforegoing:sewage#level=4'
[26Sep2026 23:24:20.282] [Worker-Main-15/WARN] [net.minecraft.client.resources.model.BlockStateModelLoader/]: Exception loading blockstate definition: 'industrialforegoing:blockstates/sewage.json' missing model for variant: 'industrialforegoing:sewage#level=5'
[26Sep2026 23:24:20.282] [Worker-Main-15/WARN] [net.minecraft.client.resources.model.BlockStateModelLoader/]: Exception loading blockstate definition: 'industrialforegoing:blockstates/sewage.json' missing model for variant: 'industrialforegoing:sewage#level=15'
[26Sep2026 23:24:20.282] [Worker-Main-15/WARN] [net.minecraft.client.resources.model.BlockStateModelLoader/]: Exception loading blockstate definition: 'industrialforegoing:blockstates/sewage.json' missing model for variant: 'industrialforegoing:sewage#level=0'
[26Sep2026 23:24:20.282] [Worker-Main-15/WARN] [net.minecraft.client.resources.model.BlockStateModelLoader/]: Exception loading blockstate definition: 'industrialforegoing:blockstates/sewage.json' missing model for variant: 'industrialforegoing:sewage#level=1'
[26Sep2026 23:24:20.282] [Worker-Main-15/WARN] [net.minecraft.client.resources.model.BlockStateModelLoader/]: Exception loading blockstate definition: 'industrialforegoing:blockstates/sewage.json' missing model for variant: 'industrialforegoing:sewage#level=12'
[26Sep2026 23:24:20.283] [Worker-Main-15/WARN] [net.minecraft.client.resources.model.BlockStateModelLoader/]: Exception loading blockstate definition: 'industrialforegoing:blockstates/sewage.json' missing model for variant: 'industrialforegoing:sewage#level=11'
[26Sep2026 23:24:20.283] [Worker-Main-15/WARN] [net.minecraft.client.resources.model.BlockStateModelLoader/]: Exception loading blockstate definition: 'industrialforegoing:blockstates/sewage.json' missing model for variant: 'industrialforegoing:sewage#level=14'
[26Sep2026 23:24:20.283] [Worker-Main-15/WARN] [net.minecraft.client.resources.model.BlockStateModelLoader/]: Exception loading blockstate definition: 'industrialforegoing:blockstates/sewage.json' missing model for variant: 'industrialforegoing:sewage#level=13'
[26Sep2026 23:24:20.283] [Worker-Main-15/WARN] [net.minecraft.client.resources.model.BlockStateModelLoader/]: Exception loading blockstate definition: 'industrialforegoing:blockstates/sewage.json' missing model for variant: 'industrialforegoing:sewage#level=6'
[26Sep2026 23:24:20.283] [Worker-Main-15/WARN] [net.minecraft.client.resources.model.BlockStateModelLoader/]: Exception loading blockstate definition: 'industrialforegoing:blockstates/sewage.json' missing model for variant: 'industrialforegoing:sewage#level=7'
[26Sep2026 23:24:20.283] [Worker-Main-15/WARN] [net.minecraft.client.resources.model.BlockStateModelLoader/]: Exception loading blockstate definition: 'industrialforegoing:blockstates/sewage.json' missing model for variant: 'industrialforegoing:sewage#level=8'
[26Sep2026 23:24:20.283] [Worker-Main-15/WARN] [net.minecraft.client.resources.model.BlockStateModelLoader/]: Exception loading blockstate definition: 'industrialforegoing:blockstates/sewage.json' missing model for variant: 'industrialforegoing:sewage#level=10'
[26Sep2026 23:24:20.283] [Worker-Main-15/WARN] [net.minecraft.client.resources.model.BlockStateModelLoader/]: Exception loading blockstate definition: 'industrialforegoing:blockstates/sewage.json' missing model for variant: 'industrialforegoing:sewage#level=9'
[26Sep2026 23:24:20.283] [Worker-Main-15/WARN] [net.minecraft.client.resources.model.BlockStateModelLoader/]: Exception loading blockstate definition: 'industrialforegoing:blockstates/essence.json' missing model for variant: 'industrialforegoing:essence#level=13'
[26Sep2026 23:24:20.283] [Worker-Main-15/WARN] [net.minecraft.client.resources.model.BlockStateModelLoader/]: Exception loading blockstate definition: 'industrialforegoing:blockstates/essence.json' missing model for variant: 'industrialforegoing:essence#level=14'
[26Sep2026 23:24:20.283] [Worker-Main-15/WARN] [net.minecraft.client.resources.model.BlockStateModelLoader/]: Exception loading blockstate definition: 'industrialforegoing:blockstates/essence.json' missing model for variant: 'industrialforegoing:essence#level=15'
[26Sep2026 23:24:20.283] [Worker-Main-15/WARN] [net.minecraft.client.resources.model.BlockStateModelLoader/]: Exception loading blockstate definition: 'industrialforegoing:blockstates/essence.json' missing model for variant: 'industrialforegoing:essence#level=3'
[26Sep2026 23:24:20.283] [Worker-Main-15/WARN] [net.minecraft.client.resources.model.BlockStateModelLoader/]: Exception loading blockstate definition: 'industrialforegoing:blockstates/essence.json' missing model for variant: 'industrialforegoing:essence#level=2'
[26Sep2026 23:24:20.283] [Worker-Main-15/WARN] [net.minecraft.client.resources.model.BlockStateModelLoader/]: Exception loading blockstate definition: 'industrialforegoing:blockstates/essence.json' missing model for variant: 'industrialforegoing:essence#level=1'
[26Sep2026 23:24:20.283] [Worker-Main-15/WARN] [net.minecraft.client.resources.model.BlockStateModelLoader/]: Exception loading blockstate definition: 'industrialforegoing:blockstates/essence.json' missing model for variant: 'industrialforegoing:essence#level=0'
[26Sep2026 23:24:20.284] [Worker-Main-15/WARN] [net.minecraft.client.resources.model.BlockStateModelLoader/]: Exception loading blockstate definition: 'industrialforegoing:blockstates/essence.json' missing model for variant: 'industrialforegoing:essence#level=9'
[26Sep2026 23:24:20.284] [Worker-Main-15/WARN] [net.minecraft.client.resources.model.BlockStateModelLoader/]: Exception loading blockstate definition: 'industrialforegoing:blockstates/essence.json' missing model for variant: 'industrialforegoing:essence#level=8'
[26Sep2026 23:24:20.284] [Worker-Main-15/WARN] [net.minecraft.client.resources.model.BlockStateModelLoader/]: Exception loading blockstate definition: 'industrialforegoing:blockstates/essence.json' missing model for variant: 'industrialforegoing:essence#level=7'
[26Sep2026 23:24:20.284] [Worker-Main-15/WARN] [net.minecraft.client.resources.model.BlockStateModelLoader/]: Exception loading blockstate definition: 'industrialforegoing:blockstates/essence.json' missing model for variant: 'industrialforegoing:essence#level=6'
[26Sep2026 23:24:20.284] [Worker-Main-15/WARN] [net.minecraft.client.resources.model.BlockStateModelLoader/]: Exception loading blockstate definition: 'industrialforegoing:blockstates/essence.json' missing model for variant: 'industrialforegoing:essence#level=5'
[26Sep2026 23:24:20.284] [Worker-Main-15/WARN] [net.minecraft.client.resources.model.BlockStateModelLoader/]: Exception loading blockstate definition: 'industrialforegoing:blockstates/essence.json' missing model for variant: 'industrialforegoing:essence#level=4'
[26Sep2026 23:24:20.284] [Worker-Main-15/WARN] [net.minecraft.client.resources.model.BlockStateModelLoader/]: Exception loading blockstate definition: 'industrialforegoing:blockstates/essence.json' missing model for variant: 'industrialforegoing:essence#level=10'
[26Sep2026 23:24:20.284] [Worker-Main-15/WARN] [net.minecraft.client.resources.model.BlockStateModelLoader/]: Exception loading blockstate definition: 'industrialforegoing:blockstates/essence.json' missing model for variant: 'industrialforegoing:essence#level=11'
[26Sep2026 23:24:20.284] [Worker-Main-15/WARN] [net.minecraft.client.resources.model.BlockStateModelLoader/]: Exception loading blockstate definition: 'industrialforegoing:blockstates/essence.json' missing model for variant: 'industrialforegoing:essence#level=12'
[26Sep2026 23:24:20.284] [Worker-Main-15/WARN] [net.minecraft.client.resources.model.BlockStateModelLoader/]: Exception loading blockstate definition: 'industrialforegoing:blockstates/sludge.json' missing model for variant: 'industrialforegoing:sludge#level=5'
[26Sep2026 23:24:20.284] [Worker-Main-15/WARN] [net.minecraft.client.resources.model.BlockStateModelLoader/]: Exception loading blockstate definition: 'industrialforegoing:blockstates/sludge.json' missing model for variant: 'industrialforegoing:sludge#level=4'
[26Sep2026 23:24:20.285] [Worker-Main-15/WARN] [net.minecraft.client.resources.model.BlockStateModelLoader/]: Exception loading blockstate definition: 'industrialforegoing:blockstates/sludge.json' missing model for variant: 'industrialforegoing:sludge#level=3'
[26Sep2026 23:24:20.285] [Worker-Main-15/WARN] [net.minecraft.client.resources.model.BlockStateModelLoader/]: Exception loading blockstate definition: 'industrialforegoing:blockstates/sludge.json' missing model for variant: 'industrialforegoing:sludge#level=2'
[26Sep2026 23:24:20.285] [Worker-Main-15/WARN] [net.minecraft.client.resources.model.BlockStateModelLoader/]: Exception loading blockstate definition: 'industrialforegoing:blockstates/sludge.json' missing model for variant: 'industrialforegoing:sludge#level=9'
[26Sep2026 23:24:20.285] [Worker-Main-15/WARN] [net.minecraft.client.resources.model.BlockStateModelLoader/]: Exception loading blockstate definition: 'industrialforegoing:blockstates/sludge.json' missing model for variant: 'industrialforegoing:sludge#level=8'
[26Sep2026 23:24:20.285] [Worker-Main-15/WARN] [net.minecraft.client.resources.model.BlockStateModelLoader/]: Exception loading blockstate definition: 'industrialforegoing:blockstates/sludge.json' missing model for variant: 'industrialforegoing:sludge#level=7'
[26Sep2026 23:24:20.285] [Worker-Main-15/WARN] [net.minecraft.client.resources.model.BlockStateModelLoader/]: Exception loading blockstate definition: 'industrialforegoing:blockstates/sludge.json' missing model for variant: 'industrialforegoing:sludge#level=6'
[26Sep2026 23:24:20.285] [Worker-Main-15/WARN] [net.minecraft.client.resources.model.BlockStateModelLoader/]: Exception loading blockstate definition: 'industrialforegoing:blockstates/sludge.json' missing model for variant: 'industrialforegoing:sludge#level=1'
[26Sep2026 23:24:20.285] [Worker-Main-15/WARN] [net.minecraft.client.resources.model.BlockStateModelLoader/]: Exception loading blockstate definition: 'industrialforegoing:blockstates/sludge.json' missing model for variant: 'industrialforegoing:sludge#level=0'
[26Sep2026 23:24:20.285] [Worker-Main-15/WARN] [net.minecraft.client.resources.model.BlockStateModelLoader/]: Exception loading blockstate definition: 'industrialforegoing:blockstates/sludge.json' missing model for variant: 'industrialforegoing:sludge#level=10'
[26Sep2026 23:24:20.285] [Worker-Main-15/WARN] [net.minecraft.client.resources.model.BlockStateModelLoader/]: Exception loading blockstate definition: 'industrialforegoing:blockstates/sludge.json' missing model for variant: 'industrialforegoing:sludge#level=15'
[26Sep2026 23:24:20.285] [Worker-Main-15/WARN] [net.minecraft.client.resources.model.BlockStateModelLoader/]: Exception loading blockstate definition: 'industrialforegoing:blockstates/sludge.json' missing model for variant: 'industrialforegoing:sludge#level=11'
[26Sep2026 23:24:20.285] [Worker-Main-15/WARN] [net.minecraft.client.resources.model.BlockStateModelLoader/]: Exception loading blockstate definition: 'industrialforegoing:blockstates/sludge.json' missing model for variant: 'industrialforegoing:sludge#level=12'
[26Sep2026 23:24:20.285] [Worker-Main-15/WARN] [net.minecraft.client.resources.model.BlockStateModelLoader/]: Exception loading blockstate definition: 'industrialforegoing:blockstates/sludge.json' missing model for variant: 'industrialforegoing:sludge#level=13'
[26Sep2026 23:24:20.285] [Worker-Main-15/WARN] [net.minecraft.client.resources.model.BlockStateModelLoader/]: Exception loading blockstate definition: 'industrialforegoing:blockstates/sludge.json' missing model for variant: 'industrialforegoing:sludge#level=14'
[26Sep2026 23:24:20.285] [Worker-Main-15/WARN] [net.minecraft.client.resources.model.BlockStateModelLoader/]: Exception loading blockstate definition: 'industrialforegoing:blockstates/pink_slime.json' missing model for variant: 'industrialforegoing:pink_slime#level=9'
[26Sep2026 23:24:20.286] [Worker-Main-15/WARN] [net.minecraft.client.resources.model.BlockStateModelLoader/]: Exception loading blockstate definition: 'industrialforegoing:blockstates/pink_slime.json' missing model for variant: 'industrialforegoing:pink_slime#level=8'
[26Sep2026 23:24:20.286] [Worker-Main-15/WARN] [net.minecraft.client.resources.model.BlockStateModelLoader/]: Exception loading blockstate definition: 'industrialforegoing:blockstates/pink_slime.json' missing model for variant: 'industrialforegoing:pink_slime#level=7'
[26Sep2026 23:24:20.286] [Worker-Main-15/WARN] [net.minecraft.client.resources.model.BlockStateModelLoader/]: Exception loading blockstate definition: 'industrialforegoing:blockstates/pink_slime.json' missing model for variant: 'industrialforegoing:pink_slime#level=6'
[26Sep2026 23:24:20.286] [Worker-Main-15/WARN] [net.minecraft.client.resources.model.BlockStateModelLoader/]: Exception loading blockstate definition: 'industrialforegoing:blockstates/pink_slime.json' missing model for variant: 'industrialforegoing:pink_slime#level=5'
[26Sep2026 23:24:20.286] [Worker-Main-15/WARN] [net.minecraft.client.resources.model.BlockStateModelLoader/]: Exception loading blockstate definition: 'industrialforegoing:blockstates/pink_slime.json' missing model for variant: 'industrialforegoing:pink_slime#level=4'
[26Sep2026 23:24:20.286] [Worker-Main-15/WARN] [net.minecraft.client.resources.model.BlockStateModelLoader/]: Exception loading blockstate definition: 'industrialforegoing:blockstates/pink_slime.json' missing model for variant: 'industrialforegoing:pink_slime#level=3'
[26Sep2026 23:24:20.286] [Worker-Main-15/WARN] [net.minecraft.client.resources.model.BlockStateModelLoader/]: Exception loading blockstate definition: 'industrialforegoing:blockstates/pink_slime.json' missing model for variant: 'industrialforegoing:pink_slime#level=10'
[26Sep2026 23:24:20.286] [Worker-Main-15/WARN] [net.minecraft.client.resources.model.BlockStateModelLoader/]: Exception loading blockstate definition: 'industrialforegoing:blockstates/pink_slime.json' missing model for variant: 'industrialforegoing:pink_slime#level=11'
[26Sep2026 23:24:20.286] [Worker-Main-15/WARN] [net.minecraft.client.resources.model.BlockStateModelLoader/]: Exception loading blockstate definition: 'industrialforegoing:blockstates/pink_slime.json' missing model for variant: 'industrialforegoing:pink_slime#level=12'
[26Sep2026 23:24:20.286] [Worker-Main-15/WARN] [net.minecraft.client.resources.model.BlockStateModelLoader/]: Exception loading blockstate definition: 'industrialforegoing:blockstates/pink_slime.json' missing model for variant: 'industrialforegoing:pink_slime#level=13'
[26Sep2026 23:24:20.286] [Worker-Main-15/WARN] [net.minecraft.client.resources.model.BlockStateModelLoader/]: Exception loading blockstate definition: 'industrialforegoing:blockstates/pink_slime.json' missing model for variant: 'industrialforegoing:pink_slime#level=14'
[26Sep2026 23:24:20.286] [Worker-Main-15/WARN] [net.minecraft.client.resources.model.BlockStateModelLoader/]: Exception loading blockstate definition: 'industrialforegoing:blockstates/pink_slime.json' missing model for variant: 'industrialforegoing:pink_slime#level=15'
[26Sep2026 23:24:20.286] [Worker-Main-15/WARN] [net.minecraft.client.resources.model.BlockStateModelLoader/]: Exception loading blockstate definition: 'industrialforegoing:blockstates/pink_slime.json' missing model for variant: 'industrialforegoing:pink_slime#level=2'
[26Sep2026 23:24:20.286] [Worker-Main-15/WARN] [net.minecraft.client.resources.model.BlockStateModelLoader/]: Exception loading blockstate definition: 'industrialforegoing:blockstates/pink_slime.json' missing model for variant: 'industrialforegoing:pink_slime#level=1'
[26Sep2026 23:24:20.286] [Worker-Main-15/WARN] [net.minecraft.client.resources.model.BlockStateModelLoader/]: Exception loading blockstate definition: 'industrialforegoing:blockstates/pink_slime.json' missing model for variant: 'industrialforegoing:pink_slime#level=0'
[26Sep2026 23:24:20.286] [Worker-Main-15/WARN] [net.minecraft.client.resources.model.BlockStateModelLoader/]: Exception loading blockstate definition: 'industrialforegoing:blockstates/biofuel.json' missing model for variant: 'industrialforegoing:biofuel#level=5'
[26Sep2026 23:24:20.286] [Worker-Main-15/WARN] [net.minecraft.client.resources.model.BlockStateModelLoader/]: Exception loading blockstate definition: 'industrialforegoing:blockstates/biofuel.json' missing model for variant: 'industrialforegoing:biofuel#level=4'
[26Sep2026 23:24:20.286] [Worker-Main-15/WARN] [net.minecraft.client.resources.model.BlockStateModelLoader/]: Exception loading blockstate definition: 'industrialforegoing:blockstates/biofuel.json' missing model for variant: 'industrialforegoing:biofuel#level=3'
[26Sep2026 23:24:20.286] [Worker-Main-15/WARN] [net.minecraft.client.resources.model.BlockStateModelLoader/]: Exception loading blockstate definition: 'industrialforegoing:blockstates/biofuel.json' missing model for variant: 'industrialforegoing:biofuel#level=2'
[26Sep2026 23:24:20.286] [Worker-Main-15/WARN] [net.minecraft.client.resources.model.BlockStateModelLoader/]: Exception loading blockstate definition: 'industrialforegoing:blockstates/biofuel.json' missing model for variant: 'industrialforegoing:biofuel#level=9'
[26Sep2026 23:24:20.286] [Worker-Main-15/WARN] [net.minecraft.client.resources.model.BlockStateModelLoader/]: Exception loading blockstate definition: 'industrialforegoing:blockstates/biofuel.json' missing model for variant: 'industrialforegoing:biofuel#level=8'
[26Sep2026 23:24:20.286] [Worker-Main-15/WARN] [net.minecraft.client.resources.model.BlockStateModelLoader/]: Exception loading blockstate definition: 'industrialforegoing:blockstates/biofuel.json' missing model for variant: 'industrialforegoing:biofuel#level=7'
[26Sep2026 23:24:20.286] [Worker-Main-15/WARN] [net.minecraft.client.resources.model.BlockStateModelLoader/]: Exception loading blockstate definition: 'industrialforegoing:blockstates/biofuel.json' missing model for variant: 'industrialforegoing:biofuel#level=6'
[26Sep2026 23:24:20.286] [Worker-Main-15/WARN] [net.minecraft.client.resources.model.BlockStateModelLoader/]: Exception loading blockstate definition: 'industrialforegoing:blockstates/biofuel.json' missing model for variant: 'industrialforegoing:biofuel#level=15'
[26Sep2026 23:24:20.286] [Worker-Main-15/WARN] [net.minecraft.client.resources.model.BlockStateModelLoader/]: Exception loading blockstate definition: 'industrialforegoing:blockstates/biofuel.json' missing model for variant: 'industrialforegoing:biofuel#level=11'
[26Sep2026 23:24:20.287] [Worker-Main-15/WARN] [net.minecraft.client.resources.model.BlockStateModelLoader/]: Exception loading blockstate definition: 'industrialforegoing:blockstates/biofuel.json' missing model for variant: 'industrialforegoing:biofuel#level=12'
[26Sep2026 23:24:20.287] [Worker-Main-15/WARN] [net.minecraft.client.resources.model.BlockStateModelLoader/]: Exception loading blockstate definition: 'industrialforegoing:blockstates/biofuel.json' missing model for variant: 'industrialforegoing:biofuel#level=13'
[26Sep2026 23:24:20.287] [Worker-Main-15/WARN] [net.minecraft.client.resources.model.BlockStateModelLoader/]: Exception loading blockstate definition: 'industrialforegoing:blockstates/biofuel.json' missing model for variant: 'industrialforegoing:biofuel#level=14'
[26Sep2026 23:24:20.287] [Worker-Main-15/WARN] [net.minecraft.client.resources.model.BlockStateModelLoader/]: Exception loading blockstate definition: 'industrialforegoing:blockstates/biofuel.json' missing model for variant: 'industrialforegoing:biofuel#level=10'
[26Sep2026 23:24:20.287] [Worker-Main-15/WARN] [net.minecraft.client.resources.model.BlockStateModelLoader/]: Exception loading blockstate definition: 'industrialforegoing:blockstates/biofuel.json' missing model for variant: 'industrialforegoing:biofuel#level=1'
[26Sep2026 23:24:20.287] [Worker-Main-15/WARN] [net.minecraft.client.resources.model.BlockStateModelLoader/]: Exception loading blockstate definition: 'industrialforegoing:blockstates/biofuel.json' missing model for variant: 'industrialforegoing:biofuel#level=0'
[26Sep2026 23:24:20.287] [Worker-Main-15/WARN] [net.minecraft.client.resources.model.BlockStateModelLoader/]: Exception loading blockstate definition: 'industrialforegoing:blockstates/ether_gas.json' missing model for variant: 'industrialforegoing:ether_gas#level=7'
[26Sep2026 23:24:20.287] [Worker-Main-15/WARN] [net.minecraft.client.resources.model.BlockStateModelLoader/]: Exception loading blockstate definition: 'industrialforegoing:blockstates/ether_gas.json' missing model for variant: 'industrialforegoing:ether_gas#level=6'
[26Sep2026 23:24:20.287] [Worker-Main-15/WARN] [net.minecraft.client.resources.model.BlockStateModelLoader/]: Exception loading blockstate definition: 'industrialforegoing:blockstates/ether_gas.json' missing model for variant: 'industrialforegoing:ether_gas#level=5'
[26Sep2026 23:24:20.287] [Worker-Main-15/WARN] [net.minecraft.client.resources.model.BlockStateModelLoader/]: Exception loading blockstate definition: 'industrialforegoing:blockstates/ether_gas.json' missing model for variant: 'industrialforegoing:ether_gas#level=4'
[26Sep2026 23:24:20.287] [Worker-Main-15/WARN] [net.minecraft.client.resources.model.BlockStateModelLoader/]: Exception loading blockstate definition: 'industrialforegoing:blockstates/ether_gas.json' missing model for variant: 'industrialforegoing:ether_gas#level=9'
[26Sep2026 23:24:20.287] [Worker-Main-15/WARN] [net.minecraft.client.resources.model.BlockStateModelLoader/]: Exception loading blockstate definition: 'industrialforegoing:blockstates/ether_gas.json' missing model for variant: 'industrialforegoing:ether_gas#level=8'
[26Sep2026 23:24:20.287] [Worker-Main-15/WARN] [net.minecraft.client.resources.model.BlockStateModelLoader/]: Exception loading blockstate definition: 'industrialforegoing:blockstates/ether_gas.json' missing model for variant: 'industrialforegoing:ether_gas#level=15'
[26Sep2026 23:24:20.287] [Worker-Main-15/WARN] [net.minecraft.client.resources.model.BlockStateModelLoader/]: Exception loading blockstate definition: 'industrialforegoing:blockstates/ether_gas.json' missing model for variant: 'industrialforegoing:ether_gas#level=14'
[26Sep2026 23:24:20.287] [Worker-Main-15/WARN] [net.minecraft.client.resources.model.BlockStateModelLoader/]: Exception loading blockstate definition: 'industrialforegoing:blockstates/ether_gas.json' missing model for variant: 'industrialforegoing:ether_gas#level=13'
[26Sep2026 23:24:20.287] [Worker-Main-15/WARN] [net.minecraft.client.resources.model.BlockStateModelLoader/]: Exception loading blockstate definition: 'industrialforegoing:blockstates/ether_gas.json' missing model for variant: 'industrialforegoing:ether_gas#level=12'
[26Sep2026 23:24:20.287] [Worker-Main-15/WARN] [net.minecraft.client.resources.model.BlockStateModelLoader/]: Exception loading blockstate definition: 'industrialforegoing:blockstates/ether_gas.json' missing model for variant: 'industrialforegoing:ether_gas#level=11'
[26Sep2026 23:24:20.287] [Worker-Main-15/WARN] [net.minecraft.client.resources.model.BlockStateModelLoader/]: Exception loading blockstate definition: 'industrialforegoing:blockstates/ether_gas.json' missing model for variant: 'industrialforegoing:ether_gas#level=10'
[26Sep2026 23:24:20.288] [Worker-Main-15/WARN] [net.minecraft.client.resources.model.BlockStateModelLoader/]: Exception loading blockstate definition: 'industrialforegoing:blockstates/ether_gas.json' missing model for variant: 'industrialforegoing:ether_gas#level=3'
[26Sep2026 23:24:20.288] [Worker-Main-15/WARN] [net.minecraft.client.resources.model.BlockStateModelLoader/]: Exception loading blockstate definition: 'industrialforegoing:blockstates/ether_gas.json' missing model for variant: 'industrialforegoing:ether_gas#level=2'
[26Sep2026 23:24:20.288] [Worker-Main-15/WARN] [net.minecraft.client.resources.model.BlockStateModelLoader/]: Exception loading blockstate definition: 'industrialforegoing:blockstates/ether_gas.json' missing model for variant: 'industrialforegoing:ether_gas#level=1'
[26Sep2026 23:24:20.288] [Worker-Main-15/WARN] [net.minecraft.client.resources.model.BlockStateModelLoader/]: Exception loading blockstate definition: 'industrialforegoing:blockstates/ether_gas.json' missing model for variant: 'industrialforegoing:ether_gas#level=0'
[26Sep2026 23:24:20.288] [Worker-Main-15/WARN] [net.minecraft.client.resources.model.BlockStateModelLoader/]: Exception loading blockstate definition: 'industrialforegoing:blockstates/raw_ore_meat.json' missing model for variant: 'industrialforegoing:raw_ore_meat#level=10'
[26Sep2026 23:24:20.288] [Worker-Main-15/WARN] [net.minecraft.client.resources.model.BlockStateModelLoader/]: Exception loading blockstate definition: 'industrialforegoing:blockstates/raw_ore_meat.json' missing model for variant: 'industrialforegoing:raw_ore_meat#level=11'
[26Sep2026 23:24:20.288] [Worker-Main-15/WARN] [net.minecraft.client.resources.model.BlockStateModelLoader/]: Exception loading blockstate definition: 'industrialforegoing:blockstates/raw_ore_meat.json' missing model for variant: 'industrialforegoing:raw_ore_meat#level=9'
[26Sep2026 23:24:20.288] [Worker-Main-15/WARN] [net.minecraft.client.resources.model.BlockStateModelLoader/]: Exception loading blockstate definition: 'industrialforegoing:blockstates/raw_ore_meat.json' missing model for variant: 'industrialforegoing:raw_ore_meat#level=8'
[26Sep2026 23:24:20.288] [Worker-Main-15/WARN] [net.minecraft.client.resources.model.BlockStateModelLoader/]: Exception loading blockstate definition: 'industrialforegoing:blockstates/raw_ore_meat.json' missing model for variant: 'industrialforegoing:raw_ore_meat#level=7'
[26Sep2026 23:24:20.288] [Worker-Main-15/WARN] [net.minecraft.client.resources.model.BlockStateModelLoader/]: Exception loading blockstate definition: 'industrialforegoing:blockstates/raw_ore_meat.json' missing model for variant: 'industrialforegoing:raw_ore_meat#level=6'
[26Sep2026 23:24:20.288] [Worker-Main-15/WARN] [net.minecraft.client.resources.model.BlockStateModelLoader/]: Exception loading blockstate definition: 'industrialforegoing:blockstates/raw_ore_meat.json' missing model for variant: 'industrialforegoing:raw_ore_meat#level=5'
[26Sep2026 23:24:20.288] [Worker-Main-15/WARN] [net.minecraft.client.resources.model.BlockStateModelLoader/]: Exception loading blockstate definition: 'industrialforegoing:blockstates/raw_ore_meat.json' missing model for variant: 'industrialforegoing:raw_ore_meat#level=4'
[26Sep2026 23:24:20.288] [Worker-Main-15/WARN] [net.minecraft.client.resources.model.BlockStateModelLoader/]: Exception loading blockstate definition: 'industrialforegoing:blockstates/raw_ore_meat.json' missing model for variant: 'industrialforegoing:raw_ore_meat#level=3'
[26Sep2026 23:24:20.288] [Worker-Main-15/WARN] [net.minecraft.client.resources.model.BlockStateModelLoader/]: Exception loading blockstate definition: 'industrialforegoing:blockstates/raw_ore_meat.json' missing model for variant: 'industrialforegoing:raw_ore_meat#level=2'
[26Sep2026 23:24:20.288] [Worker-Main-15/WARN] [net.minecraft.client.resources.model.BlockStateModelLoader/]: Exception loading blockstate definition: 'industrialforegoing:blockstates/raw_ore_meat.json' missing model for variant: 'industrialforegoing:raw_ore_meat#level=1'
[26Sep2026 23:24:20.288] [Worker-Main-15/WARN] [net.minecraft.client.resources.model.BlockStateModelLoader/]: Exception loading blockstate definition: 'industrialforegoing:blockstates/raw_ore_meat.json' missing model for variant: 'industrialforegoing:raw_ore_meat#level=0'
[26Sep2026 23:24:20.288] [Worker-Main-15/WARN] [net.minecraft.client.resources.model.BlockStateModelLoader/]: Exception loading blockstate definition: 'industrialforegoing:blockstates/raw_ore_meat.json' missing model for variant: 'industrialforegoing:raw_ore_meat#level=12'
[26Sep2026 23:24:20.288] [Worker-Main-15/WARN] [net.minecraft.client.resources.model.BlockStateModelLoader/]: Exception loading blockstate definition: 'industrialforegoing:blockstates/raw_ore_meat.json' missing model for variant: 'industrialforegoing:raw_ore_meat#level=13'
[26Sep2026 23:24:20.288] [Worker-Main-15/WARN] [net.minecraft.client.resources.model.BlockStateModelLoader/]: Exception loading blockstate definition: 'industrialforegoing:blockstates/raw_ore_meat.json' missing model for variant: 'industrialforegoing:raw_ore_meat#level=14'
[26Sep2026 23:24:20.289] [Worker-Main-15/WARN] [net.minecraft.client.resources.model.BlockStateModelLoader/]: Exception loading blockstate definition: 'industrialforegoing:blockstates/raw_ore_meat.json' missing model for variant: 'industrialforegoing:raw_ore_meat#level=15'
[26Sep2026 23:24:20.289] [Worker-Main-15/WARN] [net.minecraft.client.resources.model.BlockStateModelLoader/]: Exception loading blockstate definition: 'industrialforegoing:blockstates/fermented_ore_meat.json' missing model for variant: 'industrialforegoing:fermented_ore_meat#level=14'
[26Sep2026 23:24:20.289] [Worker-Main-15/WARN] [net.minecraft.client.resources.model.BlockStateModelLoader/]: Exception loading blockstate definition: 'industrialforegoing:blockstates/fermented_ore_meat.json' missing model for variant: 'industrialforegoing:fermented_ore_meat#level=15'
[26Sep2026 23:24:20.289] [Worker-Main-15/WARN] [net.minecraft.client.resources.model.BlockStateModelLoader/]: Exception loading blockstate definition: 'industrialforegoing:blockstates/fermented_ore_meat.json' missing model for variant: 'industrialforegoing:fermented_ore_meat#level=12'
[26Sep2026 23:24:20.289] [Worker-Main-15/WARN] [net.minecraft.client.resources.model.BlockStateModelLoader/]: Exception loading blockstate definition: 'industrialforegoing:blockstates/fermented_ore_meat.json' missing model for variant: 'industrialforegoing:fermented_ore_meat#level=13'
[26Sep2026 23:24:20.289] [Worker-Main-15/WARN] [net.minecraft.client.resources.model.BlockStateModelLoader/]: Exception loading blockstate definition: 'industrialforegoing:blockstates/fermented_ore_meat.json' missing model for variant: 'industrialforegoing:fermented_ore_meat#level=1'
[26Sep2026 23:24:20.289] [Worker-Main-15/WARN] [net.minecraft.client.resources.model.BlockStateModelLoader/]: Exception loading blockstate definition: 'industrialforegoing:blockstates/fermented_ore_meat.json' missing model for variant: 'industrialforegoing:fermented_ore_meat#level=2'
[26Sep2026 23:24:20.289] [Worker-Main-15/WARN] [net.minecraft.client.resources.model.BlockStateModelLoader/]: Exception loading blockstate definition: 'industrialforegoing:blockstates/fermented_ore_meat.json' missing model for variant: 'industrialforegoing:fermented_ore_meat#level=0'
[26Sep2026 23:24:20.289] [Worker-Main-15/WARN] [net.minecraft.client.resources.model.BlockStateModelLoader/]: Exception loading blockstate definition: 'industrialforegoing:blockstates/fermented_ore_meat.json' missing model for variant: 'industrialforegoing:fermented_ore_meat#level=5'
[26Sep2026 23:24:20.289] [Worker-Main-15/WARN] [net.minecraft.client.resources.model.BlockStateModelLoader/]: Exception loading blockstate definition: 'industrialforegoing:blockstates/fermented_ore_meat.json' missing model for variant: 'industrialforegoing:fermented_ore_meat#level=6'
[26Sep2026 23:24:20.289] [Worker-Main-15/WARN] [net.minecraft.client.resources.model.BlockStateModelLoader/]: Exception loading blockstate definition: 'industrialforegoing:blockstates/fermented_ore_meat.json' missing model for variant: 'industrialforegoing:fermented_ore_meat#level=3'
[26Sep2026 23:24:20.289] [Worker-Main-15/WARN] [net.minecraft.client.resources.model.BlockStateModelLoader/]: Exception loading blockstate definition: 'industrialforegoing:blockstates/fermented_ore_meat.json' missing model for variant: 'industrialforegoing:fermented_ore_meat#level=4'
[26Sep2026 23:24:20.289] [Worker-Main-15/WARN] [net.minecraft.client.resources.model.BlockStateModelLoader/]: Exception loading blockstate definition: 'industrialforegoing:blockstates/fermented_ore_meat.json' missing model for variant: 'industrialforegoing:fermented_ore_meat#level=9'
[26Sep2026 23:24:20.289] [Worker-Main-15/WARN] [net.minecraft.client.resources.model.BlockStateModelLoader/]: Exception loading blockstate definition: 'industrialforegoing:blockstates/fermented_ore_meat.json' missing model for variant: 'industrialforegoing:fermented_ore_meat#level=10'
[26Sep2026 23:24:20.289] [Worker-Main-15/WARN] [net.minecraft.client.resources.model.BlockStateModelLoader/]: Exception loading blockstate definition: 'industrialforegoing:blockstates/fermented_ore_meat.json' missing model for variant: 'industrialforegoing:fermented_ore_meat#level=11'
[26Sep2026 23:24:20.289] [Worker-Main-15/WARN] [net.minecraft.client.resources.model.BlockStateModelLoader/]: Exception loading blockstate definition: 'industrialforegoing:blockstates/fermented_ore_meat.json' missing model for variant: 'industrialforegoing:fermented_ore_meat#level=7'
[26Sep2026 23:24:20.289] [Worker-Main-15/WARN] [net.minecraft.client.resources.model.BlockStateModelLoader/]: Exception loading blockstate definition: 'industrialforegoing:blockstates/fermented_ore_meat.json' missing model for variant: 'industrialforegoing:fermented_ore_meat#level=8'
[26Sep2026 23:24:20.292] [Worker-Main-15/WARN] [net.minecraft.client.resources.model.BlockStateModelLoader/]: Exception loading blockstate definition: 'industrial_forogoing_souls_addon:blockstates/example_block.json' missing model for variant: 'industrial_forogoing_souls_addon:example_block#'
[26Sep2026 23:24:20.292] [Worker-Main-15/WARN] [net.minecraft.client.resources.model.BlockStateModelLoader/]: Exception loading blockstate definition: 'industrial_forogoing_souls_addon:blockstates/soul_infuser.json' missing model for variant: 'industrial_forogoing_souls_addon:soul_infuser#'
[26Sep2026 23:24:20.292] [Worker-Main-15/WARN] [net.minecraft.client.resources.model.BlockStateModelLoader/]: Exception loading blockstate definition: 'titanium:blockstates/block_test.json' missing model for variant: 'titanium:block_test#subfacing=west'
[26Sep2026 23:24:20.293] [Worker-Main-15/WARN] [net.minecraft.client.resources.model.BlockStateModelLoader/]: Exception loading blockstate definition: 'titanium:blockstates/block_test.json' missing model for variant: 'titanium:block_test#subfacing=east'
[26Sep2026 23:24:20.293] [Worker-Main-15/WARN] [net.minecraft.client.resources.model.BlockStateModelLoader/]: Exception loading blockstate definition: 'titanium:blockstates/block_test.json' missing model for variant: 'titanium:block_test#subfacing=north'
[26Sep2026 23:24:20.293] [Worker-Main-15/WARN] [net.minecraft.client.resources.model.BlockStateModelLoader/]: Exception loading blockstate definition: 'titanium:blockstates/block_test.json' missing model for variant: 'titanium:block_test#subfacing=south'
[26Sep2026 23:24:20.293] [Worker-Main-15/WARN] [net.minecraft.client.resources.model.BlockStateModelLoader/]: Exception loading blockstate definition: 'titanium:blockstates/block_twenty_four_test.json' missing model for variant: 'titanium:block_twenty_four_test#facing=down,subfacing=west'
[26Sep2026 23:24:20.293] [Worker-Main-15/WARN] [net.minecraft.client.resources.model.BlockStateModelLoader/]: Exception loading blockstate definition: 'titanium:blockstates/block_twenty_four_test.json' missing model for variant: 'titanium:block_twenty_four_test#facing=east,subfacing=south'
[26Sep2026 23:24:20.293] [Worker-Main-15/WARN] [net.minecraft.client.resources.model.BlockStateModelLoader/]: Exception loading blockstate definition: 'titanium:blockstates/block_twenty_four_test.json' missing model for variant: 'titanium:block_twenty_four_test#facing=up,subfacing=south'
[26Sep2026 23:24:20.293] [Worker-Main-15/WARN] [net.minecraft.client.resources.model.BlockStateModelLoader/]: Exception loading blockstate definition: 'titanium:blockstates/block_twenty_four_test.json' missing model for variant: 'titanium:block_twenty_four_test#facing=south,subfacing=north'
[26Sep2026 23:24:20.293] [Worker-Main-15/WARN] [net.minecraft.client.resources.model.BlockStateModelLoader/]: Exception loading blockstate definition: 'titanium:blockstates/block_twenty_four_test.json' missing model for variant: 'titanium:block_twenty_four_test#facing=up,subfacing=north'
[26Sep2026 23:24:20.293] [Worker-Main-15/WARN] [net.minecraft.client.resources.model.BlockStateModelLoader/]: Exception loading blockstate definition: 'titanium:blockstates/block_twenty_four_test.json' missing model for variant: 'titanium:block_twenty_four_test#facing=east,subfacing=north'
[26Sep2026 23:24:20.293] [Worker-Main-15/WARN] [net.minecraft.client.resources.model.BlockStateModelLoader/]: Exception loading blockstate definition: 'titanium:blockstates/block_twenty_four_test.json' missing model for variant: 'titanium:block_twenty_four_test#facing=south,subfacing=south'
[26Sep2026 23:24:20.293] [Worker-Main-15/WARN] [net.minecraft.client.resources.model.BlockStateModelLoader/]: Exception loading blockstate definition: 'titanium:blockstates/block_twenty_four_test.json' missing model for variant: 'titanium:block_twenty_four_test#facing=west,subfacing=south'
[26Sep2026 23:24:20.293] [Worker-Main-15/WARN] [net.minecraft.client.resources.model.BlockStateModelLoader/]: Exception loading blockstate definition: 'titanium:blockstates/block_twenty_four_test.json' missing model for variant: 'titanium:block_twenty_four_test#facing=west,subfacing=north'
[26Sep2026 23:24:20.293] [Worker-Main-15/WARN] [net.minecraft.client.resources.model.BlockStateModelLoader/]: Exception loading blockstate definition: 'titanium:blockstates/block_twenty_four_test.json' missing model for variant: 'titanium:block_twenty_four_test#facing=west,subfacing=west'
[26Sep2026 23:24:20.293] [Worker-Main-15/WARN] [net.minecraft.client.resources.model.BlockStateModelLoader/]: Exception loading blockstate definition: 'titanium:blockstates/block_twenty_four_test.json' missing model for variant: 'titanium:block_twenty_four_test#facing=down,subfacing=south'
[26Sep2026 23:24:20.293] [Worker-Main-15/WARN] [net.minecraft.client.resources.model.BlockStateModelLoader/]: Exception loading blockstate definition: 'titanium:blockstates/block_twenty_four_test.json' missing model for variant: 'titanium:block_twenty_four_test#facing=north,subfacing=south'
[26Sep2026 23:24:20.293] [Worker-Main-15/WARN] [net.minecraft.client.resources.model.BlockStateModelLoader/]: Exception loading blockstate definition: 'titanium:blockstates/block_twenty_four_test.json' missing model for variant: 'titanium:block_twenty_four_test#facing=north,subfacing=west'
[26Sep2026 23:24:20.293] [Worker-Main-15/WARN] [net.minecraft.client.resources.model.BlockStateModelLoader/]: Exception loading blockstate definition: 'titanium:blockstates/block_twenty_four_test.json' missing model for variant: 'titanium:block_twenty_four_test#facing=west,subfacing=east'
[26Sep2026 23:24:20.293] [Worker-Main-15/WARN] [net.minecraft.client.resources.model.BlockStateModelLoader/]: Exception loading blockstate definition: 'titanium:blockstates/block_twenty_four_test.json' missing model for variant: 'titanium:block_twenty_four_test#facing=north,subfacing=east'
[26Sep2026 23:24:20.293] [Worker-Main-15/WARN] [net.minecraft.client.resources.model.BlockStateModelLoader/]: Exception loading blockstate definition: 'titanium:blockstates/block_twenty_four_test.json' missing model for variant: 'titanium:block_twenty_four_test#facing=north,subfacing=north'
[26Sep2026 23:24:20.293] [Worker-Main-15/WARN] [net.minecraft.client.resources.model.BlockStateModelLoader/]: Exception loading blockstate definition: 'titanium:blockstates/block_twenty_four_test.json' missing model for variant: 'titanium:block_twenty_four_test#facing=south,subfacing=east'
[26Sep2026 23:24:20.293] [Worker-Main-15/WARN] [net.minecraft.client.resources.model.BlockStateModelLoader/]: Exception loading blockstate definition: 'titanium:blockstates/block_twenty_four_test.json' missing model for variant: 'titanium:block_twenty_four_test#facing=up,subfacing=west'
[26Sep2026 23:24:20.293] [Worker-Main-15/WARN] [net.minecraft.client.resources.model.BlockStateModelLoader/]: Exception loading blockstate definition: 'titanium:blockstates/block_twenty_four_test.json' missing model for variant: 'titanium:block_twenty_four_test#facing=east,subfacing=west'
[26Sep2026 23:24:20.293] [Worker-Main-15/WARN] [net.minecraft.client.resources.model.BlockStateModelLoader/]: Exception loading blockstate definition: 'titanium:blockstates/block_twenty_four_test.json' missing model for variant: 'titanium:block_twenty_four_test#facing=east,subfacing=east'
[26Sep2026 23:24:20.293] [Worker-Main-15/WARN] [net.minecraft.client.resources.model.BlockStateModelLoader/]: Exception loading blockstate definition: 'titanium:blockstates/block_twenty_four_test.json' missing model for variant: 'titanium:block_twenty_four_test#facing=down,subfacing=north'
[26Sep2026 23:24:20.295] [Worker-Main-15/WARN] [net.minecraft.client.resources.model.BlockStateModelLoader/]: Exception loading blockstate definition: 'titanium:blockstates/block_twenty_four_test.json' missing model for variant: 'titanium:block_twenty_four_test#facing=down,subfacing=east'
[26Sep2026 23:24:20.295] [Worker-Main-15/WARN] [net.minecraft.client.resources.model.BlockStateModelLoader/]: Exception loading blockstate definition: 'titanium:blockstates/block_twenty_four_test.json' missing model for variant: 'titanium:block_twenty_four_test#facing=up,subfacing=east'
[26Sep2026 23:24:20.295] [Worker-Main-15/WARN] [net.minecraft.client.resources.model.BlockStateModelLoader/]: Exception loading blockstate definition: 'titanium:blockstates/block_twenty_four_test.json' missing model for variant: 'titanium:block_twenty_four_test#facing=south,subfacing=west'
[26Sep2026 23:24:20.295] [Worker-Main-15/WARN] [net.minecraft.client.resources.model.BlockStateModelLoader/]: Exception loading blockstate definition: 'titanium:blockstates/block_asset_test.json' missing model for variant: 'titanium:block_asset_test#subfacing=north'
[26Sep2026 23:24:20.295] [Worker-Main-15/WARN] [net.minecraft.client.resources.model.BlockStateModelLoader/]: Exception loading blockstate definition: 'titanium:blockstates/block_asset_test.json' missing model for variant: 'titanium:block_asset_test#subfacing=west'
[26Sep2026 23:24:20.295] [Worker-Main-15/WARN] [net.minecraft.client.resources.model.BlockStateModelLoader/]: Exception loading blockstate definition: 'titanium:blockstates/block_asset_test.json' missing model for variant: 'titanium:block_asset_test#subfacing=east'
[26Sep2026 23:24:20.295] [Worker-Main-15/WARN] [net.minecraft.client.resources.model.BlockStateModelLoader/]: Exception loading blockstate definition: 'titanium:blockstates/block_asset_test.json' missing model for variant: 'titanium:block_asset_test#subfacing=south'
[26Sep2026 23:24:20.295] [Worker-Main-15/WARN] [net.minecraft.client.resources.model.BlockStateModelLoader/]: Exception loading blockstate definition: 'titanium:blockstates/machine_test.json' missing model for variant: 'titanium:machine_test#'
[26Sep2026 23:24:20.295] [Worker-Main-15/WARN] [net.minecraft.client.resources.model.BlockStateModelLoader/]: Exception loading blockstate definition: 'titanium:blockstates/creative_generator.json' missing model for variant: 'titanium:creative_generator#'
[26Sep2026 23:24:20.341] [Worker-Main-15/WARN] [net.minecraft.client.resources.model.ModelBakery/]: Unable to load model: 'enderio:block/block_detector' referenced from: enderio:block/block_detector: java.io.FileNotFoundException: enderio:models/block/block_detector.json
[26Sep2026 23:24:20.349] [Worker-Main-15/WARN] [net.minecraft.client.resources.model.ModelBakery/]: Unable to load model: 'industrial_forogoing_souls_addon:item/soul_infuser' referenced from: industrial_forogoing_souls_addon:item/soul_infuser: java.io.FileNotFoundException: industrial_forogoing_souls_addon:models/item/soul_infuser.json
[26Sep2026 23:24:20.352] [Worker-Main-15/WARN] [net.minecraft.client.resources.model.ModelBakery/]: Unable to load model: 'industrial_forogoing_souls_addon:item/injectro_souls_item' referenced from: industrial_forogoing_souls_addon:item/injectro_souls_item: java.io.FileNotFoundException: industrial_forogoing_souls_addon:models/item/injectro_souls_item.json
[26Sep2026 23:24:20.354] [Worker-Main-15/WARN] [net.minecraft.client.resources.model.ModelBakery/]: Unable to load model: 'industrial_forogoing_souls_addon:item/example_block' referenced from: industrial_forogoing_souls_addon:item/example_block: java.io.FileNotFoundException: industrial_forogoing_souls_addon:models/item/example_block.json
[26Sep2026 23:24:20.354] [Worker-Main-15/WARN] [net.minecraft.client.resources.model.ModelBakery/]: Unable to load model: 'titanium:item/creative_generator' referenced from: titanium:item/creative_generator: java.io.FileNotFoundException: titanium:models/item/creative_generator.json
[26Sep2026 23:24:20.355] [Worker-Main-15/WARN] [net.minecraft.client.resources.model.ModelBakery/]: Unable to load model: 'titanium:item/block_test' referenced from: titanium:item/block_test: java.io.FileNotFoundException: titanium:models/item/block_test.json
[26Sep2026 23:24:20.358] [Worker-Main-15/WARN] [net.minecraft.client.resources.model.ModelBakery/]: Unable to load model: 'titanium:item/block_asset_test' referenced from: titanium:item/block_asset_test: java.io.FileNotFoundException: titanium:models/item/block_asset_test.json
[26Sep2026 23:24:20.359] [Worker-Main-15/WARN] [net.minecraft.client.resources.model.ModelBakery/]: Unable to load model: 'titanium:item/machine_test' referenced from: titanium:item/machine_test: java.io.FileNotFoundException: titanium:models/item/machine_test.json
[26Sep2026 23:24:20.359] [Worker-Main-15/WARN] [net.minecraft.client.resources.model.ModelBakery/]: Unable to load model: 'industrial_forogoing_souls_addon:item/example_item' referenced from: industrial_forogoing_souls_addon:item/example_item: java.io.FileNotFoundException: industrial_forogoing_souls_addon:models/item/example_item.json
[26Sep2026 23:24:20.360] [Worker-Main-15/WARN] [net.minecraft.client.resources.model.ModelBakery/]: Unable to load model: 'titanium:item/block_twenty_four_test' referenced from: titanium:item/block_twenty_four_test: java.io.FileNotFoundException: titanium:models/item/block_twenty_four_test.json
[26Sep2026 23:24:21.421] [Worker-Main-10/DEBUG] [mekanism.common.Mekanism/]: Received IMC message 'add_module_container' from 'mekanism' for new module container 'ModuleContainerTarget[container=mekanism:meka_tool, imcMethod=add_meka_tool_modules]'.
[26Sep2026 23:24:21.421] [Worker-Main-10/DEBUG] [mekanism.common.Mekanism/]: Received IMC message 'add_module_container' from 'mekanism' for new module container 'ModuleContainerTarget[container=mekanism:mekasuit_helmet, imcMethod=add_meka_suit_helmet_modules]'.
[26Sep2026 23:24:21.421] [Worker-Main-10/DEBUG] [mekanism.common.Mekanism/]: Received IMC message 'add_module_container' from 'mekanism' for new module container 'ModuleContainerTarget[container=mekanism:mekasuit_bodyarmor, imcMethod=add_meka_suit_bodyarmor_modules]'.
[26Sep2026 23:24:21.421] [Worker-Main-10/DEBUG] [mekanism.common.Mekanism/]: Received IMC message 'add_module_container' from 'mekanism' for new module container 'ModuleContainerTarget[container=mekanism:mekasuit_pants, imcMethod=add_meka_suit_pants_modules]'.
[26Sep2026 23:24:21.421] [Worker-Main-10/DEBUG] [mekanism.common.Mekanism/]: Received IMC message 'add_module_container' from 'mekanism' for new module container 'ModuleContainerTarget[container=mekanism:mekasuit_boots, imcMethod=add_meka_suit_boots_modules]'.
[26Sep2026 23:24:21.424] [Worker-Main-10/DEBUG] [mekanism.common.Mekanism/]: Received IMC message 'add_meka_tool_modules' from 'mekanism' for module 'mekanism:energy_unit'.
[26Sep2026 23:24:21.424] [Worker-Main-10/DEBUG] [mekanism.common.Mekanism/]: Received IMC message 'add_meka_tool_modules' from 'mekanism' for module 'mekanism:attack_amplification_unit'.
[26Sep2026 23:24:21.424] [Worker-Main-10/DEBUG] [mekanism.common.Mekanism/]: Received IMC message 'add_meka_tool_modules' from 'mekanism' for module 'mekanism:silk_touch_unit'.
[26Sep2026 23:24:21.424] [Worker-Main-10/DEBUG] [mekanism.common.Mekanism/]: Received IMC message 'add_meka_tool_modules' from 'mekanism' for module 'mekanism:fortune_unit'.
[26Sep2026 23:24:21.424] [Worker-Main-10/DEBUG] [mekanism.common.Mekanism/]: Received IMC message 'add_meka_tool_modules' from 'mekanism' for module 'mekanism:blasting_unit'.
[26Sep2026 23:24:21.424] [Worker-Main-10/DEBUG] [mekanism.common.Mekanism/]: Received IMC message 'add_meka_tool_modules' from 'mekanism' for module 'mekanism:vein_mining_unit'.
[26Sep2026 23:24:21.424] [Worker-Main-10/DEBUG] [mekanism.common.Mekanism/]: Received IMC message 'add_meka_tool_modules' from 'mekanism' for module 'mekanism:farming_unit'.
[26Sep2026 23:24:21.424] [Worker-Main-10/DEBUG] [mekanism.common.Mekanism/]: Received IMC message 'add_meka_tool_modules' from 'mekanism' for module 'mekanism:shearing_unit'.
[26Sep2026 23:24:21.424] [Worker-Main-10/DEBUG] [mekanism.common.Mekanism/]: Received IMC message 'add_meka_tool_modules' from 'mekanism' for module 'mekanism:teleportation_unit'.
[26Sep2026 23:24:21.424] [Worker-Main-10/DEBUG] [mekanism.common.Mekanism/]: Received IMC message 'add_meka_tool_modules' from 'mekanism' for module 'mekanism:excavation_escalation_unit'.
[26Sep2026 23:24:21.426] [Worker-Main-10/DEBUG] [mekanism.common.Mekanism/]: Received IMC message 'add_meka_suit_helmet_modules' from 'mekanism' for module 'mekanism:energy_unit'.
[26Sep2026 23:24:21.426] [Worker-Main-10/DEBUG] [mekanism.common.Mekanism/]: Received IMC message 'add_meka_suit_helmet_modules' from 'mekanism' for module 'mekanism:color_modulation_unit'.
[26Sep2026 23:24:21.426] [Worker-Main-10/DEBUG] [mekanism.common.Mekanism/]: Received IMC message 'add_meka_suit_helmet_modules' from 'mekanism' for module 'mekanism:laser_dissipation_unit'.
[26Sep2026 23:24:21.426] [Worker-Main-10/DEBUG] [mekanism.common.Mekanism/]: Received IMC message 'add_meka_suit_helmet_modules' from 'mekanism' for module 'mekanism:radiation_shielding_unit'.
[26Sep2026 23:24:21.426] [Worker-Main-10/DEBUG] [mekanism.common.Mekanism/]: Received IMC message 'add_meka_suit_helmet_modules' from 'mekanism' for module 'mekanism:electrolytic_breathing_unit'.
[26Sep2026 23:24:21.426] [Worker-Main-10/DEBUG] [mekanism.common.Mekanism/]: Received IMC message 'add_meka_suit_helmet_modules' from 'mekanism' for module 'mekanism:inhalation_purification_unit'.
[26Sep2026 23:24:21.426] [Worker-Main-10/DEBUG] [mekanism.common.Mekanism/]: Received IMC message 'add_meka_suit_helmet_modules' from 'mekanism' for module 'mekanism:vision_enhancement_unit'.
[26Sep2026 23:24:21.426] [Worker-Main-10/DEBUG] [mekanism.common.Mekanism/]: Received IMC message 'add_meka_suit_helmet_modules' from 'mekanism' for module 'mekanism:nutritional_injection_unit'.
[26Sep2026 23:24:21.426] [Worker-Main-10/DEBUG] [mekanism.common.Mekanism/]: Received IMC message 'add_meka_suit_bodyarmor_modules' from 'mekanism' for module 'mekanism:energy_unit'.
[26Sep2026 23:24:21.426] [Worker-Main-10/DEBUG] [mekanism.common.Mekanism/]: Received IMC message 'add_meka_suit_bodyarmor_modules' from 'mekanism' for module 'mekanism:color_modulation_unit'.
[26Sep2026 23:24:21.426] [Worker-Main-10/DEBUG] [mekanism.common.Mekanism/]: Received IMC message 'add_meka_suit_bodyarmor_modules' from 'mekanism' for module 'mekanism:laser_dissipation_unit'.
[26Sep2026 23:24:21.426] [Worker-Main-10/DEBUG] [mekanism.common.Mekanism/]: Received IMC message 'add_meka_suit_bodyarmor_modules' from 'mekanism' for module 'mekanism:radiation_shielding_unit'.
[26Sep2026 23:24:21.427] [Worker-Main-10/DEBUG] [mekanism.common.Mekanism/]: Received IMC message 'add_meka_suit_bodyarmor_modules' from 'mekanism' for module 'mekanism:jetpack_unit'.
[26Sep2026 23:24:21.427] [Worker-Main-10/DEBUG] [mekanism.common.Mekanism/]: Received IMC message 'add_meka_suit_bodyarmor_modules' from 'mekanism' for module 'mekanism:gravitational_modulating_unit'.
[26Sep2026 23:24:21.427] [Worker-Main-10/DEBUG] [mekanism.common.Mekanism/]: Received IMC message 'add_meka_suit_bodyarmor_modules' from 'mekanism' for module 'mekanism:charge_distribution_unit'.
[26Sep2026 23:24:21.427] [Worker-Main-10/DEBUG] [mekanism.common.Mekanism/]: Received IMC message 'add_meka_suit_bodyarmor_modules' from 'mekanism' for module 'mekanism:dosimeter_unit'.
[26Sep2026 23:24:21.427] [Worker-Main-10/DEBUG] [mekanism.common.Mekanism/]: Received IMC message 'add_meka_suit_bodyarmor_modules' from 'mekanism' for module 'mekanism:geiger_unit'.
[26Sep2026 23:24:21.427] [Worker-Main-10/DEBUG] [mekanism.common.Mekanism/]: Received IMC message 'add_meka_suit_bodyarmor_modules' from 'mekanism' for module 'mekanism:elytra_unit'.
[26Sep2026 23:24:21.427] [Worker-Main-10/DEBUG] [mekanism.common.Mekanism/]: Received IMC message 'add_meka_suit_pants_modules' from 'mekanism' for module 'mekanism:energy_unit'.
[26Sep2026 23:24:21.427] [Worker-Main-10/DEBUG] [mekanism.common.Mekanism/]: Received IMC message 'add_meka_suit_pants_modules' from 'mekanism' for module 'mekanism:color_modulation_unit'.
[26Sep2026 23:24:21.427] [Worker-Main-10/DEBUG] [mekanism.common.Mekanism/]: Received IMC message 'add_meka_suit_pants_modules' from 'mekanism' for module 'mekanism:laser_dissipation_unit'.
[26Sep2026 23:24:21.427] [Worker-Main-10/DEBUG] [mekanism.common.Mekanism/]: Received IMC message 'add_meka_suit_pants_modules' from 'mekanism' for module 'mekanism:radiation_shielding_unit'.
[26Sep2026 23:24:21.427] [Worker-Main-10/DEBUG] [mekanism.common.Mekanism/]: Received IMC message 'add_meka_suit_pants_modules' from 'mekanism' for module 'mekanism:locomotive_boosting_unit'.
[26Sep2026 23:24:21.427] [Worker-Main-10/DEBUG] [mekanism.common.Mekanism/]: Received IMC message 'add_meka_suit_pants_modules' from 'mekanism' for module 'mekanism:gyroscopic_stabilization_unit'.
[26Sep2026 23:24:21.427] [Worker-Main-10/DEBUG] [mekanism.common.Mekanism/]: Received IMC message 'add_meka_suit_pants_modules' from 'mekanism' for module 'mekanism:hydrostatic_repulsor_unit'.
[26Sep2026 23:24:21.427] [Worker-Main-10/DEBUG] [mekanism.common.Mekanism/]: Received IMC message 'add_meka_suit_pants_modules' from 'mekanism' for module 'mekanism:motorized_servo_unit'.
[26Sep2026 23:24:21.427] [Worker-Main-10/DEBUG] [mekanism.common.Mekanism/]: Received IMC message 'add_meka_suit_boots_modules' from 'mekanism' for module 'mekanism:energy_unit'.
[26Sep2026 23:24:21.427] [Worker-Main-10/DEBUG] [mekanism.common.Mekanism/]: Received IMC message 'add_meka_suit_boots_modules' from 'mekanism' for module 'mekanism:color_modulation_unit'.
[26Sep2026 23:24:21.427] [Worker-Main-10/DEBUG] [mekanism.common.Mekanism/]: Received IMC message 'add_meka_suit_boots_modules' from 'mekanism' for module 'mekanism:laser_dissipation_unit'.
[26Sep2026 23:24:21.427] [Worker-Main-10/DEBUG] [mekanism.common.Mekanism/]: Received IMC message 'add_meka_suit_boots_modules' from 'mekanism' for module 'mekanism:radiation_shielding_unit'.
[26Sep2026 23:24:21.427] [Worker-Main-10/DEBUG] [mekanism.common.Mekanism/]: Received IMC message 'add_meka_suit_boots_modules' from 'mekanism' for module 'mekanism:hydraulic_propulsion_unit'.
[26Sep2026 23:24:21.427] [Worker-Main-10/DEBUG] [mekanism.common.Mekanism/]: Received IMC message 'add_meka_suit_boots_modules' from 'mekanism' for module 'mekanism:magnetic_attraction_unit'.
[26Sep2026 23:24:21.427] [Worker-Main-10/DEBUG] [mekanism.common.Mekanism/]: Received IMC message 'add_meka_suit_boots_modules' from 'mekanism' for module 'mekanism:frost_walker_unit'.
[26Sep2026 23:24:21.427] [Worker-Main-10/DEBUG] [mekanism.common.Mekanism/]: Received IMC message 'add_meka_suit_boots_modules' from 'mekanism' for module 'mekanism:soul_surfer_unit'.
[26Sep2026 23:24:21.481] [Worker-Main-15/INFO] [snownee.jade.Jade/]: Start loading plugin from snownee.jade.addon.vanilla.VanillaPlugin
[26Sep2026 23:24:21.518] [Worker-Main-15/INFO] [snownee.jade.Jade/]: Bootstrapped plugin from snownee.jade.addon.vanilla.VanillaPlugin in 35.13 ms
[26Sep2026 23:24:21.524] [Worker-Main-15/INFO] [snownee.jade.Jade/]: Loaded plugin from snownee.jade.addon.vanilla.VanillaPlugin in 41.01 ms
[26Sep2026 23:24:21.525] [Worker-Main-15/INFO] [snownee.jade.Jade/]: Start loading plugin from snownee.jade.addon.universal.UniversalPlugin
[26Sep2026 23:24:21.532] [Worker-Main-15/INFO] [snownee.jade.Jade/]: Bootstrapped plugin from snownee.jade.addon.universal.UniversalPlugin in 5.896 ms
[26Sep2026 23:24:21.533] [Worker-Main-15/INFO] [snownee.jade.Jade/]: Loaded plugin from snownee.jade.addon.universal.UniversalPlugin in 6.433 ms
[26Sep2026 23:24:21.533] [Worker-Main-15/INFO] [snownee.jade.Jade/]: Start loading plugin from snownee.jade.addon.debug.DebugPlugin
[26Sep2026 23:24:21.536] [Worker-Main-15/INFO] [snownee.jade.Jade/]: Bootstrapped plugin from snownee.jade.addon.debug.DebugPlugin in 2.104 ms
[26Sep2026 23:24:21.536] [Worker-Main-15/INFO] [snownee.jade.Jade/]: Loaded plugin from snownee.jade.addon.debug.DebugPlugin in 2.576 ms
[26Sep2026 23:24:21.536] [Worker-Main-15/INFO] [snownee.jade.Jade/]: Start loading plugin from snownee.jade.addon.core.CorePlugin
[26Sep2026 23:24:21.541] [Worker-Main-15/INFO] [snownee.jade.Jade/]: Bootstrapped plugin from snownee.jade.addon.core.CorePlugin in 4.238 ms
[26Sep2026 23:24:21.542] [Worker-Main-15/INFO] [snownee.jade.Jade/]: Loaded plugin from snownee.jade.addon.core.CorePlugin in 4.679 ms
[26Sep2026 23:24:21.542] [Worker-Main-15/INFO] [snownee.jade.Jade/]: Start loading plugin from mekanism.common.integration.lookingat.jade.MekanismJadePlugin
[26Sep2026 23:24:21.550] [Worker-Main-15/INFO] [snownee.jade.Jade/]: Bootstrapped plugin from mekanism.common.integration.lookingat.jade.MekanismJadePlugin in 7.917 ms
[26Sep2026 23:24:21.550] [Worker-Main-15/INFO] [snownee.jade.Jade/]: Loaded plugin from mekanism.common.integration.lookingat.jade.MekanismJadePlugin in 8.297 ms
[26Sep2026 23:24:21.550] [Worker-Main-15/INFO] [snownee.jade.Jade/]: Start loading plugin from com.enderio.enderio.compat.jade.EIOJadePlugin
[26Sep2026 23:24:21.552] [Worker-Main-15/INFO] [snownee.jade.Jade/]: Bootstrapped plugin from com.enderio.enderio.compat.jade.EIOJadePlugin in 604.2 μs
[26Sep2026 23:24:21.552] [Worker-Main-15/INFO] [snownee.jade.Jade/]: Loaded plugin from com.enderio.enderio.compat.jade.EIOJadePlugin in 1.237 ms
[26Sep2026 23:24:21.842] [Render thread/WARN] [net.minecraft.client.sounds.SoundEngine/]: Missing sound for event: minecraft:item.goat_horn.play
[26Sep2026 23:24:21.843] [Render thread/WARN] [net.minecraft.client.sounds.SoundEngine/]: Missing sound for event: minecraft:entity.goat.screaming.horn_break
[26Sep2026 23:24:21.891] [Render thread/INFO] [com.mojang.blaze3d.audio.Library/]: OpenAL initialized on device OpenAL Soft on Наушники (THS326)
[26Sep2026 23:24:21.892] [Render thread/INFO] [net.minecraft.client.sounds.SoundEngine/SOUNDS]: Sound engine started
[26Sep2026 23:24:21.994] [Render thread/INFO] [net.minecraft.client.renderer.texture.TextureAtlas/]: Created: 2048x1024x4 minecraft:textures/atlas/blocks.png-atlas
[26Sep2026 23:24:22.020] [Render thread/INFO] [net.minecraft.client.renderer.texture.TextureAtlas/]: Created: 256x256x4 minecraft:textures/atlas/signs.png-atlas
[26Sep2026 23:24:22.020] [Render thread/INFO] [net.minecraft.client.renderer.texture.TextureAtlas/]: Created: 512x512x4 minecraft:textures/atlas/shield_patterns.png-atlas
[26Sep2026 23:24:22.020] [Render thread/INFO] [net.minecraft.client.renderer.texture.TextureAtlas/]: Created: 512x512x4 minecraft:textures/atlas/banner_patterns.png-atlas
[26Sep2026 23:24:22.021] [Render thread/INFO] [net.minecraft.client.renderer.texture.TextureAtlas/]: Created: 1024x1024x4 minecraft:textures/atlas/armor_trims.png-atlas
[26Sep2026 23:24:22.022] [Render thread/INFO] [net.minecraft.client.renderer.texture.TextureAtlas/]: Created: 256x256x4 minecraft:textures/atlas/chest.png-atlas
[26Sep2026 23:24:22.023] [Render thread/INFO] [net.minecraft.client.renderer.texture.TextureAtlas/]: Created: 128x64x4 minecraft:textures/atlas/decorated_pot.png-atlas
[26Sep2026 23:24:22.023] [Render thread/INFO] [net.minecraft.client.renderer.texture.TextureAtlas/]: Created: 512x256x4 minecraft:textures/atlas/beds.png-atlas
[26Sep2026 23:24:22.023] [Render thread/INFO] [net.minecraft.client.renderer.texture.TextureAtlas/]: Created: 512x256x4 minecraft:textures/atlas/shulker_boxes.png-atlas
[26Sep2026 23:24:22.160] [Render thread/DEBUG] [mekanism.common.Mekanism/]: Added Mekanism Elytra Layer to entity of type: minecraft:player
[26Sep2026 23:24:22.160] [Render thread/DEBUG] [mekanism.common.Mekanism/]: Added Mekanism Armor Layer to entity of type: minecraft:player
[26Sep2026 23:24:22.160] [Render thread/DEBUG] [mekanism.common.Mekanism/]: Added Mekanism Elytra Layer to entity of type: minecraft:player
[26Sep2026 23:24:22.160] [Render thread/DEBUG] [mekanism.common.Mekanism/]: Added Mekanism Armor Layer to entity of type: minecraft:player
[26Sep2026 23:24:22.160] [Render thread/DEBUG] [mekanism.common.Mekanism/]: Added Mekanism Elytra Layer to entity of type: minecraft:wither_skeleton
[26Sep2026 23:24:22.160] [Render thread/DEBUG] [mekanism.common.Mekanism/]: Added Mekanism Armor Layer to entity of type: minecraft:wither_skeleton
[26Sep2026 23:24:22.160] [Render thread/DEBUG] [mekanism.common.Mekanism/]: Added Mekanism Elytra Layer to entity of type: minecraft:husk
[26Sep2026 23:24:22.160] [Render thread/DEBUG] [mekanism.common.Mekanism/]: Added Mekanism Armor Layer to entity of type: minecraft:husk
[26Sep2026 23:24:22.162] [Render thread/DEBUG] [mekanism.common.Mekanism/]: Added Mekanism Elytra Layer to entity of type: minecraft:drowned
[26Sep2026 23:24:22.162] [Render thread/DEBUG] [mekanism.common.Mekanism/]: Added Mekanism Armor Layer to entity of type: minecraft:drowned
[26Sep2026 23:24:22.162] [Render thread/DEBUG] [mekanism.common.Mekanism/]: Added Mekanism Elytra Layer to entity of type: minecraft:piglin_brute
[26Sep2026 23:24:22.162] [Render thread/DEBUG] [mekanism.common.Mekanism/]: Added Mekanism Armor Layer to entity of type: minecraft:piglin_brute
[26Sep2026 23:24:22.162] [Render thread/DEBUG] [mekanism.common.Mekanism/]: Added Mekanism Elytra Layer to entity of type: minecraft:zombified_piglin
[26Sep2026 23:24:22.162] [Render thread/DEBUG] [mekanism.common.Mekanism/]: Added Mekanism Armor Layer to entity of type: minecraft:zombified_piglin
[26Sep2026 23:24:22.162] [Render thread/DEBUG] [mekanism.common.Mekanism/]: Added Mekanism Elytra Layer to entity of type: minecraft:skeleton
[26Sep2026 23:24:22.162] [Render thread/DEBUG] [mekanism.common.Mekanism/]: Added Mekanism Armor Layer to entity of type: minecraft:skeleton
[26Sep2026 23:24:22.162] [Render thread/DEBUG] [mekanism.common.Mekanism/]: Added Mekanism Elytra Layer to entity of type: minecraft:zombie
[26Sep2026 23:24:22.162] [Render thread/DEBUG] [mekanism.common.Mekanism/]: Added Mekanism Armor Layer to entity of type: minecraft:zombie
[26Sep2026 23:24:22.162] [Render thread/DEBUG] [mekanism.common.Mekanism/]: Added Mekanism Elytra Layer to entity of type: minecraft:piglin
[26Sep2026 23:24:22.162] [Render thread/DEBUG] [mekanism.common.Mekanism/]: Added Mekanism Armor Layer to entity of type: minecraft:piglin
[26Sep2026 23:24:22.162] [Render thread/DEBUG] [mekanism.common.Mekanism/]: Added Mekanism Elytra Layer to entity of type: minecraft:bogged
[26Sep2026 23:24:22.162] [Render thread/DEBUG] [mekanism.common.Mekanism/]: Added Mekanism Armor Layer to entity of type: minecraft:bogged
[26Sep2026 23:24:22.162] [Render thread/DEBUG] [mekanism.common.Mekanism/]: Added Mekanism Elytra Layer to entity of type: minecraft:stray
[26Sep2026 23:24:22.162] [Render thread/DEBUG] [mekanism.common.Mekanism/]: Added Mekanism Armor Layer to entity of type: minecraft:stray
[26Sep2026 23:24:22.163] [Render thread/DEBUG] [mekanism.common.Mekanism/]: Added Mekanism Elytra Layer to entity of type: minecraft:zombie_villager
[26Sep2026 23:24:22.163] [Render thread/DEBUG] [mekanism.common.Mekanism/]: Added Mekanism Armor Layer to entity of type: minecraft:zombie_villager
[26Sep2026 23:24:22.163] [Render thread/DEBUG] [mekanism.common.Mekanism/]: Added Mekanism Elytra Layer to entity of type: minecraft:armor_stand
[26Sep2026 23:24:22.163] [Render thread/DEBUG] [mekanism.common.Mekanism/]: Added Mekanism Armor Layer to entity of type: minecraft:armor_stand
[26Sep2026 23:24:22.163] [Render thread/DEBUG] [mekanism.common.Mekanism/]: Added Mekanism Armor Layer to entity of type: minecraft:giant
[26Sep2026 23:24:22.164] [Render thread/INFO] [net.minecraft.client.renderer.texture.TextureAtlas/]: Created: 512x256x0 minecraft:textures/atlas/particles.png-atlas
[26Sep2026 23:24:22.167] [Render thread/INFO] [net.minecraft.client.renderer.texture.TextureAtlas/]: Created: 512x256x0 minecraft:textures/atlas/paintings.png-atlas
[26Sep2026 23:24:22.167] [Render thread/INFO] [net.minecraft.client.renderer.texture.TextureAtlas/]: Created: 256x128x0 minecraft:textures/atlas/mob_effects.png-atlas
[26Sep2026 23:24:22.167] [Render thread/INFO] [net.minecraft.client.renderer.texture.TextureAtlas/]: Created: 64x64x0 minecraft:textures/atlas/map_decorations.png-atlas
[26Sep2026 23:24:22.167] [Render thread/INFO] [net.minecraft.client.renderer.texture.TextureAtlas/]: Created: 1024x1024x0 minecraft:textures/atlas/gui.png-atlas
[26Sep2026 23:24:22.205] [Render thread/WARN] [net.minecraft.client.renderer.ShaderInstance/]: Shader rendertype_entity_translucent_emissive could not find sampler named Sampler2 in the specified shader program.
[26Sep2026 23:24:22.291] [Render thread/INFO] [net.minecraft.client.renderer.texture.TextureAtlas/]: Created: 256x256x0 jei:textures/atlas/gui.png-atlas
[26Sep2026 23:24:22.291] [Render thread/INFO] [net.minecraft.client.renderer.texture.TextureAtlas/]: Created: 512x256x0 mekanism:textures/atlas/robit.png-atlas
[26Sep2026 23:24:22.295] [Render thread/INFO] [patchouli/]: BookContentResourceListenerLoader preloaded 161 jsons
[26Sep2026 23:24:22.295] [Render thread/DEBUG] [patchouli/]: Not reloading resource pack-based books as client world is missing
[26Sep2026 23:24:22.296] [Render thread/INFO] [net.neoforged.neoforge.client.entity.animation.json.AnimationLoader/]: Loaded 0 entity animations
[26Sep2026 23:24:24.354] [Render thread/DEBUG] [mixin/]: Mixing StringRenderOutputMixin from jade.mixins.json into net.minecraft.client.gui.Font$StringRenderOutput
[26Sep2026 23:24:24.355] [Render thread/DEBUG] [mixin/]: jade.mixins.json:StringRenderOutputMixin from mod jade: Class version 65 required is higher than the class version supported by the current version of Mixin (JAVA_16 supports class version 60)
[26Sep2026 23:24:24.358] [Render thread/DEBUG] [mixin/]: jade.mixins.json:StringRenderOutputMixin from mod jade->@Inject::jade$init(Lnet/minecraft/client/gui/Font;Lnet/minecraft/client/renderer/MultiBufferSource;FFIZLorg/joml/Matrix4f;Lnet/minecraft/client/gui/Font$DisplayMode;ILorg/spongepowered/asm/mixin/injection/callback/CallbackInfo;)V doesn't use it's CallbackInfo
[26Sep2026 23:24:24.358] [Render thread/DEBUG] [mixin/]: jade.mixins.json:StringRenderOutputMixin from mod jade->@Inject::jade$init(Lnet/minecraft/client/gui/Font;Lnet/minecraft/client/renderer/MultiBufferSource;FFIZLorg/joml/Matrix4f;Lnet/minecraft/client/gui/Font$DisplayMode;ILorg/spongepowered/asm/mixin/injection/callback/CallbackInfo;)V has 0 override(s) in child classes
[26Sep2026 23:24:24.358] [Render thread/DEBUG] [mixin/]: jade.mixins.json:StringRenderOutputMixin from mod jade->@Inject::jade$init(Lnet/minecraft/client/gui/Font;Lnet/minecraft/client/renderer/MultiBufferSource;FFIZLorg/joml/Matrix4f;Lnet/minecraft/client/gui/Font$DisplayMode;ILorg/spongepowered/asm/mixin/injection/callback/CallbackInfo;)V won't be passed a CallbackInfo as a result
[26Sep2026 23:24:28.986] [Render thread/INFO] [net.minecraft.world.item.crafting.RecipeManager/]: Loaded 4434 recipes
[26Sep2026 23:24:29.196] [Render thread/INFO] [net.minecraft.advancements.AdvancementTree/]: Loaded 2667 advancements
[26Sep2026 23:24:29.208] [Render thread/INFO] [Curios API/]: Loaded 10 curio slots
[26Sep2026 23:24:29.210] [Render thread/ERROR] [Curios API/]: example is not a registered slot type!
[26Sep2026 23:24:29.210] [Render thread/ERROR] [Curios API/]: feet is not a registered slot type!
[26Sep2026 23:24:29.211] [Render thread/INFO] [Curios API/]: Loaded 2 curio entities
[26Sep2026 23:24:29.213] [Render thread/INFO] [com.enderio.enderio.foundation.souldata.SoulDataReloadListener/]: Data loader for eio_soul/engine loaded 6 jsons
[26Sep2026 23:24:29.213] [Render thread/INFO] [com.enderio.enderio.foundation.souldata.SoulDataReloadListener/]: Data loader for eio_soul/solar loaded 1 jsons
[26Sep2026 23:24:29.213] [Render thread/INFO] [com.enderio.enderio.foundation.souldata.SoulDataReloadListener/]: Data loader for eio_soul/farm loaded 3 jsons
[26Sep2026 23:24:29.213] [Render thread/INFO] [com.enderio.enderio.foundation.souldata.SoulDataReloadListener/]: Data loader for eio_soul/spawner loaded 81 jsons
[26Sep2026 23:24:29.629] [Render thread/INFO] [mezz.jei.neoforge.startup.StartEventObserver/]: JEI StartEventObserver received class net.neoforged.neoforge.event.TagsUpdatedEvent too early, ignoring
[26Sep2026 23:24:29.661] [Render thread/DEBUG] [net.neoforged.neoforge.common.CommonHooks/WP]: Gathered mod list to write to world save New World
[26Sep2026 23:24:29.700] [Server thread/INFO] [net.minecraft.client.server.IntegratedServer/]: Starting integrated minecraft server version 1.21.1
[26Sep2026 23:24:29.700] [Server thread/INFO] [net.minecraft.server.MinecraftServer/]: Generating keypair
[26Sep2026 23:24:29.797] [Server thread/DEBUG] [net.neoforged.fml.config.ConfigTracker/CONFIG]: Loading configs type SERVER
[26Sep2026 23:24:29.800] [Server thread/DEBUG] [net.neoforged.fml.config.ConfigTracker/CONFIG]: Loaded TOML config file C:\Users\stasm\IdeaProjects\Industrial Forogoing Souls Addon\run\config\jei-server.toml
[26Sep2026 23:24:29.800] [Server thread/DEBUG] [net.neoforged.fml.config.ConfigTracker/CONFIG]: Watching TOML config file C:\Users\stasm\IdeaProjects\Industrial Forogoing Souls Addon\run\config\jei-server.toml for changes
[26Sep2026 23:24:29.801] [Server thread/DEBUG] [net.neoforged.fml.config.ConfigTracker/CONFIG]: Loaded TOML config file C:\Users\stasm\IdeaProjects\Industrial Forogoing Souls Addon\run\config\curios-server.toml
[26Sep2026 23:24:29.801] [Server thread/DEBUG] [net.neoforged.fml.config.ConfigTracker/CONFIG]: Watching TOML config file C:\Users\stasm\IdeaProjects\Industrial Forogoing Souls Addon\run\config\curios-server.toml for changes
[26Sep2026 23:24:29.802] [Server thread/DEBUG] [net.neoforged.neoforge.common.NeoForgeConfig/FORGEMOD]: Loaded NeoForge config file neoforge-server.toml
[26Sep2026 23:24:29.802] [Server thread/DEBUG] [net.neoforged.fml.config.ConfigTracker/CONFIG]: Loaded TOML config file C:\Users\stasm\IdeaProjects\Industrial Forogoing Souls Addon\run\config\neoforge-server.toml
[26Sep2026 23:24:29.802] [Server thread/DEBUG] [net.neoforged.fml.config.ConfigTracker/CONFIG]: Watching TOML config file C:\Users\stasm\IdeaProjects\Industrial Forogoing Souls Addon\run\config\neoforge-server.toml for changes
[26Sep2026 23:24:29.806] [Server thread/DEBUG] [net.neoforged.fml.config.ConfigTracker/CONFIG]: Loaded TOML config file C:\Users\stasm\IdeaProjects\Industrial Forogoing Souls Addon\run\config\Mekanism\general.toml
[26Sep2026 23:24:29.807] [Server thread/DEBUG] [net.neoforged.fml.config.ConfigTracker/CONFIG]: Watching TOML config file C:\Users\stasm\IdeaProjects\Industrial Forogoing Souls Addon\run\config\Mekanism\general.toml for changes
[26Sep2026 23:24:29.810] [Server thread/DEBUG] [net.neoforged.fml.config.ConfigTracker/CONFIG]: Loaded TOML config file C:\Users\stasm\IdeaProjects\Industrial Forogoing Souls Addon\run\config\Mekanism\gear.toml
[26Sep2026 23:24:29.810] [Server thread/DEBUG] [net.neoforged.fml.config.ConfigTracker/CONFIG]: Watching TOML config file C:\Users\stasm\IdeaProjects\Industrial Forogoing Souls Addon\run\config\Mekanism\gear.toml for changes
[26Sep2026 23:24:29.811] [Server thread/DEBUG] [net.neoforged.fml.config.ConfigTracker/CONFIG]: Loaded TOML config file C:\Users\stasm\IdeaProjects\Industrial Forogoing Souls Addon\run\config\Mekanism\machine-storage.toml
[26Sep2026 23:24:29.812] [Server thread/DEBUG] [net.neoforged.fml.config.ConfigTracker/CONFIG]: Watching TOML config file C:\Users\stasm\IdeaProjects\Industrial Forogoing Souls Addon\run\config\Mekanism\machine-storage.toml for changes
[26Sep2026 23:24:29.814] [Server thread/DEBUG] [net.neoforged.fml.config.ConfigTracker/CONFIG]: Loaded TOML config file C:\Users\stasm\IdeaProjects\Industrial Forogoing Souls Addon\run\config\Mekanism\tiers.toml
[26Sep2026 23:24:29.814] [Server thread/DEBUG] [net.neoforged.fml.config.ConfigTracker/CONFIG]: Watching TOML config file C:\Users\stasm\IdeaProjects\Industrial Forogoing Souls Addon\run\config\Mekanism\tiers.toml for changes
[26Sep2026 23:24:29.815] [Server thread/DEBUG] [net.neoforged.fml.config.ConfigTracker/CONFIG]: Loaded TOML config file C:\Users\stasm\IdeaProjects\Industrial Forogoing Souls Addon\run\config\Mekanism\machine-usage.toml
[26Sep2026 23:24:29.817] [Server thread/DEBUG] [net.neoforged.fml.config.ConfigTracker/CONFIG]: Watching TOML config file C:\Users\stasm\IdeaProjects\Industrial Forogoing Souls Addon\run\config\Mekanism\machine-usage.toml for changes
[26Sep2026 23:24:29.820] [Server thread/DEBUG] [net.neoforged.fml.config.ConfigTracker/CONFIG]: Loaded TOML config file C:\Users\stasm\IdeaProjects\Industrial Forogoing Souls Addon\run\config\Mekanism\world.toml
[26Sep2026 23:24:29.821] [Server thread/DEBUG] [net.neoforged.fml.config.ConfigTracker/CONFIG]: Watching TOML config file C:\Users\stasm\IdeaProjects\Industrial Forogoing Souls Addon\run\config\Mekanism\world.toml for changes
[26Sep2026 23:24:29.865] [Server thread/INFO] [FTB Teams/]: loaded team data: 1 known players, 1 teams total
[26Sep2026 23:24:29.919] [Server thread/DEBUG] [mixin/]: Mixing ChunkMapMixin from ftbchunks-common.mixins.json into net.minecraft.server.level.ChunkMap
[26Sep2026 23:24:29.920] [Server thread/DEBUG] [mixin/]: ftbchunks-common.mixins.json:ChunkMapMixin from mod ftbchunks: Class version 65 required is higher than the class version supported by the current version of Mixin (JAVA_17 supports class version 61)
[26Sep2026 23:24:29.922] [Server thread/DEBUG] [mixin/]: ftbchunks-common.mixins.json:ChunkMapMixin from mod ftbchunks->@Inject::anyPlayerCloseEnoughForSpawningFTBC(Lnet/minecraft/world/level/ChunkPos;Lorg/spongepowered/asm/mixin/injection/callback/CallbackInfoReturnable;)V does use it's CallbackInfoReturnable
[26Sep2026 23:24:29.922] [Server thread/DEBUG] [mixin/]: ftbchunks-common.mixins.json:ChunkMapMixin from mod ftbchunks->@Inject::anyPlayerCloseEnoughForSpawningFTBC(Lnet/minecraft/world/level/ChunkPos;Lorg/spongepowered/asm/mixin/injection/callback/CallbackInfoReturnable;)V does use it's CallbackInfoReturnable
[26Sep2026 23:24:29.922] [Server thread/DEBUG] [mixin/]: ftbchunks-common.mixins.json:ChunkMapMixin from mod ftbchunks->@Inject::anyPlayerCloseEnoughForSpawningFTBC(Lnet/minecraft/world/level/ChunkPos;Lorg/spongepowered/asm/mixin/injection/callback/CallbackInfoReturnable;)V does use it's CallbackInfoReturnable
[26Sep2026 23:24:30.593] [Server thread/INFO] [net.minecraft.server.MinecraftServer/]: Preparing start region for dimension minecraft:overworld
[26Sep2026 23:24:30.640] [Server thread/DEBUG] [mixin/]: Mixing neoforge.MixinChunkSerializer from architectury.mixins.json into net.minecraft.world.level.chunk.storage.ChunkSerializer
[26Sep2026 23:24:30.640] [Server thread/DEBUG] [mixin/]: architectury.mixins.json:neoforge.MixinChunkSerializer from mod architectury: Class version 65 required is higher than the class version supported by the current version of Mixin (JAVA_16 supports class version 60)
[26Sep2026 23:24:30.646] [Server thread/DEBUG] [mixin/]: architectury.mixins.json:neoforge.MixinChunkSerializer from mod architectury->@Inject::read(Lnet/minecraft/server/level/ServerLevel;Lnet/minecraft/world/entity/ai/village/poi/PoiManager;Lnet/minecraft/world/level/chunk/storage/RegionStorageInfo;Lnet/minecraft/world/level/ChunkPos;Lnet/minecraft/nbt/CompoundTag;Lorg/spongepowered/asm/mixin/injection/callback/CallbackInfoReturnable;)V doesn't use it's CallbackInfoReturnable
[26Sep2026 23:24:30.867] [progressListener/INFO] [net.minecraft.server.level.progress.LoggerChunkProgressListener/]: Preparing spawn area: 0%
[26Sep2026 23:24:30.955] [Server thread/INFO] [net.neoforged.neoforge.server.permission.PermissionAPI/]: Successfully initialized permission handler neoforge:default_handler
[26Sep2026 23:24:30.955] [Server thread/INFO] [io.gitlab.nyg2.industrial_forogoing_souls_addon.Industrial_forogoing_souls_addon/]: HELLO from server starting
[26Sep2026 23:24:30.964] [Server thread/INFO] [patchouli/]: Sending reload packet to clients
[26Sep2026 23:24:30.967] [progressListener/INFO] [net.minecraft.server.level.progress.LoggerChunkProgressListener/]: Time elapsed: 359 ms
[26Sep2026 23:24:31.053] [Server thread/INFO] [net.minecraft.client.server.IntegratedServer/]: Changing view distance to 12, from 10
[26Sep2026 23:24:31.054] [Server thread/INFO] [net.minecraft.client.server.IntegratedServer/]: Changing simulation distance to 12, from 0
[26Sep2026 23:24:31.077] [Render thread/DEBUG] [io.netty.channel.MultithreadEventLoopGroup/]: -Dio.netty.eventLoopThreads: 32
[26Sep2026 23:24:31.101] [Render thread/DEBUG] [io.netty.util.concurrent.GlobalEventExecutor/]: -Dio.netty.globalEventExecutor.quietPeriodSeconds: 1
[26Sep2026 23:24:31.115] [Render thread/DEBUG] [io.netty.channel.nio.NioEventLoop/]: -Dio.netty.noKeySetOptimization: false
[26Sep2026 23:24:31.115] [Render thread/DEBUG] [io.netty.channel.nio.NioEventLoop/]: -Dio.netty.selectorAutoRebuildThreshold: 512
[26Sep2026 23:24:31.120] [Render thread/DEBUG] [io.netty.util.internal.PlatformDependent/]: org.jctools-core.MpscChunkedArrayQueue: available
[26Sep2026 23:24:31.170] [Render thread/DEBUG] [io.netty.channel.DefaultChannelId/]: -Dio.netty.processId: 18620 (auto-detected)
[26Sep2026 23:24:31.172] [Render thread/DEBUG] [io.netty.util.NetUtil/]: -Djava.net.preferIPv4Stack: false
[26Sep2026 23:24:31.172] [Render thread/DEBUG] [io.netty.util.NetUtil/]: -Djava.net.preferIPv6Addresses: system
[26Sep2026 23:24:31.176] [Render thread/DEBUG] [io.netty.util.NetUtilInitializations/]: Loopback interface: loopback_0 (Software Loopback Interface 1, 0:0:0:0:0:0:0:1)
[26Sep2026 23:24:31.176] [Render thread/DEBUG] [io.netty.util.NetUtil/]: Failed to get SOMAXCONN from sysctl and file \proc\sys\net\core\somaxconn. Default: 200
[26Sep2026 23:24:31.177] [Render thread/DEBUG] [io.netty.channel.DefaultChannelId/]: -Dio.netty.machineId: 30:56:0f:ff:fe:a5:d7:29 (auto-detected)
[26Sep2026 23:24:31.282] [Render thread/DEBUG] [io.netty.util.Recycler/]: -Dio.netty.recycler.maxCapacityPerThread: 4096
[26Sep2026 23:24:31.282] [Render thread/DEBUG] [io.netty.util.Recycler/]: -Dio.netty.recycler.ratio: 8
[26Sep2026 23:24:31.284] [Render thread/DEBUG] [io.netty.util.Recycler/]: -Dio.netty.recycler.chunkSize: 32
[26Sep2026 23:24:31.284] [Render thread/DEBUG] [io.netty.util.Recycler/]: -Dio.netty.recycler.blocking: false
[26Sep2026 23:24:31.284] [Render thread/DEBUG] [io.netty.util.Recycler/]: -Dio.netty.recycler.batchFastThreadLocalOnly: true
[26Sep2026 23:24:31.422] [Netty Server IO #1/DEBUG] [net.neoforged.neoforge.network.filters.NetworkFilters/]: Injected net.neoforged.neoforge.network.filters.GenericPacketSplitter@501f4723 into net.minecraft.network.Connection@3e3b146d
[26Sep2026 23:24:31.507] [Netty Local Client IO #0/DEBUG] [net.neoforged.neoforge.network.filters.NetworkFilters/]: Injected net.neoforged.neoforge.network.filters.GenericPacketSplitter@79a36e86 into net.minecraft.network.Connection@41b1aab2
[26Sep2026 23:24:31.699] [Render thread/INFO] [mezz.jei.neoforge.startup.StartEventObserver/]: JEI StartEventObserver received class net.neoforged.neoforge.event.TagsUpdatedEvent
[26Sep2026 23:24:31.774] [Render thread/DEBUG] [mixin/]: Mixing ClientPacketListenerMixin from ftbchunks-common.mixins.json into net.minecraft.client.multiplayer.ClientPacketListener
[26Sep2026 23:24:31.775] [Render thread/DEBUG] [mixin/]: ftbchunks-common.mixins.json:ClientPacketListenerMixin from mod ftbchunks: Class version 65 required is higher than the class version supported by the current version of Mixin (JAVA_17 supports class version 61)
[26Sep2026 23:24:31.779] [Render thread/DEBUG] [mixin/]: ftbchunks-common.mixins.json:ClientPacketListenerMixin from mod ftbchunks->@Inject::handleChunkBlocksUpdateFTBC(Lnet/minecraft/network/protocol/game/ClientboundSectionBlocksUpdatePacket;Lorg/spongepowered/asm/mixin/injection/callback/CallbackInfo;)V doesn't use it's CallbackInfo
[26Sep2026 23:24:31.779] [Render thread/DEBUG] [mixin/]: ftbchunks-common.mixins.json:ClientPacketListenerMixin from mod ftbchunks->@Inject::handleChunkBlocksUpdateFTBC(Lnet/minecraft/network/protocol/game/ClientboundSectionBlocksUpdatePacket;Lorg/spongepowered/asm/mixin/injection/callback/CallbackInfo;)V has 0 override(s) in child classes
[26Sep2026 23:24:31.779] [Render thread/DEBUG] [mixin/]: ftbchunks-common.mixins.json:ClientPacketListenerMixin from mod ftbchunks->@Inject::handleChunkBlocksUpdateFTBC(Lnet/minecraft/network/protocol/game/ClientboundSectionBlocksUpdatePacket;Lorg/spongepowered/asm/mixin/injection/callback/CallbackInfo;)V won't be passed a CallbackInfo as a result
[26Sep2026 23:24:31.779] [Render thread/DEBUG] [mixin/]: ftbchunks-common.mixins.json:ClientPacketListenerMixin from mod ftbchunks->@Inject::handleLevelChunkFTBC(Lnet/minecraft/network/protocol/game/ClientboundLevelChunkWithLightPacket;Lorg/spongepowered/asm/mixin/injection/callback/CallbackInfo;)V doesn't use it's CallbackInfo
[26Sep2026 23:24:31.779] [Render thread/DEBUG] [mixin/]: ftbchunks-common.mixins.json:ClientPacketListenerMixin from mod ftbchunks->@Inject::handleLevelChunkFTBC(Lnet/minecraft/network/protocol/game/ClientboundLevelChunkWithLightPacket;Lorg/spongepowered/asm/mixin/injection/callback/CallbackInfo;)V has 0 override(s) in child classes
[26Sep2026 23:24:31.779] [Render thread/DEBUG] [mixin/]: ftbchunks-common.mixins.json:ClientPacketListenerMixin from mod ftbchunks->@Inject::handleLevelChunkFTBC(Lnet/minecraft/network/protocol/game/ClientboundLevelChunkWithLightPacket;Lorg/spongepowered/asm/mixin/injection/callback/CallbackInfo;)V won't be passed a CallbackInfo as a result
[26Sep2026 23:24:31.779] [Render thread/DEBUG] [mixin/]: ftbchunks-common.mixins.json:ClientPacketListenerMixin from mod ftbchunks->@Inject::handleBlockUpdateFTBC(Lnet/minecraft/network/protocol/game/ClientboundBlockUpdatePacket;Lorg/spongepowered/asm/mixin/injection/callback/CallbackInfo;)V doesn't use it's CallbackInfo
[26Sep2026 23:24:31.780] [Render thread/DEBUG] [mixin/]: ftbchunks-common.mixins.json:ClientPacketListenerMixin from mod ftbchunks->@Inject::handleBlockUpdateFTBC(Lnet/minecraft/network/protocol/game/ClientboundBlockUpdatePacket;Lorg/spongepowered/asm/mixin/injection/callback/CallbackInfo;)V has 0 override(s) in child classes
[26Sep2026 23:24:31.780] [Render thread/DEBUG] [mixin/]: ftbchunks-common.mixins.json:ClientPacketListenerMixin from mod ftbchunks->@Inject::handleBlockUpdateFTBC(Lnet/minecraft/network/protocol/game/ClientboundBlockUpdatePacket;Lorg/spongepowered/asm/mixin/injection/callback/CallbackInfo;)V won't be passed a CallbackInfo as a result
[26Sep2026 23:24:31.796] [Render thread/DEBUG] [mixin/]: Mixing SessionSearchTreesMixin from jade.mixins.json into net.minecraft.client.multiplayer.SessionSearchTrees
[26Sep2026 23:24:31.798] [Render thread/DEBUG] [mixin/]: jade.mixins.json:SessionSearchTreesMixin from mod jade: Class version 65 required is higher than the class version supported by the current version of Mixin (JAVA_16 supports class version 60)
[26Sep2026 23:24:31.799] [Render thread/DEBUG] [mixin/]: jade.mixins.json:SessionSearchTreesMixin from mod jade->@Inject::jade$preGet(Ljava/util/stream/Stream;Lnet/minecraft/world/item/Item$TooltipContext;Lnet/minecraft/world/item/TooltipFlag;Lorg/spongepowered/asm/mixin/injection/callback/CallbackInfoReturnable;)V doesn't use it's CallbackInfoReturnable
[26Sep2026 23:24:31.801] [Render thread/DEBUG] [mixin/]: Mixing client.AccessorClientAdvancements from patchouli_xplat.mixins.json into net.minecraft.client.multiplayer.ClientAdvancements
[26Sep2026 23:24:31.802] [Render thread/DEBUG] [mixin/]: Mixing client.MixinClientAdvancements from patchouli_xplat.mixins.json into net.minecraft.client.multiplayer.ClientAdvancements
[26Sep2026 23:24:31.802] [Render thread/DEBUG] [mixin/]: patchouli_xplat.mixins.json:client.MixinClientAdvancements from mod patchouli->@Inject::patchouli_onSync(Lnet/minecraft/network/protocol/game/ClientboundUpdateAdvancementsPacket;Lorg/spongepowered/asm/mixin/injection/callback/CallbackInfo;)V doesn't use it's CallbackInfo
[26Sep2026 23:24:31.802] [Render thread/DEBUG] [mixin/]: patchouli_xplat.mixins.json:client.MixinClientAdvancements from mod patchouli->@Inject::patchouli_onSync(Lnet/minecraft/network/protocol/game/ClientboundUpdateAdvancementsPacket;Lorg/spongepowered/asm/mixin/injection/callback/CallbackInfo;)V has 0 override(s) in child classes
[26Sep2026 23:24:31.802] [Render thread/DEBUG] [mixin/]: patchouli_xplat.mixins.json:client.MixinClientAdvancements from mod patchouli->@Inject::patchouli_onSync(Lnet/minecraft/network/protocol/game/ClientboundUpdateAdvancementsPacket;Lorg/spongepowered/asm/mixin/injection/callback/CallbackInfo;)V won't be passed a CallbackInfo as a result
[26Sep2026 23:24:31.809] [Netty Server IO #1/DEBUG] [net.neoforged.neoforge.network.filters.NetworkFilters/]: Injected net.neoforged.neoforge.network.filters.GenericPacketSplitter@2311c77 into net.minecraft.network.Connection@3e3b146d
[26Sep2026 23:24:31.904] [Server thread/INFO] [net.minecraft.server.players.PlayerList/]: Dev[local:E:43d86e4e] logged in with entity id 12 at (1563.675021078326, 106.13293342492534, 845.2201502311033)
[26Sep2026 23:24:32.018] [Server thread/INFO] [net.minecraft.server.MinecraftServer/]: Dev joined the game
[26Sep2026 23:24:32.113] [Server thread/DEBUG] [FTB Teams/]: player 380df991-f603-344c-a090-369bad2a924a logged in, player team = Dev#380df991
[26Sep2026 23:24:32.114] [Server thread/DEBUG] [FTB Teams/]: syncing player team data, all = false
[26Sep2026 23:24:32.144] [Server thread/DEBUG] [FTB Teams/]: updating team presence
[26Sep2026 23:24:32.145] [Server thread/DEBUG] [FTB Teams/]: sending team login event for 380df991-f603-344c-a090-369bad2a924a...
[26Sep2026 23:24:32.152] [Server thread/DEBUG] [FTB Chunks/]: handling player team login: player = 380df991-f603-344c-a090-369bad2a924a, team = 380df991-f603-344c-a090-369bad2a924a
[26Sep2026 23:24:32.166] [Render thread/DEBUG] [mixin/]: Mixing MixinItemExtension from architectury.mixins.json into dev.architectury.extensions.ItemExtension
[26Sep2026 23:24:32.166] [Render thread/DEBUG] [mixin/]: architectury.mixins.json:MixinItemExtension from mod architectury: Class version 65 required is higher than the class version supported by the current version of Mixin (JAVA_16 supports class version 60)
[26Sep2026 23:24:32.167] [Server thread/DEBUG] [FTB Chunks/]: server config and team data sent to 380df991-f603-344c-a090-369bad2a924a
[26Sep2026 23:24:32.168] [Server thread/DEBUG] [FTB Chunks/]: claimed chunk data sent to 380df991-f603-344c-a090-369bad2a924a
[26Sep2026 23:24:32.173] [Server thread/DEBUG] [FTB Chunks/]: visible player list sent to 380df991-f603-344c-a090-369bad2a924a
[26Sep2026 23:24:32.173] [Server thread/DEBUG] [FTB Teams/]: team login event for 380df991-f603-344c-a090-369bad2a924a sent
[26Sep2026 23:24:32.481] [Server thread/ERROR] [net.minecraft.world.level.block.entity.BlockEntity/]: Failed to load data for block entity industrial_forogoing_souls_addon:soul_infuser
java.lang.NullPointerException: Cannot invoke "net.minecraft.world.level.Level.registryAccess()" because "this.level" is null
	at TRANSFORMER/industrial_forogoing_souls_addon@1/io.gitlab.nyg2.industrial_forogoing_souls_addon.block.SoulMachineBlockEntity.loadAdditional(SoulMachineBlockEntity.java:115) ~[%23193!/:?]
	at TRANSFORMER/minecraft@1.21.1/net.minecraft.world.level.block.entity.BlockEntity.loadWithComponents(BlockEntity.java:83) ~[neoforge-21.1.251.jar%23190!/:?]
	at TRANSFORMER/minecraft@1.21.1/net.minecraft.world.level.block.entity.BlockEntity.lambda$loadStatic$5(BlockEntity.java:178) ~[neoforge-21.1.251.jar%23190!/:?]
	at java.base/java.util.Optional.map(Optional.java:260) ~[?:?]
	at TRANSFORMER/minecraft@1.21.1/net.minecraft.world.level.block.entity.BlockEntity.loadStatic(BlockEntity.java:176) ~[neoforge-21.1.251.jar%23190!/:?]
	at TRANSFORMER/minecraft@1.21.1/net.minecraft.world.level.chunk.storage.ChunkSerializer.lambda$postLoadChunk$10(ChunkSerializer.java:440) ~[neoforge-21.1.251.jar%23190!/:?]
	at TRANSFORMER/minecraft@1.21.1/net.minecraft.world.level.chunk.LevelChunk.runPostLoad(LevelChunk.java:480) ~[neoforge-21.1.251.jar%23190!/:?]
	at TRANSFORMER/minecraft@1.21.1/net.minecraft.world.level.chunk.status.ChunkStatusTasks.lambda$full$2(ChunkStatusTasks.java:206) ~[neoforge-21.1.251.jar%23190!/:?]
	at java.base/java.util.concurrent.CompletableFuture$AsyncSupply.run(CompletableFuture.java:1768) ~[?:?]
	at TRANSFORMER/minecraft@1.21.1/net.minecraft.server.level.ChunkTaskPriorityQueueSorter.lambda$message$1(ChunkTaskPriorityQueueSorter.java:50) ~[neoforge-21.1.251.jar%23190!/:?]
	at TRANSFORMER/minecraft@1.21.1/net.minecraft.util.thread.BlockableEventLoop.doRunTask(BlockableEventLoop.java:151) ~[neoforge-21.1.251.jar%23190!/:?]
	at TRANSFORMER/minecraft@1.21.1/net.minecraft.server.level.ServerChunkCache$MainThreadExecutor.doRunTask(ServerChunkCache.java:562) ~[neoforge-21.1.251.jar%23190!/:?]
	at TRANSFORMER/minecraft@1.21.1/net.minecraft.util.thread.BlockableEventLoop.pollTask(BlockableEventLoop.java:122) ~[neoforge-21.1.251.jar%23190!/:?]
	at TRANSFORMER/minecraft@1.21.1/net.minecraft.server.level.ServerChunkCache$MainThreadExecutor.pollTask(ServerChunkCache.java:571) ~[neoforge-21.1.251.jar%23190!/:?]
	at TRANSFORMER/minecraft@1.21.1/net.minecraft.util.thread.BlockableEventLoop.managedBlock(BlockableEventLoop.java:135) ~[neoforge-21.1.251.jar%23190!/:?]
	at TRANSFORMER/minecraft@1.21.1/net.minecraft.server.level.ServerChunkCache$MainThreadExecutor.managedBlock(ServerChunkCache.java:536) ~[neoforge-21.1.251.jar%23190!/:?]
	at TRANSFORMER/minecraft@1.21.1/net.minecraft.server.level.ServerChunkCache.getChunk(ServerChunkCache.java:159) ~[neoforge-21.1.251.jar%23190!/:?]
	at TRANSFORMER/minecraft@1.21.1/net.minecraft.world.level.Level.getChunk(Level.java:208) ~[neoforge-21.1.251.jar%23190!/:?]
	at TRANSFORMER/minecraft@1.21.1/net.minecraft.world.level.LevelReader.getChunk(LevelReader.java:137) ~[neoforge-21.1.251.jar%23190!/:?]
	at TRANSFORMER/minecraft@1.21.1/net.minecraft.world.level.Level.getChunk(Level.java:202) ~[neoforge-21.1.251.jar%23190!/:?]
	at TRANSFORMER/minecraft@1.21.1/net.minecraft.world.level.Level.getChunkAt(Level.java:198) ~[neoforge-21.1.251.jar%23190!/:?]
	at TRANSFORMER/minecraft@1.21.1/net.minecraft.world.level.Level.getFluidState(Level.java:415) ~[neoforge-21.1.251.jar%23190!/:?]
	at TRANSFORMER/minecraft@1.21.1/net.minecraft.world.entity.Entity.updateFluidOnEyes(Entity.java:1314) ~[neoforge-21.1.251.jar%23190!/:?]
	at TRANSFORMER/minecraft@1.21.1/net.minecraft.world.entity.Entity.baseTick(Entity.java:456) ~[neoforge-21.1.251.jar%23190!/:?]
	at TRANSFORMER/minecraft@1.21.1/net.minecraft.world.entity.LivingEntity.baseTick(LivingEntity.java:402) ~[neoforge-21.1.251.jar%23190!/:?]
	at TRANSFORMER/minecraft@1.21.1/net.minecraft.world.entity.Entity.tick(Entity.java:431) ~[neoforge-21.1.251.jar%23190!/:?]
	at TRANSFORMER/minecraft@1.21.1/net.minecraft.world.entity.LivingEntity.tick(LivingEntity.java:2439) ~[neoforge-21.1.251.jar%23190!/:?]
	at TRANSFORMER/minecraft@1.21.1/net.minecraft.world.entity.player.Player.tick(Player.java:284) ~[neoforge-21.1.251.jar%23190!/:?]
	at TRANSFORMER/minecraft@1.21.1/net.minecraft.server.level.ServerPlayer.doTick(ServerPlayer.java:568) ~[neoforge-21.1.251.jar%23190!/:?]
	at TRANSFORMER/minecraft@1.21.1/net.minecraft.server.network.ServerGamePacketListenerImpl.tick(ServerGamePacketListenerImpl.java:263) ~[neoforge-21.1.251.jar%23190!/:?]
	at TRANSFORMER/minecraft@1.21.1/net.minecraft.network.Connection.tick(Connection.java:421) ~[neoforge-21.1.251.jar%23190!/:?]
	at TRANSFORMER/minecraft@1.21.1/net.minecraft.server.network.ServerConnectionListener.tick(ServerConnectionListener.java:174) ~[neoforge-21.1.251.jar%23190!/:?]
	at TRANSFORMER/minecraft@1.21.1/net.minecraft.server.MinecraftServer.tickChildren(MinecraftServer.java:1060) ~[neoforge-21.1.251.jar%23190!/:?]
	at TRANSFORMER/minecraft@1.21.1/net.minecraft.server.MinecraftServer.tickServer(MinecraftServer.java:926) ~[neoforge-21.1.251.jar%23190!/:?]
	at TRANSFORMER/minecraft@1.21.1/net.minecraft.client.server.IntegratedServer.tickServer(IntegratedServer.java:113) ~[neoforge-21.1.251.jar%23190!/:?]
	at TRANSFORMER/minecraft@1.21.1/net.minecraft.server.MinecraftServer.runServer(MinecraftServer.java:710) ~[neoforge-21.1.251.jar%23190!/:?]
	at TRANSFORMER/minecraft@1.21.1/net.minecraft.server.MinecraftServer.lambda$spin$2(MinecraftServer.java:267) ~[neoforge-21.1.251.jar%23190!/:?]
	at java.base/java.lang.Thread.run(Thread.java:1583) [?:?]
[26Sep2026 23:24:32.484] [Server thread/WARN] [net.minecraft.world.level.block.entity.BlockEntity/]: Skipping BlockEntity with id industrial_forogoing_souls_addon:soul_infuser
[26Sep2026 23:24:32.545] [Render thread/INFO] [mezz.jei.neoforge.startup.StartEventObserver/]: JEI StartEventObserver received class net.neoforged.neoforge.client.event.RecipesUpdatedEvent
[26Sep2026 23:24:32.545] [Render thread/INFO] [mezz.jei.neoforge.startup.StartEventObserver/]: JEI StartEventObserver transitioning state from LISTENING to JEI_STARTED
[26Sep2026 23:24:32.547] [Render thread/INFO] [mezz.jei.core.util.LoggedTimer/]: Starting JEI...
[26Sep2026 23:24:32.563] [Render thread/INFO] [mezz.jei.library.load.PluginCaller/]: Registering item subtypes...
[26Sep2026 23:24:32.563] [Render thread/DEBUG] [mezz.jei.library.load.PluginCallerTimerRunnable/]: Registering item subtypes: jei:minecraft...
[26Sep2026 23:24:32.571] [Render thread/DEBUG] [mezz.jei.library.load.PluginCallerTimerRunnable/]: Registering item subtypes: industrialforegoing:default...
[26Sep2026 23:24:32.573] [Render thread/DEBUG] [mezz.jei.library.load.PluginCallerTimerRunnable/]: Registering item subtypes: titanium:default...
[26Sep2026 23:24:32.573] [Render thread/DEBUG] [mezz.jei.library.load.PluginCallerTimerRunnable/]: Registering item subtypes: jade:main...
[26Sep2026 23:24:32.573] [Render thread/DEBUG] [mezz.jei.library.load.PluginCallerTimerRunnable/]: Registering item subtypes: ftblibrary:jei...
[26Sep2026 23:24:32.573] [Render thread/DEBUG] [mezz.jei.library.load.PluginCallerTimerRunnable/]: Registering item subtypes: jei:neoforge_gui...
[26Sep2026 23:24:32.573] [Render thread/DEBUG] [mezz.jei.library.load.PluginCallerTimerRunnable/]: Registering item subtypes: jei:debug...
[26Sep2026 23:24:32.573] [Render thread/DEBUG] [mezz.jei.library.load.PluginCallerTimerRunnable/]: Registering item subtypes: jei:gui...
[26Sep2026 23:24:32.573] [Render thread/DEBUG] [mezz.jei.library.load.PluginCallerTimerRunnable/]: Registering item subtypes: mekanism:jei_plugin...
[26Sep2026 23:24:32.593] [Render thread/INFO] [mezz.jei.library.load.PluginCallerTimerRunnable/]: Registering item subtypes: mekanism:jei_plugin took 19.61 milliseconds
[26Sep2026 23:24:32.593] [Render thread/DEBUG] [mezz.jei.library.load.PluginCallerTimerRunnable/]: Registering item subtypes: enderio:machines...
[26Sep2026 23:24:32.594] [Render thread/DEBUG] [mezz.jei.library.load.PluginCallerTimerRunnable/]: Registering item subtypes: enderio:base...
[26Sep2026 23:24:32.595] [Render thread/DEBUG] [mezz.jei.library.load.PluginCallerTimerRunnable/]: Registering item subtypes: curios:curios...
[26Sep2026 23:24:32.595] [Render thread/DEBUG] [mezz.jei.library.load.PluginCallerTimerRunnable/]: Registering item subtypes: patchouli:patchouli...
[26Sep2026 23:24:32.598] [Render thread/DEBUG] [mezz.jei.library.load.PluginCallerTimerRunnable/]: Registering item subtypes: jei:internal...
[26Sep2026 23:24:32.598] [Render thread/INFO] [mezz.jei.library.load.PluginCaller/]: Registering item subtypes took 34.86 ms
[26Sep2026 23:24:32.599] [Render thread/INFO] [mezz.jei.library.load.PluginCaller/]: Registering fluid subtypes...
[26Sep2026 23:24:32.599] [Render thread/DEBUG] [mezz.jei.library.load.PluginCallerTimerRunnable/]: Registering fluid subtypes: jei:minecraft...
[26Sep2026 23:24:32.599] [Render thread/DEBUG] [mezz.jei.library.load.PluginCallerTimerRunnable/]: Registering fluid subtypes: industrialforegoing:default...
[26Sep2026 23:24:32.599] [Render thread/DEBUG] [mezz.jei.library.load.PluginCallerTimerRunnable/]: Registering fluid subtypes: titanium:default...
[26Sep2026 23:24:32.599] [Render thread/DEBUG] [mezz.jei.library.load.PluginCallerTimerRunnable/]: Registering fluid subtypes: jade:main...
[26Sep2026 23:24:32.599] [Render thread/DEBUG] [mezz.jei.library.load.PluginCallerTimerRunnable/]: Registering fluid subtypes: ftblibrary:jei...
[26Sep2026 23:24:32.599] [Render thread/DEBUG] [mezz.jei.library.load.PluginCallerTimerRunnable/]: Registering fluid subtypes: jei:neoforge_gui...
[26Sep2026 23:24:32.599] [Render thread/DEBUG] [mezz.jei.library.load.PluginCallerTimerRunnable/]: Registering fluid subtypes: jei:debug...
[26Sep2026 23:24:32.600] [Render thread/DEBUG] [mezz.jei.library.load.PluginCallerTimerRunnable/]: Registering fluid subtypes: jei:gui...
[26Sep2026 23:24:32.600] [Render thread/DEBUG] [mezz.jei.library.load.PluginCallerTimerRunnable/]: Registering fluid subtypes: mekanism:jei_plugin...
[26Sep2026 23:24:32.602] [Render thread/DEBUG] [mezz.jei.library.load.PluginCallerTimerRunnable/]: Registering fluid subtypes: enderio:machines...
[26Sep2026 23:24:32.602] [Render thread/DEBUG] [mezz.jei.library.load.PluginCallerTimerRunnable/]: Registering fluid subtypes: enderio:base...
[26Sep2026 23:24:32.602] [Render thread/DEBUG] [mezz.jei.library.load.PluginCallerTimerRunnable/]: Registering fluid subtypes: curios:curios...
[26Sep2026 23:24:32.602] [Render thread/DEBUG] [mezz.jei.library.load.PluginCallerTimerRunnable/]: Registering fluid subtypes: patchouli:patchouli...
[26Sep2026 23:24:32.602] [Render thread/DEBUG] [mezz.jei.library.load.PluginCallerTimerRunnable/]: Registering fluid subtypes: jei:internal...
[26Sep2026 23:24:32.602] [Render thread/INFO] [mezz.jei.library.load.PluginCaller/]: Registering fluid subtypes took 3.216 ms
[26Sep2026 23:24:32.606] [Render thread/INFO] [mezz.jei.library.load.PluginCaller/]: Registering ingredients...
[26Sep2026 23:24:32.607] [Render thread/DEBUG] [mezz.jei.library.load.PluginCallerTimerRunnable/]: Registering ingredients: jei:minecraft...
[26Sep2026 23:24:32.630] [Render thread/DEBUG] [mezz.jei.library.plugins.vanilla.ingredients.ItemStackListFactory/]: Added  413/ 413 new items from 'Building Blocks' creative tab's displayItems
[26Sep2026 23:24:32.631] [Render thread/DEBUG] [mezz.jei.library.plugins.vanilla.ingredients.ItemStackListFactory/]: Added    0/ 403 new items from 'Building Blocks' creative tab's searchTabDisplayItems
[26Sep2026 23:24:32.638] [Render thread/DEBUG] [mezz.jei.library.plugins.vanilla.ingredients.ItemStackListFactory/]: Added  912/ 912 new items from 'Colored Blocks' creative tab's displayItems
[26Sep2026 23:24:32.638] [Render thread/DEBUG] [mezz.jei.library.plugins.vanilla.ingredients.ItemStackListFactory/]: Added    0/ 198 new items from 'Colored Blocks' creative tab's searchTabDisplayItems
[26Sep2026 23:24:32.640] [Render thread/DEBUG] [mezz.jei.library.plugins.vanilla.ingredients.ItemStackListFactory/]: Added  211/ 237 new items from 'Natural Blocks' creative tab's displayItems
[26Sep2026 23:24:32.641] [Render thread/DEBUG] [mezz.jei.library.plugins.vanilla.ingredients.ItemStackListFactory/]: Added    0/ 226 new items from 'Natural Blocks' creative tab's searchTabDisplayItems
[26Sep2026 23:24:32.671] [Render thread/DEBUG] [mezz.jei.library.plugins.vanilla.ingredients.ItemStackListFactory/]: Added  271/ 358 new items from 'Functional Blocks' creative tab's displayItems
[26Sep2026 23:24:32.671] [Render thread/DEBUG] [mezz.jei.library.plugins.vanilla.ingredients.ItemStackListFactory/]: Added    0/ 225 new items from 'Functional Blocks' creative tab's searchTabDisplayItems
[26Sep2026 23:24:32.675] [Render thread/DEBUG] [mezz.jei.library.plugins.vanilla.ingredients.ItemStackListFactory/]: Added   36/ 187 new items from 'Redstone Blocks' creative tab's displayItems
[26Sep2026 23:24:32.675] [Render thread/DEBUG] [mezz.jei.library.plugins.vanilla.ingredients.ItemStackListFactory/]: Added    0/  68 new items from 'Redstone Blocks' creative tab's searchTabDisplayItems
[26Sep2026 23:24:32.675] [Render thread/DEBUG] [mezz.jei.library.plugins.vanilla.ingredients.ItemStackListFactory/]: Skipping creative tab: 'Saved Hotbars' because it is type: HOTBAR
[26Sep2026 23:24:32.675] [Render thread/DEBUG] [mezz.jei.library.plugins.vanilla.ingredients.ItemStackListFactory/]: Skipping creative tab: 'Search Items' because it is type: SEARCH
[26Sep2026 23:24:32.696] [Render thread/DEBUG] [mezz.jei.library.plugins.vanilla.ingredients.ItemStackListFactory/]: Added  203/ 220 new items from 'Tools & Utilities' creative tab's displayItems
[26Sep2026 23:24:32.696] [Render thread/DEBUG] [mezz.jei.library.plugins.vanilla.ingredients.ItemStackListFactory/]: Added    0/ 155 new items from 'Tools & Utilities' creative tab's searchTabDisplayItems
[26Sep2026 23:24:32.707] [Render thread/DEBUG] [mezz.jei.library.plugins.vanilla.ingredients.ItemStackListFactory/]: Added  104/ 124 new items from 'Combat' creative tab's displayItems
[26Sep2026 23:24:32.707] [Render thread/DEBUG] [mezz.jei.library.plugins.vanilla.ingredients.ItemStackListFactory/]: Added    0/ 104 new items from 'Combat' creative tab's searchTabDisplayItems
[26Sep2026 23:24:32.717] [Render thread/DEBUG] [mezz.jei.library.plugins.vanilla.ingredients.ItemStackListFactory/]: Added  191/ 194 new items from 'Food & Drinks' creative tab's displayItems
[26Sep2026 23:24:32.717] [Render thread/DEBUG] [mezz.jei.library.plugins.vanilla.ingredients.ItemStackListFactory/]: Added    0/ 193 new items from 'Food & Drinks' creative tab's searchTabDisplayItems
[26Sep2026 23:24:32.728] [Render thread/DEBUG] [mezz.jei.library.plugins.vanilla.ingredients.ItemStackListFactory/]: Added  281/ 295 new items from 'Ingredients' creative tab's displayItems
[26Sep2026 23:24:32.728] [Render thread/DEBUG] [mezz.jei.library.plugins.vanilla.ingredients.ItemStackListFactory/]: Added   83/ 277 new items from 'Ingredients' creative tab's searchTabDisplayItems
[26Sep2026 23:24:32.731] [Render thread/DEBUG] [mezz.jei.library.plugins.vanilla.ingredients.ItemStackListFactory/]: Added   80/  80 new items from 'Spawn Eggs' creative tab's displayItems
[26Sep2026 23:24:32.731] [Render thread/WARN] [mezz.jei.library.plugins.vanilla.ingredients.ItemStackListFactory/]: Item Group has no display items and no search tab display items. Items from this group will be missing from the JEI ingredient list. Operator Utilities
[26Sep2026 23:24:32.731] [Render thread/DEBUG] [mezz.jei.library.plugins.vanilla.ingredients.ItemStackListFactory/]: Skipping creative tab: 'Survival Inventory' because it is type: INVENTORY
[26Sep2026 23:24:32.732] [Render thread/DEBUG] [mezz.jei.library.plugins.vanilla.ingredients.ItemStackListFactory/]: Added   63/  63 new items from 'Industrial Foregoing: Core' creative tab's displayItems
[26Sep2026 23:24:32.732] [Render thread/DEBUG] [mezz.jei.library.plugins.vanilla.ingredients.ItemStackListFactory/]: Added   15/  15 new items from 'Industrial Foregoing: Agriculture & Husbandry' creative tab's displayItems
[26Sep2026 23:24:32.732] [Render thread/DEBUG] [mezz.jei.library.plugins.vanilla.ingredients.ItemStackListFactory/]: Added   11/  11 new items from 'Industrial Foregoing: Transport' creative tab's displayItems
[26Sep2026 23:24:32.732] [Render thread/DEBUG] [mezz.jei.library.plugins.vanilla.ingredients.ItemStackListFactory/]: Added   19/  19 new items from 'Industrial Foregoing: Resource Production' creative tab's displayItems
[26Sep2026 23:24:32.733] [Render thread/DEBUG] [mezz.jei.library.plugins.vanilla.ingredients.ItemStackListFactory/]: Added   20/  20 new items from 'Industrial Foregoing: Generators' creative tab's displayItems
[26Sep2026 23:24:32.733] [Render thread/DEBUG] [mezz.jei.library.plugins.vanilla.ingredients.ItemStackListFactory/]: Added    7/   7 new items from 'Industrial Foregoing: Misc' creative tab's displayItems
[26Sep2026 23:24:32.734] [Render thread/DEBUG] [mezz.jei.library.plugins.vanilla.ingredients.ItemStackListFactory/]: Added   58/  58 new items from 'Industrial Foregoing: Tools' creative tab's displayItems
[26Sep2026 23:24:32.734] [Render thread/DEBUG] [mezz.jei.library.plugins.vanilla.ingredients.ItemStackListFactory/]: Added    1/   1 new items from 'Example Mod Tab' creative tab's displayItems
[26Sep2026 23:24:32.734] [Render thread/WARN] [mezz.jei.library.plugins.vanilla.ingredients.ItemStackListFactory/]: Item Group has no display items and no search tab display items. Items from this group will be missing from the JEI ingredient list. FTB Suite
[26Sep2026 23:24:32.749] [Render thread/DEBUG] [mezz.jei.library.plugins.vanilla.ingredients.ItemStackListFactory/]: Added  134/ 510 new items from 'Mekanism' creative tab's displayItems
[26Sep2026 23:24:32.767] [Render thread/DEBUG] [mezz.jei.library.plugins.vanilla.ingredients.ItemStackListFactory/]: Added  379/1106 new items from 'Ender IO' creative tab's displayItems
[26Sep2026 23:24:32.767] [Render thread/WARN] [mezz.jei.library.plugins.vanilla.ingredients.ItemStackListFactory/]: 5 duplicate items were found in 'Ender IO' creative tab's: displayItems
This may indicate that these types of item need a subtype interpreter added to JEI:
[enderio:cold_fire_igniter, enderio:electromagnet, enderio:staff_of_travelling, enderio:staff_of_levity, enderio:void_vial]
[26Sep2026 23:24:32.792] [Render thread/INFO] [mezz.jei.library.load.PluginCallerTimerRunnable/]: Registering ingredients: jei:minecraft took 184.4 milliseconds
[26Sep2026 23:24:32.792] [Render thread/DEBUG] [mezz.jei.library.load.PluginCallerTimerRunnable/]: Registering ingredients: industrialforegoing:default...
[26Sep2026 23:24:32.793] [Render thread/DEBUG] [mezz.jei.library.load.PluginCallerTimerRunnable/]: Registering ingredients: titanium:default...
[26Sep2026 23:24:32.793] [Render thread/DEBUG] [mezz.jei.library.load.PluginCallerTimerRunnable/]: Registering ingredients: jade:main...
[26Sep2026 23:24:32.793] [Render thread/DEBUG] [mezz.jei.library.load.PluginCallerTimerRunnable/]: Registering ingredients: ftblibrary:jei...
[26Sep2026 23:24:32.793] [Render thread/DEBUG] [mezz.jei.library.load.PluginCallerTimerRunnable/]: Registering ingredients: jei:neoforge_gui...
[26Sep2026 23:24:32.793] [Render thread/DEBUG] [mezz.jei.library.load.PluginCallerTimerRunnable/]: Registering ingredients: jei:debug...
[26Sep2026 23:24:32.793] [Render thread/DEBUG] [mezz.jei.library.load.PluginCallerTimerRunnable/]: Registering ingredients: jei:gui...
[26Sep2026 23:24:32.793] [Render thread/DEBUG] [mezz.jei.library.load.PluginCallerTimerRunnable/]: Registering ingredients: mekanism:jei_plugin...
[26Sep2026 23:24:32.799] [Render thread/DEBUG] [mezz.jei.library.load.PluginCallerTimerRunnable/]: Registering ingredients: enderio:machines...
[26Sep2026 23:24:32.799] [Render thread/DEBUG] [mezz.jei.library.load.PluginCallerTimerRunnable/]: Registering ingredients: enderio:base...
[26Sep2026 23:24:32.799] [Render thread/DEBUG] [mezz.jei.library.load.PluginCallerTimerRunnable/]: Registering ingredients: curios:curios...
[26Sep2026 23:24:32.799] [Render thread/DEBUG] [mezz.jei.library.load.PluginCallerTimerRunnable/]: Registering ingredients: patchouli:patchouli...
[26Sep2026 23:24:32.799] [Render thread/DEBUG] [mezz.jei.library.load.PluginCallerTimerRunnable/]: Registering ingredients: jei:internal...
[26Sep2026 23:24:32.799] [Render thread/INFO] [mezz.jei.library.load.PluginCaller/]: Registering ingredients took 192.4 ms
[26Sep2026 23:24:32.800] [Render thread/INFO] [mezz.jei.library.load.PluginCaller/]: Registering extra ingredients...
[26Sep2026 23:24:32.801] [Render thread/DEBUG] [mezz.jei.library.load.PluginCallerTimerRunnable/]: Registering extra ingredients: jei:minecraft...
[26Sep2026 23:24:32.801] [Render thread/DEBUG] [mezz.jei.library.load.PluginCallerTimerRunnable/]: Registering extra ingredients: industrialforegoing:default...
[26Sep2026 23:24:32.801] [Render thread/DEBUG] [mezz.jei.library.load.PluginCallerTimerRunnable/]: Registering extra ingredients: titanium:default...
[26Sep2026 23:24:32.801] [Render thread/DEBUG] [mezz.jei.library.load.PluginCallerTimerRunnable/]: Registering extra ingredients: jade:main...
[26Sep2026 23:24:32.801] [Render thread/DEBUG] [mezz.jei.library.load.PluginCallerTimerRunnable/]: Registering extra ingredients: ftblibrary:jei...
[26Sep2026 23:24:32.801] [Render thread/DEBUG] [mezz.jei.library.load.PluginCallerTimerRunnable/]: Registering extra ingredients: jei:neoforge_gui...
[26Sep2026 23:24:32.801] [Render thread/DEBUG] [mezz.jei.library.load.PluginCallerTimerRunnable/]: Registering extra ingredients: jei:debug...
[26Sep2026 23:24:32.801] [Render thread/DEBUG] [mezz.jei.library.load.PluginCallerTimerRunnable/]: Registering extra ingredients: jei:gui...
[26Sep2026 23:24:32.801] [Render thread/DEBUG] [mezz.jei.library.load.PluginCallerTimerRunnable/]: Registering extra ingredients: mekanism:jei_plugin...
[26Sep2026 23:24:32.801] [Render thread/DEBUG] [mezz.jei.library.load.PluginCallerTimerRunnable/]: Registering extra ingredients: enderio:machines...
[26Sep2026 23:24:32.801] [Render thread/DEBUG] [mezz.jei.library.load.PluginCallerTimerRunnable/]: Registering extra ingredients: enderio:base...
[26Sep2026 23:24:32.801] [Render thread/DEBUG] [mezz.jei.library.load.PluginCallerTimerRunnable/]: Registering extra ingredients: curios:curios...
[26Sep2026 23:24:32.802] [Render thread/DEBUG] [mezz.jei.library.load.PluginCallerTimerRunnable/]: Registering extra ingredients: patchouli:patchouli...
[26Sep2026 23:24:32.802] [Render thread/DEBUG] [mezz.jei.library.load.PluginCallerTimerRunnable/]: Registering extra ingredients: jei:internal...
[26Sep2026 23:24:32.802] [Render thread/INFO] [mezz.jei.library.load.PluginCaller/]: Registering extra ingredients took 1.308 ms
[26Sep2026 23:24:32.802] [Render thread/INFO] [mezz.jei.library.load.PluginCaller/]: Registering search ingredient aliases...
[26Sep2026 23:24:32.802] [Render thread/DEBUG] [mezz.jei.library.load.PluginCallerTimerRunnable/]: Registering search ingredient aliases: jei:minecraft...
[26Sep2026 23:24:32.802] [Render thread/DEBUG] [mezz.jei.library.load.PluginCallerTimerRunnable/]: Registering search ingredient aliases: industrialforegoing:default...
[26Sep2026 23:24:32.802] [Render thread/DEBUG] [mezz.jei.library.load.PluginCallerTimerRunnable/]: Registering search ingredient aliases: titanium:default...
[26Sep2026 23:24:32.802] [Render thread/DEBUG] [mezz.jei.library.load.PluginCallerTimerRunnable/]: Registering search ingredient aliases: jade:main...
[26Sep2026 23:24:32.803] [Render thread/DEBUG] [mezz.jei.library.load.PluginCallerTimerRunnable/]: Registering search ingredient aliases: ftblibrary:jei...
[26Sep2026 23:24:32.803] [Render thread/DEBUG] [mezz.jei.library.load.PluginCallerTimerRunnable/]: Registering search ingredient aliases: jei:neoforge_gui...
[26Sep2026 23:24:32.803] [Render thread/DEBUG] [mezz.jei.library.load.PluginCallerTimerRunnable/]: Registering search ingredient aliases: jei:debug...
[26Sep2026 23:24:32.803] [Render thread/DEBUG] [mezz.jei.library.load.PluginCallerTimerRunnable/]: Registering search ingredient aliases: jei:gui...
[26Sep2026 23:24:32.803] [Render thread/DEBUG] [mezz.jei.library.load.PluginCallerTimerRunnable/]: Registering search ingredient aliases: mekanism:jei_plugin...
[26Sep2026 23:24:32.825] [Render thread/INFO] [mezz.jei.library.load.PluginCallerTimerRunnable/]: Registering search ingredient aliases: mekanism:jei_plugin took 21.43 milliseconds
[26Sep2026 23:24:32.825] [Render thread/DEBUG] [mezz.jei.library.load.PluginCallerTimerRunnable/]: Registering search ingredient aliases: enderio:machines...
[26Sep2026 23:24:32.825] [Render thread/DEBUG] [mezz.jei.library.load.PluginCallerTimerRunnable/]: Registering search ingredient aliases: enderio:base...
[26Sep2026 23:24:32.825] [Render thread/DEBUG] [mezz.jei.library.load.PluginCallerTimerRunnable/]: Registering search ingredient aliases: curios:curios...
[26Sep2026 23:24:32.825] [Render thread/DEBUG] [mezz.jei.library.load.PluginCallerTimerRunnable/]: Registering search ingredient aliases: patchouli:patchouli...
[26Sep2026 23:24:32.825] [Render thread/DEBUG] [mezz.jei.library.load.PluginCallerTimerRunnable/]: Registering search ingredient aliases: jei:internal...
[26Sep2026 23:24:32.825] [Render thread/INFO] [mezz.jei.library.load.PluginCaller/]: Registering search ingredient aliases took 23.39 ms
[26Sep2026 23:24:32.862] [Render thread/INFO] [mezz.jei.library.load.PluginCaller/]: Registering Mod Info...
[26Sep2026 23:24:32.862] [Render thread/DEBUG] [mezz.jei.library.load.PluginCallerTimerRunnable/]: Registering Mod Info: jei:minecraft...
[26Sep2026 23:24:32.862] [Render thread/DEBUG] [mezz.jei.library.load.PluginCallerTimerRunnable/]: Registering Mod Info: industrialforegoing:default...
[26Sep2026 23:24:32.862] [Render thread/DEBUG] [mezz.jei.library.load.PluginCallerTimerRunnable/]: Registering Mod Info: titanium:default...
[26Sep2026 23:24:32.862] [Render thread/DEBUG] [mezz.jei.library.load.PluginCallerTimerRunnable/]: Registering Mod Info: jade:main...
[26Sep2026 23:24:32.862] [Render thread/DEBUG] [mezz.jei.library.load.PluginCallerTimerRunnable/]: Registering Mod Info: ftblibrary:jei...
[26Sep2026 23:24:32.862] [Render thread/DEBUG] [mezz.jei.library.load.PluginCallerTimerRunnable/]: Registering Mod Info: jei:neoforge_gui...
[26Sep2026 23:24:32.862] [Render thread/DEBUG] [mezz.jei.library.load.PluginCallerTimerRunnable/]: Registering Mod Info: jei:debug...
[26Sep2026 23:24:32.864] [Render thread/DEBUG] [mezz.jei.library.load.PluginCallerTimerRunnable/]: Registering Mod Info: jei:gui...
[26Sep2026 23:24:32.864] [Render thread/DEBUG] [mezz.jei.library.load.PluginCallerTimerRunnable/]: Registering Mod Info: mekanism:jei_plugin...
[26Sep2026 23:24:32.864] [Render thread/DEBUG] [mezz.jei.library.load.PluginCallerTimerRunnable/]: Registering Mod Info: enderio:machines...
[26Sep2026 23:24:32.864] [Render thread/DEBUG] [mezz.jei.library.load.PluginCallerTimerRunnable/]: Registering Mod Info: enderio:base...
[26Sep2026 23:24:32.864] [Render thread/DEBUG] [mezz.jei.library.load.PluginCallerTimerRunnable/]: Registering Mod Info: curios:curios...
[26Sep2026 23:24:32.864] [Render thread/DEBUG] [mezz.jei.library.load.PluginCallerTimerRunnable/]: Registering Mod Info: patchouli:patchouli...
[26Sep2026 23:24:32.864] [Render thread/DEBUG] [mezz.jei.library.load.PluginCallerTimerRunnable/]: Registering Mod Info: jei:internal...
[26Sep2026 23:24:32.864] [Render thread/INFO] [mezz.jei.library.load.PluginCaller/]: Registering Mod Info took 1.304 ms
[26Sep2026 23:24:32.899] [Render thread/INFO] [mezz.jei.library.load.PluginCaller/]: Registering categories...
[26Sep2026 23:24:32.899] [Render thread/DEBUG] [mezz.jei.library.load.PluginCallerTimerRunnable/]: Registering categories: jei:minecraft...
[26Sep2026 23:24:32.937] [Render thread/INFO] [mezz.jei.library.load.PluginCallerTimerRunnable/]: Registering categories: jei:minecraft took 37.40 milliseconds
[26Sep2026 23:24:32.937] [Render thread/DEBUG] [mezz.jei.library.load.PluginCallerTimerRunnable/]: Registering categories: industrialforegoing:default...
[26Sep2026 23:24:32.970] [Render thread/INFO] [mezz.jei.library.load.PluginCallerTimerRunnable/]: Registering categories: industrialforegoing:default took 32.42 milliseconds
[26Sep2026 23:24:32.970] [Render thread/DEBUG] [mezz.jei.library.load.PluginCallerTimerRunnable/]: Registering categories: titanium:default...
[26Sep2026 23:24:32.970] [Render thread/DEBUG] [mezz.jei.library.load.PluginCallerTimerRunnable/]: Registering categories: jade:main...
[26Sep2026 23:24:32.970] [Render thread/DEBUG] [mezz.jei.library.load.PluginCallerTimerRunnable/]: Registering categories: ftblibrary:jei...
[26Sep2026 23:24:32.970] [Render thread/DEBUG] [mezz.jei.library.load.PluginCallerTimerRunnable/]: Registering categories: jei:neoforge_gui...
[26Sep2026 23:24:32.970] [Render thread/DEBUG] [mezz.jei.library.load.PluginCallerTimerRunnable/]: Registering categories: jei:debug...
[26Sep2026 23:24:32.970] [Render thread/DEBUG] [mezz.jei.library.load.PluginCallerTimerRunnable/]: Registering categories: jei:gui...
[26Sep2026 23:24:32.970] [Render thread/DEBUG] [mezz.jei.library.load.PluginCallerTimerRunnable/]: Registering categories: mekanism:jei_plugin...
[26Sep2026 23:24:33.054] [Render thread/INFO] [mezz.jei.library.load.PluginCallerTimerRunnable/]: Registering categories: mekanism:jei_plugin took 83.39 milliseconds
[26Sep2026 23:24:33.054] [Render thread/DEBUG] [mezz.jei.library.load.PluginCallerTimerRunnable/]: Registering categories: enderio:machines...
[26Sep2026 23:24:33.065] [Render thread/INFO] [mezz.jei.library.load.PluginCallerTimerRunnable/]: Registering categories: enderio:machines took 11.21 milliseconds
[26Sep2026 23:24:33.065] [Render thread/DEBUG] [mezz.jei.library.load.PluginCallerTimerRunnable/]: Registering categories: enderio:base...
[26Sep2026 23:24:33.069] [Render thread/DEBUG] [mezz.jei.library.load.PluginCallerTimerRunnable/]: Registering categories: curios:curios...
[26Sep2026 23:24:33.069] [Render thread/DEBUG] [mezz.jei.library.load.PluginCallerTimerRunnable/]: Registering categories: patchouli:patchouli...
[26Sep2026 23:24:33.069] [Render thread/DEBUG] [mezz.jei.library.load.PluginCallerTimerRunnable/]: Registering categories: jei:internal...
[26Sep2026 23:24:33.080] [Render thread/INFO] [mezz.jei.library.load.PluginCaller/]: Registering categories took 180.1 ms
[26Sep2026 23:24:33.081] [Render thread/INFO] [mezz.jei.library.load.PluginCaller/]: Registering vanilla category extensions...
[26Sep2026 23:24:33.081] [Render thread/DEBUG] [mezz.jei.library.load.PluginCallerTimerRunnable/]: Registering vanilla category extensions: jei:minecraft...
[26Sep2026 23:24:33.087] [Render thread/DEBUG] [mezz.jei.library.load.PluginCallerTimerRunnable/]: Registering vanilla category extensions: industrialforegoing:default...
[26Sep2026 23:24:33.087] [Render thread/DEBUG] [mezz.jei.library.load.PluginCallerTimerRunnable/]: Registering vanilla category extensions: titanium:default...
[26Sep2026 23:24:33.087] [Render thread/DEBUG] [mezz.jei.library.load.PluginCallerTimerRunnable/]: Registering vanilla category extensions: jade:main...
[26Sep2026 23:24:33.087] [Render thread/DEBUG] [mezz.jei.library.load.PluginCallerTimerRunnable/]: Registering vanilla category extensions: ftblibrary:jei...
[26Sep2026 23:24:33.087] [Render thread/DEBUG] [mezz.jei.library.load.PluginCallerTimerRunnable/]: Registering vanilla category extensions: jei:neoforge_gui...
[26Sep2026 23:24:33.087] [Render thread/DEBUG] [mezz.jei.library.load.PluginCallerTimerRunnable/]: Registering vanilla category extensions: jei:debug...
[26Sep2026 23:24:33.087] [Render thread/DEBUG] [mezz.jei.library.load.PluginCallerTimerRunnable/]: Registering vanilla category extensions: jei:gui...
[26Sep2026 23:24:33.087] [Render thread/DEBUG] [mezz.jei.library.load.PluginCallerTimerRunnable/]: Registering vanilla category extensions: mekanism:jei_plugin...
[26Sep2026 23:24:33.087] [Render thread/DEBUG] [mezz.jei.library.load.PluginCallerTimerRunnable/]: Registering vanilla category extensions: enderio:machines...
[26Sep2026 23:24:33.087] [Render thread/DEBUG] [mezz.jei.library.load.PluginCallerTimerRunnable/]: Registering vanilla category extensions: enderio:base...
[26Sep2026 23:24:33.090] [Render thread/DEBUG] [mezz.jei.library.load.PluginCallerTimerRunnable/]: Registering vanilla category extensions: curios:curios...
[26Sep2026 23:24:33.090] [Render thread/DEBUG] [mezz.jei.library.load.PluginCallerTimerRunnable/]: Registering vanilla category extensions: patchouli:patchouli...
[26Sep2026 23:24:33.090] [Render thread/DEBUG] [mezz.jei.library.load.PluginCallerTimerRunnable/]: Registering vanilla category extensions: jei:internal...
[26Sep2026 23:24:33.091] [Render thread/INFO] [mezz.jei.library.load.PluginCaller/]: Registering vanilla category extensions took 10.06 ms
[26Sep2026 23:24:33.092] [Render thread/INFO] [mezz.jei.library.load.PluginCaller/]: Registering recipe catalysts...
[26Sep2026 23:24:33.093] [Render thread/DEBUG] [mezz.jei.library.load.PluginCallerTimerRunnable/]: Registering recipe catalysts: jei:minecraft...
[26Sep2026 23:24:33.093] [Render thread/DEBUG] [mezz.jei.library.load.PluginCallerTimerRunnable/]: Registering recipe catalysts: industrialforegoing:default...
[26Sep2026 23:24:33.094] [Render thread/DEBUG] [mezz.jei.library.load.PluginCallerTimerRunnable/]: Registering recipe catalysts: titanium:default...
[26Sep2026 23:24:33.094] [Render thread/DEBUG] [mezz.jei.library.load.PluginCallerTimerRunnable/]: Registering recipe catalysts: jade:main...
[26Sep2026 23:24:33.094] [Render thread/DEBUG] [mezz.jei.library.load.PluginCallerTimerRunnable/]: Registering recipe catalysts: ftblibrary:jei...
[26Sep2026 23:24:33.094] [Render thread/DEBUG] [mezz.jei.library.load.PluginCallerTimerRunnable/]: Registering recipe catalysts: jei:neoforge_gui...
[26Sep2026 23:24:33.094] [Render thread/DEBUG] [mezz.jei.library.load.PluginCallerTimerRunnable/]: Registering recipe catalysts: jei:debug...
[26Sep2026 23:24:33.094] [Render thread/DEBUG] [mezz.jei.library.load.PluginCallerTimerRunnable/]: Registering recipe catalysts: jei:gui...
[26Sep2026 23:24:33.094] [Render thread/DEBUG] [mezz.jei.library.load.PluginCallerTimerRunnable/]: Registering recipe catalysts: mekanism:jei_plugin...
[26Sep2026 23:24:33.096] [Render thread/DEBUG] [mezz.jei.library.load.PluginCallerTimerRunnable/]: Registering recipe catalysts: enderio:machines...
[26Sep2026 23:24:33.097] [Render thread/DEBUG] [mezz.jei.library.load.PluginCallerTimerRunnable/]: Registering recipe catalysts: enderio:base...
[26Sep2026 23:24:33.097] [Render thread/DEBUG] [mezz.jei.library.load.PluginCallerTimerRunnable/]: Registering recipe catalysts: curios:curios...
[26Sep2026 23:24:33.097] [Render thread/DEBUG] [mezz.jei.library.load.PluginCallerTimerRunnable/]: Registering recipe catalysts: patchouli:patchouli...
[26Sep2026 23:24:33.097] [Render thread/DEBUG] [mezz.jei.library.load.PluginCallerTimerRunnable/]: Registering recipe catalysts: jei:internal...
[26Sep2026 23:24:33.097] [Render thread/INFO] [mezz.jei.library.load.PluginCaller/]: Registering recipe catalysts took 3.799 ms
[26Sep2026 23:24:33.098] [Render thread/INFO] [mezz.jei.core.util.LoggedTimer/]: Building recipe registry...
[26Sep2026 23:24:33.129] [Render thread/INFO] [mezz.jei.core.util.LoggedTimer/]: Building recipe registry took 30.95 ms
[26Sep2026 23:24:33.131] [Render thread/INFO] [mezz.jei.library.load.PluginCaller/]: Registering advanced plugins...
[26Sep2026 23:24:33.132] [Render thread/DEBUG] [mezz.jei.library.load.PluginCallerTimerRunnable/]: Registering advanced plugins: jei:minecraft...
[26Sep2026 23:24:33.132] [Render thread/DEBUG] [mezz.jei.library.load.PluginCallerTimerRunnable/]: Registering advanced plugins: industrialforegoing:default...
[26Sep2026 23:24:33.132] [Render thread/DEBUG] [mezz.jei.library.load.PluginCallerTimerRunnable/]: Registering advanced plugins: titanium:default...
[26Sep2026 23:24:33.132] [Render thread/DEBUG] [mezz.jei.library.load.PluginCallerTimerRunnable/]: Registering advanced plugins: jade:main...
[26Sep2026 23:24:33.132] [Render thread/DEBUG] [mezz.jei.library.load.PluginCallerTimerRunnable/]: Registering advanced plugins: ftblibrary:jei...
[26Sep2026 23:24:33.132] [Render thread/DEBUG] [mezz.jei.library.load.PluginCallerTimerRunnable/]: Registering advanced plugins: jei:neoforge_gui...
[26Sep2026 23:24:33.132] [Render thread/DEBUG] [mezz.jei.library.load.PluginCallerTimerRunnable/]: Registering advanced plugins: jei:debug...
[26Sep2026 23:24:33.132] [Render thread/DEBUG] [mezz.jei.library.load.PluginCallerTimerRunnable/]: Registering advanced plugins: jei:gui...
[26Sep2026 23:24:33.132] [Render thread/DEBUG] [mezz.jei.library.load.PluginCallerTimerRunnable/]: Registering advanced plugins: mekanism:jei_plugin...
[26Sep2026 23:24:33.132] [Render thread/DEBUG] [mezz.jei.library.load.PluginCallerTimerRunnable/]: Registering advanced plugins: enderio:machines...
[26Sep2026 23:24:33.132] [Render thread/DEBUG] [mezz.jei.library.load.PluginCallerTimerRunnable/]: Registering advanced plugins: enderio:base...
[26Sep2026 23:24:33.132] [Render thread/DEBUG] [mezz.jei.library.load.PluginCallerTimerRunnable/]: Registering advanced plugins: curios:curios...
[26Sep2026 23:24:33.132] [Render thread/DEBUG] [mezz.jei.library.load.PluginCallerTimerRunnable/]: Registering advanced plugins: patchouli:patchouli...
[26Sep2026 23:24:33.132] [Render thread/DEBUG] [mezz.jei.library.load.PluginCallerTimerRunnable/]: Registering advanced plugins: jei:internal...
[26Sep2026 23:24:33.132] [Render thread/INFO] [mezz.jei.library.load.PluginCaller/]: Registering advanced plugins took 1.054 ms
[26Sep2026 23:24:33.133] [Render thread/INFO] [mezz.jei.library.load.PluginCaller/]: Registering recipes...
[26Sep2026 23:24:33.134] [Render thread/DEBUG] [mezz.jei.library.load.PluginCallerTimerRunnable/]: Registering recipes: jei:minecraft...
[26Sep2026 23:24:33.167] [Render thread/DEBUG] [mezz.jei.library.recipes.RecipeManagerInternal/]: Adding recipes: RecipeType[uid=minecraft:crafting, recipeClass=class net.minecraft.world.item.crafting.RecipeHolder]
[26Sep2026 23:24:33.263] [Render thread/DEBUG] [mezz.jei.library.recipes.RecipeManagerInternal/]: Adding recipes: RecipeType[uid=minecraft:crafting, recipeClass=class net.minecraft.world.item.crafting.RecipeHolder]
[26Sep2026 23:24:33.266] [Render thread/DEBUG] [mezz.jei.library.recipes.RecipeManagerInternal/]: Adding recipes: RecipeType[uid=minecraft:stonecutting, recipeClass=class net.minecraft.world.item.crafting.RecipeHolder]
[26Sep2026 23:24:33.268] [Render thread/DEBUG] [mezz.jei.library.recipes.RecipeManagerInternal/]: Adding recipes: RecipeType[uid=minecraft:smelting, recipeClass=class net.minecraft.world.item.crafting.RecipeHolder]
[26Sep2026 23:24:33.270] [Render thread/DEBUG] [mezz.jei.library.recipes.RecipeManagerInternal/]: Adding recipes: RecipeType[uid=minecraft:smoking, recipeClass=class net.minecraft.world.item.crafting.RecipeHolder]
[26Sep2026 23:24:33.270] [Render thread/DEBUG] [mezz.jei.library.recipes.RecipeManagerInternal/]: Adding recipes: RecipeType[uid=minecraft:blasting, recipeClass=class net.minecraft.world.item.crafting.RecipeHolder]
[26Sep2026 23:24:33.271] [Render thread/DEBUG] [mezz.jei.library.recipes.RecipeManagerInternal/]: Adding recipes: RecipeType[uid=minecraft:campfire_cooking, recipeClass=class net.minecraft.world.item.crafting.RecipeHolder]
[26Sep2026 23:24:33.279] [Render thread/DEBUG] [mezz.jei.library.recipes.RecipeManagerInternal/]: Adding recipes: RecipeType[uid=minecraft:fuel, recipeClass=interface mezz.jei.api.recipe.vanilla.IJeiFuelingRecipe]
[26Sep2026 23:24:33.295] [Render thread/DEBUG] [mezz.jei.library.recipes.RecipeManagerInternal/]: Adding recipes: RecipeType[uid=minecraft:anvil, recipeClass=interface mezz.jei.api.recipe.vanilla.IJeiAnvilRecipe]
[26Sep2026 23:24:33.307] [Render thread/DEBUG] [mezz.jei.library.recipes.RecipeManagerInternal/]: Adding recipes: RecipeType[uid=minecraft:smithing, recipeClass=class net.minecraft.world.item.crafting.RecipeHolder]
[26Sep2026 23:24:33.322] [Render thread/DEBUG] [mezz.jei.library.recipes.RecipeManagerInternal/]: Adding recipes: RecipeType[uid=minecraft:compostable, recipeClass=interface mezz.jei.api.recipe.vanilla.IJeiCompostingRecipe]
[26Sep2026 23:24:33.359] [Render thread/DEBUG] [mezz.jei.library.recipes.RecipeManagerInternal/]: Adding recipes: RecipeType[uid=minecraft:brewing, recipeClass=interface mezz.jei.api.recipe.vanilla.IJeiBrewingRecipe]
[26Sep2026 23:24:33.363] [Render thread/INFO] [mezz.jei.library.load.PluginCallerTimerRunnable/]: Registering recipes: jei:minecraft took 229.1 milliseconds
[26Sep2026 23:24:33.363] [Render thread/DEBUG] [mezz.jei.library.load.PluginCallerTimerRunnable/]: Registering recipes: industrialforegoing:default...
[26Sep2026 23:24:33.364] [Render thread/DEBUG] [mezz.jei.library.recipes.RecipeManagerInternal/]: Adding recipes: RecipeType[uid=industrialforegoing:fluid_extractor, recipeClass=class com.buuz135.industrial.recipe.FluidExtractorRecipe]
[26Sep2026 23:24:33.366] [Render thread/DEBUG] [mezz.jei.library.recipes.RecipeManagerInternal/]: Adding recipes: RecipeType[uid=industrialforegoing:dissolution, recipeClass=class com.buuz135.industrial.recipe.DissolutionChamberRecipe]
[26Sep2026 23:24:33.373] [Render thread/DEBUG] [mezz.jei.library.recipes.RecipeManagerInternal/]: Adding recipes: RecipeType[uid=industrialforegoing:bioreactor, recipeClass=class com.buuz135.industrial.plugin.jei.category.BioReactorRecipeCategory$ReactorRecipeWrapper]
[26Sep2026 23:24:33.374] [Render thread/DEBUG] [mezz.jei.library.recipes.RecipeManagerInternal/]: Adding recipes: RecipeType[uid=industrialforegoing:laser_ore, recipeClass=class com.buuz135.industrial.recipe.LaserDrillOreRecipe]
[26Sep2026 23:24:33.374] [Render thread/DEBUG] [mezz.jei.library.recipes.RecipeManagerInternal/]: Adding recipes: RecipeType[uid=industrialforegoing:laser_fluid, recipeClass=class com.buuz135.industrial.recipe.LaserDrillFluidRecipe]
[26Sep2026 23:24:33.380] [Render thread/DEBUG] [mezz.jei.library.recipes.RecipeManagerInternal/]: Adding recipes: RecipeType[uid=industrialforegoing:mycelial_furnace, recipeClass=class com.buuz135.industrial.plugin.jei.generator.MycelialGeneratorRecipe]
[26Sep2026 23:24:33.383] [Render thread/DEBUG] [mezz.jei.library.recipes.RecipeManagerInternal/]: Adding recipes: RecipeType[uid=industrialforegoing:mycelial_slimey, recipeClass=class com.buuz135.industrial.plugin.jei.generator.MycelialGeneratorRecipe]
[26Sep2026 23:24:33.386] [Render thread/DEBUG] [mezz.jei.library.recipes.RecipeManagerInternal/]: Adding recipes: RecipeType[uid=industrialforegoing:mycelial_culinary, recipeClass=class com.buuz135.industrial.plugin.jei.generator.MycelialGeneratorRecipe]
[26Sep2026 23:24:33.389] [Render thread/DEBUG] [mezz.jei.library.recipes.RecipeManagerInternal/]: Adding recipes: RecipeType[uid=industrialforegoing:mycelial_potion, recipeClass=class com.buuz135.industrial.plugin.jei.generator.MycelialGeneratorRecipe]
[26Sep2026 23:24:33.413] [Render thread/DEBUG] [mezz.jei.library.recipes.RecipeManagerInternal/]: Adding recipes: RecipeType[uid=industrialforegoing:mycelial_disenchantment, recipeClass=class com.buuz135.industrial.plugin.jei.generator.MycelialGeneratorRecipe]
[26Sep2026 23:24:33.421] [Render thread/DEBUG] [mezz.jei.library.recipes.RecipeManagerInternal/]: Adding recipes: RecipeType[uid=industrialforegoing:mycelial_ender, recipeClass=class com.buuz135.industrial.plugin.jei.generator.MycelialGeneratorRecipe]
[26Sep2026 23:24:33.422] [Render thread/DEBUG] [mezz.jei.library.recipes.RecipeManagerInternal/]: Adding recipes: RecipeType[uid=industrialforegoing:mycelial_explosive, recipeClass=class com.buuz135.industrial.plugin.jei.generator.MycelialGeneratorRecipe]
[26Sep2026 23:24:33.422] [Render thread/DEBUG] [mezz.jei.library.recipes.RecipeManagerInternal/]: Adding recipes: RecipeType[uid=industrialforegoing:mycelial_frosty, recipeClass=class com.buuz135.industrial.plugin.jei.generator.MycelialGeneratorRecipe]
[26Sep2026 23:24:33.422] [Render thread/DEBUG] [mezz.jei.library.recipes.RecipeManagerInternal/]: Adding recipes: RecipeType[uid=industrialforegoing:mycelial_halitosis, recipeClass=class com.buuz135.industrial.plugin.jei.generator.MycelialGeneratorRecipe]
[26Sep2026 23:24:33.423] [Render thread/DEBUG] [mezz.jei.library.recipes.RecipeManagerInternal/]: Adding recipes: RecipeType[uid=industrialforegoing:mycelial_magma, recipeClass=class com.buuz135.industrial.plugin.jei.generator.MycelialGeneratorRecipe]
[26Sep2026 23:24:33.426] [Render thread/DEBUG] [mezz.jei.library.recipes.RecipeManagerInternal/]: Adding recipes: RecipeType[uid=industrialforegoing:mycelial_pink, recipeClass=class com.buuz135.industrial.plugin.jei.generator.MycelialGeneratorRecipe]
[26Sep2026 23:24:33.427] [Render thread/DEBUG] [mezz.jei.library.recipes.RecipeManagerInternal/]: Adding recipes: RecipeType[uid=industrialforegoing:mycelial_netherstar, recipeClass=class com.buuz135.industrial.plugin.jei.generator.MycelialGeneratorRecipe]
[26Sep2026 23:24:33.427] [Render thread/DEBUG] [mezz.jei.library.recipes.RecipeManagerInternal/]: Adding recipes: RecipeType[uid=industrialforegoing:mycelial_death, recipeClass=class com.buuz135.industrial.plugin.jei.generator.MycelialGeneratorRecipe]
[26Sep2026 23:24:33.428] [Render thread/DEBUG] [mezz.jei.library.recipes.RecipeManagerInternal/]: Adding recipes: RecipeType[uid=industrialforegoing:mycelial_rocket, recipeClass=class com.buuz135.industrial.plugin.jei.generator.MycelialGeneratorRecipe]
[26Sep2026 23:24:33.428] [Render thread/DEBUG] [mezz.jei.library.recipes.RecipeManagerInternal/]: Adding recipes: RecipeType[uid=industrialforegoing:mycelial_crimed, recipeClass=class com.buuz135.industrial.plugin.jei.generator.MycelialGeneratorRecipe]
[26Sep2026 23:24:33.428] [Render thread/DEBUG] [mezz.jei.library.recipes.RecipeManagerInternal/]: Adding recipes: RecipeType[uid=industrialforegoing:mycelial_meatallurgic, recipeClass=class com.buuz135.industrial.plugin.jei.generator.MycelialGeneratorRecipe]
[26Sep2026 23:24:33.467] [Render thread/DEBUG] [mezz.jei.library.recipes.RecipeManagerInternal/]: Adding recipes: RecipeType[uid=industrialforegoing:stone_work, recipeClass=class com.buuz135.industrial.plugin.jei.StoneWorkWrapper]
[26Sep2026 23:24:33.467] [Render thread/DEBUG] [mezz.jei.library.recipes.RecipeManagerInternal/]: Adding recipes: RecipeType[uid=industrialforegoing:machine_produce, recipeClass=class com.buuz135.industrial.plugin.jei.machineproduce.MachineProduceWrapper]
[26Sep2026 23:24:33.468] [Render thread/DEBUG] [mezz.jei.library.recipes.RecipeManagerInternal/]: Adding recipes: RecipeType[uid=industrialforegoing:stone_work_generator, recipeClass=class com.buuz135.industrial.recipe.StoneWorkGenerateRecipe]
[26Sep2026 23:24:33.471] [Render thread/DEBUG] [mezz.jei.library.recipes.RecipeManagerInternal/]: Adding recipes: RecipeType[uid=industrialforegoing:ore_washer, recipeClass=class com.buuz135.industrial.api.recipe.ore.OreFluidEntryRaw]
[26Sep2026 23:24:33.472] [Render thread/DEBUG] [mezz.jei.library.recipes.RecipeManagerInternal/]: Adding recipes: RecipeType[uid=industrialforegoing:fermenter, recipeClass=class com.buuz135.industrial.api.recipe.ore.OreFluidEntryFermenter]
[26Sep2026 23:24:33.472] [Render thread/DEBUG] [mezz.jei.library.recipes.RecipeManagerInternal/]: Adding recipes: RecipeType[uid=industrialforegoing:ore_sieve, recipeClass=class com.buuz135.industrial.api.recipe.ore.OreFluidEntrySieve]
[26Sep2026 23:24:33.472] [Render thread/INFO] [mezz.jei.library.load.PluginCallerTimerRunnable/]: Registering recipes: industrialforegoing:default took 108.8 milliseconds
[26Sep2026 23:24:33.473] [Render thread/DEBUG] [mezz.jei.library.load.PluginCallerTimerRunnable/]: Registering recipes: titanium:default...
[26Sep2026 23:24:33.473] [Render thread/DEBUG] [mezz.jei.library.load.PluginCallerTimerRunnable/]: Registering recipes: jade:main...
[26Sep2026 23:24:33.473] [Render thread/DEBUG] [mezz.jei.library.load.PluginCallerTimerRunnable/]: Registering recipes: ftblibrary:jei...
[26Sep2026 23:24:33.473] [Render thread/DEBUG] [mezz.jei.library.load.PluginCallerTimerRunnable/]: Registering recipes: jei:neoforge_gui...
[26Sep2026 23:24:33.473] [Render thread/DEBUG] [mezz.jei.library.load.PluginCallerTimerRunnable/]: Registering recipes: jei:debug...
[26Sep2026 23:24:33.473] [Render thread/DEBUG] [mezz.jei.library.load.PluginCallerTimerRunnable/]: Registering recipes: jei:gui...
[26Sep2026 23:24:33.473] [Render thread/DEBUG] [mezz.jei.library.load.PluginCallerTimerRunnable/]: Registering recipes: mekanism:jei_plugin...
[26Sep2026 23:24:33.477] [Render thread/DEBUG] [mezz.jei.library.recipes.RecipeManagerInternal/]: Adding recipes: RecipeType[uid=mekanism:smelting, recipeClass=class net.minecraft.world.item.crafting.RecipeHolder]
[26Sep2026 23:24:33.480] [Render thread/DEBUG] [mezz.jei.library.recipes.RecipeManagerInternal/]: Adding recipes: RecipeType[uid=mekanism:enriching, recipeClass=class net.minecraft.world.item.crafting.RecipeHolder]
[26Sep2026 23:24:33.483] [Render thread/DEBUG] [mezz.jei.library.recipes.RecipeManagerInternal/]: Adding recipes: RecipeType[uid=mekanism:crushing, recipeClass=class net.minecraft.world.item.crafting.RecipeHolder]
[26Sep2026 23:24:33.486] [Render thread/DEBUG] [mezz.jei.library.recipes.RecipeManagerInternal/]: Adding recipes: RecipeType[uid=mekanism:combining, recipeClass=class net.minecraft.world.item.crafting.RecipeHolder]
[26Sep2026 23:24:33.487] [Render thread/DEBUG] [mezz.jei.library.recipes.RecipeManagerInternal/]: Adding recipes: RecipeType[uid=mekanism:purifying, recipeClass=class net.minecraft.world.item.crafting.RecipeHolder]
[26Sep2026 23:24:33.496] [Render thread/DEBUG] [mezz.jei.library.recipes.RecipeManagerInternal/]: Adding recipes: RecipeType[uid=mekanism:compressing, recipeClass=class net.minecraft.world.item.crafting.RecipeHolder]
[26Sep2026 23:24:33.497] [Render thread/DEBUG] [mezz.jei.library.recipes.RecipeManagerInternal/]: Adding recipes: RecipeType[uid=mekanism:injecting, recipeClass=class net.minecraft.world.item.crafting.RecipeHolder]
[26Sep2026 23:24:33.504] [Render thread/DEBUG] [mezz.jei.library.recipes.RecipeManagerInternal/]: Adding recipes: RecipeType[uid=mekanism:sawing, recipeClass=class net.minecraft.world.item.crafting.RecipeHolder]
[26Sep2026 23:24:33.505] [Render thread/DEBUG] [mezz.jei.library.recipes.RecipeManagerInternal/]: Adding recipes: RecipeType[uid=mekanism:metallurgic_infusing, recipeClass=class net.minecraft.world.item.crafting.RecipeHolder]
[26Sep2026 23:24:33.507] [Render thread/DEBUG] [mezz.jei.library.recipes.RecipeManagerInternal/]: Adding recipes: RecipeType[uid=mekanism:crystallizing, recipeClass=class net.minecraft.world.item.crafting.RecipeHolder]
[26Sep2026 23:24:33.509] [Render thread/DEBUG] [mezz.jei.library.recipes.RecipeManagerInternal/]: Adding recipes: RecipeType[uid=mekanism:dissolution, recipeClass=class net.minecraft.world.item.crafting.RecipeHolder]
[26Sep2026 23:24:33.510] [Render thread/DEBUG] [mezz.jei.library.recipes.RecipeManagerInternal/]: Adding recipes: RecipeType[uid=mekanism:chemical_infusing, recipeClass=class net.minecraft.world.item.crafting.RecipeHolder]
[26Sep2026 23:24:33.511] [Render thread/DEBUG] [mezz.jei.library.recipes.RecipeManagerInternal/]: Adding recipes: RecipeType[uid=mekanism:oxidizing, recipeClass=class net.minecraft.world.item.crafting.RecipeHolder]
[26Sep2026 23:24:33.512] [Render thread/DEBUG] [mezz.jei.library.recipes.RecipeManagerInternal/]: Adding recipes: RecipeType[uid=mekanism:washing, recipeClass=class net.minecraft.world.item.crafting.RecipeHolder]
[26Sep2026 23:24:33.513] [Render thread/DEBUG] [mezz.jei.library.recipes.RecipeManagerInternal/]: Adding recipes: RecipeType[uid=mekanism:activating, recipeClass=class net.minecraft.world.item.crafting.RecipeHolder]
[26Sep2026 23:24:33.514] [Render thread/DEBUG] [mezz.jei.library.recipes.RecipeManagerInternal/]: Adding recipes: RecipeType[uid=mekanism:centrifuging, recipeClass=class net.minecraft.world.item.crafting.RecipeHolder]
[26Sep2026 23:24:33.514] [Render thread/DEBUG] [mezz.jei.library.recipes.RecipeManagerInternal/]: Adding recipes: RecipeType[uid=mekanism:separating, recipeClass=class net.minecraft.world.item.crafting.RecipeHolder]
[26Sep2026 23:24:33.516] [Render thread/DEBUG] [mezz.jei.library.recipes.RecipeManagerInternal/]: Adding recipes: RecipeType[uid=mekanism:evaporating, recipeClass=class net.minecraft.world.item.crafting.RecipeHolder]
[26Sep2026 23:24:33.516] [Render thread/DEBUG] [mezz.jei.library.recipes.RecipeManagerInternal/]: Adding recipes: RecipeType[uid=mekanism:reaction, recipeClass=class net.minecraft.world.item.crafting.RecipeHolder]
[26Sep2026 23:24:33.518] [Render thread/DEBUG] [mezz.jei.library.recipes.RecipeManagerInternal/]: Adding recipes: RecipeType[uid=mekanism:nucleosynthesizing, recipeClass=class net.minecraft.world.item.crafting.RecipeHolder]
[26Sep2026 23:24:33.520] [Render thread/DEBUG] [mezz.jei.library.recipes.RecipeManagerInternal/]: Adding recipes: RecipeType[uid=mekanism:pigment_extracting, recipeClass=class net.minecraft.world.item.crafting.RecipeHolder]
[26Sep2026 23:24:33.522] [Render thread/DEBUG] [mezz.jei.library.recipes.RecipeManagerInternal/]: Adding recipes: RecipeType[uid=mekanism:pigment_mixing, recipeClass=class net.minecraft.world.item.crafting.RecipeHolder]
[26Sep2026 23:24:33.523] [Render thread/DEBUG] [mezz.jei.library.recipes.RecipeManagerInternal/]: Adding recipes: RecipeType[uid=mekanism:painting, recipeClass=class net.minecraft.world.item.crafting.RecipeHolder]
[26Sep2026 23:24:33.528] [Render thread/DEBUG] [mezz.jei.library.recipes.RecipeManagerInternal/]: Adding recipes: RecipeType[uid=mekanism:condensentrating, recipeClass=class net.minecraft.world.item.crafting.RecipeHolder]
[26Sep2026 23:24:33.529] [Render thread/DEBUG] [mezz.jei.library.recipes.RecipeManagerInternal/]: Adding recipes: RecipeType[uid=mekanism:decondensentrating, recipeClass=class net.minecraft.world.item.crafting.RecipeHolder]
[26Sep2026 23:24:33.534] [Render thread/DEBUG] [mezz.jei.library.recipes.RecipeManagerInternal/]: Adding recipes: RecipeType[uid=mekanism:nutritional_liquifier, recipeClass=class mekanism.api.recipes.ItemStackToFluidOptionalItemRecipe]
[26Sep2026 23:24:33.536] [Render thread/DEBUG] [mezz.jei.library.recipes.RecipeManagerInternal/]: Adding recipes: RecipeType[uid=mekanism:sps_casing, recipeClass=class mekanism.client.recipe_viewer.recipe.SPSRecipeViewerRecipe]
[26Sep2026 23:24:33.570] [Render thread/DEBUG] [mezz.jei.library.recipes.RecipeManagerInternal/]: Adding recipes: RecipeType[uid=mekanism:boiler_casing, recipeClass=class mekanism.client.recipe_viewer.recipe.BoilerRecipeViewerRecipe]
[26Sep2026 23:24:33.570] [Render thread/DEBUG] [mezz.jei.library.recipes.RecipeManagerInternal/]: Adding recipes: RecipeType[uid=mekanism:energy_conversion, recipeClass=class net.minecraft.world.item.crafting.RecipeHolder]
[26Sep2026 23:24:33.571] [Render thread/DEBUG] [mezz.jei.library.recipes.RecipeManagerInternal/]: Adding recipes: RecipeType[uid=mekanism:chemical_conversion, recipeClass=class net.minecraft.world.item.crafting.RecipeHolder]
[26Sep2026 23:24:33.572] [Render thread/DEBUG] [mezz.jei.library.recipes.RecipeManagerInternal/]: Adding recipes: RecipeType[uid=minecraft:anvil, recipeClass=interface mezz.jei.api.recipe.vanilla.IJeiAnvilRecipe]
[26Sep2026 23:24:33.572] [Render thread/DEBUG] [mezz.jei.library.recipes.RecipeManagerInternal/]: Adding recipes: RecipeType[uid=minecraft:anvil, recipeClass=interface mezz.jei.api.recipe.vanilla.IJeiAnvilRecipe]
[26Sep2026 23:24:33.575] [Render thread/DEBUG] [mezz.jei.library.recipes.RecipeManagerInternal/]: Adding recipes: RecipeType[uid=jei:information, recipeClass=interface mezz.jei.api.recipe.vanilla.IJeiIngredientInfoRecipe]
[26Sep2026 23:24:33.576] [Render thread/DEBUG] [mezz.jei.library.recipes.RecipeManagerInternal/]: Adding recipes: RecipeType[uid=jei:information, recipeClass=interface mezz.jei.api.recipe.vanilla.IJeiIngredientInfoRecipe]
[26Sep2026 23:24:33.577] [Render thread/INFO] [mezz.jei.library.load.PluginCallerTimerRunnable/]: Registering recipes: mekanism:jei_plugin took 103.6 milliseconds
[26Sep2026 23:24:33.577] [Render thread/DEBUG] [mezz.jei.library.load.PluginCallerTimerRunnable/]: Registering recipes: enderio:machines...
[26Sep2026 23:24:33.578] [Render thread/DEBUG] [mezz.jei.library.recipes.RecipeManagerInternal/]: Adding recipes: RecipeType[uid=enderio:alloy_smelting, recipeClass=class net.minecraft.world.item.crafting.RecipeHolder]
[26Sep2026 23:24:33.583] [Render thread/DEBUG] [mezz.jei.library.recipes.RecipeManagerInternal/]: Adding recipes: RecipeType[uid=enderio:enchanter, recipeClass=class com.enderio.enderio.compat.jei_machines_to_merge.util.WrappedEnchanterRecipe]
[26Sep2026 23:24:33.587] [Render thread/DEBUG] [mezz.jei.library.recipes.RecipeManagerInternal/]: Adding recipes: RecipeType[uid=enderio:sagmilling, recipeClass=class net.minecraft.world.item.crafting.RecipeHolder]
[26Sep2026 23:24:33.596] [Render thread/DEBUG] [mezz.jei.library.recipes.RecipeManagerInternal/]: Adding recipes: RecipeType[uid=enderio:slicing, recipeClass=class net.minecraft.world.item.crafting.RecipeHolder]
[26Sep2026 23:24:33.597] [Render thread/DEBUG] [mezz.jei.library.recipes.RecipeManagerInternal/]: Adding recipes: RecipeType[uid=enderio:soul_binding, recipeClass=class net.minecraft.world.item.crafting.RecipeHolder]
[26Sep2026 23:24:33.605] [Render thread/DEBUG] [mezz.jei.library.recipes.RecipeManagerInternal/]: Adding recipes: RecipeType[uid=enderio:tank, recipeClass=class net.minecraft.world.item.crafting.RecipeHolder]
[26Sep2026 23:24:33.606] [Render thread/DEBUG] [mezz.jei.library.recipes.RecipeManagerInternal/]: Adding recipes: RecipeType[uid=enderio:soul_engine, recipeClass=class com.enderio.enderio.foundation.souldata.EngineSoul$SoulData]
[26Sep2026 23:24:33.608] [Render thread/DEBUG] [mezz.jei.library.recipes.RecipeManagerInternal/]: Adding recipes: RecipeType[uid=enderio:vat_fermenting, recipeClass=class net.minecraft.world.item.crafting.RecipeHolder]
[26Sep2026 23:24:33.610] [Render thread/DEBUG] [mezz.jei.library.recipes.RecipeManagerInternal/]: Adding recipes: RecipeType[uid=enderio:weather_change, recipeClass=class net.minecraft.world.item.crafting.RecipeHolder]
[26Sep2026 23:24:33.611] [Render thread/INFO] [mezz.jei.library.load.PluginCallerTimerRunnable/]: Registering recipes: enderio:machines took 33.80 milliseconds
[26Sep2026 23:24:33.611] [Render thread/DEBUG] [mezz.jei.library.load.PluginCallerTimerRunnable/]: Registering recipes: enderio:base...
[26Sep2026 23:24:33.612] [Render thread/DEBUG] [mezz.jei.library.recipes.RecipeManagerInternal/]: Adding recipes: RecipeType[uid=enderio:fire_crafting, recipeClass=class net.minecraft.world.item.crafting.RecipeHolder]
[26Sep2026 23:24:33.614] [Render thread/INFO] [mezz.jei.library.ingredients.IngredientManager/]: Ingredients are being removed at runtime: 83 net.minecraft.world.item.ItemStack
[26Sep2026 23:24:33.615] [Render thread/DEBUG] [mezz.jei.library.ingredients.IngredientManager/]: Ingredients removed at runtime: [enderio:broken_spawner
enderio:broken_spawner
enderio:broken_spawner
enderio:broken_spawner
enderio:broken_spawner
enderio:broken_spawner
enderio:broken_spawner
enderio:broken_spawner
enderio:broken_spawner
enderio:broken_spawner
enderio:broken_spawner
enderio:broken_spawner
enderio:broken_spawner
enderio:broken_spawner
enderio:broken_spawner
enderio:broken_spawner
enderio:broken_spawner
enderio:broken_spawner
enderio:broken_spawner
enderio:broken_spawner
enderio:broken_spawner
enderio:broken_spawner
enderio:broken_spawner
enderio:broken_spawner
enderio:broken_spawner
enderio:broken_spawner
enderio:broken_spawner
enderio:broken_spawner
enderio:broken_spawner
enderio:broken_spawner
enderio:broken_spawner
enderio:broken_spawner
enderio:broken_spawner
enderio:broken_spawner
enderio:broken_spawner
enderio:broken_spawner
enderio:broken_spawner
enderio:broken_spawner
enderio:broken_spawner
enderio:broken_spawner
enderio:broken_spawner
enderio:broken_spawner
enderio:broken_spawner
enderio:broken_spawner
enderio:broken_spawner
enderio:broken_spawner
enderio:broken_spawner
enderio:broken_spawner
enderio:broken_spawner
enderio:broken_spawner
enderio:broken_spawner
enderio:broken_spawner
enderio:broken_spawner
enderio:broken_spawner
enderio:broken_spawner
enderio:broken_spawner
enderio:broken_spawner
enderio:broken_spawner
enderio:broken_spawner
enderio:broken_spawner
enderio:broken_spawner
enderio:broken_spawner
enderio:broken_spawner
enderio:broken_spawner
enderio:broken_spawner
enderio:broken_spawner
enderio:broken_spawner
enderio:broken_spawner
enderio:broken_spawner
enderio:broken_spawner
enderio:broken_spawner
enderio:broken_spawner
enderio:broken_spawner
enderio:broken_spawner
enderio:broken_spawner
enderio:broken_spawner
enderio:broken_spawner
enderio:broken_spawner
enderio:broken_spawner
enderio:broken_spawner
enderio:broken_spawner
enderio:broken_spawner
enderio:broken_spawner]
[26Sep2026 23:24:33.619] [Render thread/INFO] [mezz.jei.library.ingredients.IngredientManager/]: Ingredients are being removed at runtime: 672 net.minecraft.world.item.ItemStack
[26Sep2026 23:24:33.620] [Render thread/DEBUG] [mezz.jei.library.ingredients.IngredientManager/]: Ingredients removed at runtime: [enderio:clear_glass_dna_black
enderio:clear_glass_dna_gray
enderio:clear_glass_dna_yellow
enderio:clear_glass_dna_magenta
enderio:clear_glass_dna_lime
enderio:clear_glass_dna_green
enderio:clear_glass_dna_cyan
enderio:clear_glass_dna_brown
enderio:clear_glass_dna_light_gray
enderio:clear_glass_dna_light_blue
enderio:clear_glass_dna_white
enderio:clear_glass_dna_purple
enderio:clear_glass_dna_red
enderio:clear_glass_dna_pink
enderio:clear_glass_dna_blue
enderio:clear_glass_dna_orange
enderio:fused_quartz_ena_black
enderio:fused_quartz_ena_gray
enderio:fused_quartz_ena_yellow
enderio:fused_quartz_ena_magenta
enderio:fused_quartz_ena_lime
enderio:fused_quartz_ena_green
enderio:fused_quartz_ena_cyan
enderio:fused_quartz_ena_brown
enderio:fused_quartz_ena_light_gray
enderio:fused_quartz_ena_light_blue
enderio:fused_quartz_ena_white
enderio:fused_quartz_ena_purple
enderio:fused_quartz_ena_red
enderio:fused_quartz_ena_pink
enderio:fused_quartz_ena_blue
enderio:fused_quartz_ena_orange
enderio:clear_glass_na_black
enderio:clear_glass_na_gray
enderio:clear_glass_na_yellow
enderio:clear_glass_na_magenta
enderio:clear_glass_na_lime
enderio:clear_glass_na_green
enderio:clear_glass_na_cyan
enderio:clear_glass_na_brown
enderio:clear_glass_na_light_gray
enderio:clear_glass_na_light_blue
enderio:clear_glass_na_white
enderio:clear_glass_na_purple
enderio:clear_glass_na_red
enderio:clear_glass_na_pink
enderio:clear_glass_na_blue
enderio:clear_glass_na_orange
enderio:clear_glass_enm_black
enderio:clear_glass_enm_gray
enderio:clear_glass_enm_yellow
enderio:clear_glass_enm_magenta
enderio:clear_glass_enm_lime
enderio:clear_glass_enm_green
enderio:clear_glass_enm_cyan
enderio:clear_glass_enm_brown
enderio:clear_glass_enm_light_gray
enderio:clear_glass_enm_light_blue
enderio:clear_glass_enm_white
enderio:clear_glass_enm_purple
enderio:clear_glass_enm_red
enderio:clear_glass_enm_pink
enderio:clear_glass_enm_blue
enderio:clear_glass_enm_orange
enderio:fused_quartz_dna_black
enderio:fused_quartz_dna_gray
enderio:fused_quartz_dna_yellow
enderio:fused_quartz_dna_magenta
enderio:fused_quartz_dna_lime
enderio:fused_quartz_dna_green
enderio:fused_quartz_dna_cyan
enderio:fused_quartz_dna_brown
enderio:fused_quartz_dna_light_gray
enderio:fused_quartz_dna_light_blue
enderio:fused_quartz_dna_white
enderio:fused_quartz_dna_purple
enderio:fused_quartz_dna_red
enderio:fused_quartz_dna_pink
enderio:fused_quartz_dna_blue
enderio:fused_quartz_dna_orange
enderio:clear_glass_nm_black
enderio:clear_glass_nm_gray
enderio:clear_glass_nm_yellow
enderio:clear_glass_nm_magenta
enderio:clear_glass_nm_lime
enderio:clear_glass_nm_green
enderio:clear_glass_nm_cyan
enderio:clear_glass_nm_brown
enderio:clear_glass_nm_light_gray
enderio:clear_glass_nm_light_blue
enderio:clear_glass_nm_white
enderio:clear_glass_nm_purple
enderio:clear_glass_nm_red
enderio:clear_glass_nm_pink
enderio:clear_glass_nm_blue
enderio:clear_glass_nm_orange
enderio:fused_quartz_na_black
enderio:fused_quartz_na_gray
enderio:fused_quartz_na_yellow
enderio:fused_quartz_na_magenta
enderio:fused_quartz_na_lime
enderio:fused_quartz_na_green
enderio:fused_quartz_na_cyan
enderio:fused_quartz_na_brown
enderio:fused_quartz_na_light_gray
enderio:fused_quartz_na_light_blue
enderio:fused_quartz_na_white
enderio:fused_quartz_na_purple
enderio:fused_quartz_na_red
enderio:fused_quartz_na_pink
enderio:fused_quartz_na_blue
enderio:fused_quartz_na_orange
enderio:fused_quartz_dp_black
enderio:fused_quartz_dp_gray
enderio:fused_quartz_dp_yellow
enderio:fused_quartz_dp_magenta
enderio:fused_quartz_dp_lime
enderio:fused_quartz_dp_green
enderio:fused_quartz_dp_cyan
enderio:fused_quartz_dp_brown
enderio:fused_quartz_dp_light_gray
enderio:fused_quartz_dp_light_blue
enderio:fused_quartz_dp_white
enderio:fused_quartz_dp_purple
enderio:fused_quartz_dp_red
enderio:fused_quartz_dp_pink
enderio:fused_quartz_dp_blue
enderio:fused_quartz_dp_orange
enderio:fused_quartz_dm_black
enderio:fused_quartz_dm_gray
enderio:fused_quartz_dm_yellow
enderio:fused_quartz_dm_magenta
enderio:fused_quartz_dm_lime
enderio:fused_quartz_dm_green
enderio:fused_quartz_dm_cyan
enderio:fused_quartz_dm_brown
enderio:fused_quartz_dm_light_gray
enderio:fused_quartz_dm_light_blue
enderio:fused_quartz_dm_white
enderio:fused_quartz_dm_purple
enderio:fused_quartz_dm_red
enderio:fused_quartz_dm_pink
enderio:fused_quartz_dm_blue
enderio:fused_quartz_dm_orange
enderio:clear_glass_ena_black
enderio:clear_glass_ena_gray
enderio:clear_glass_ena_yellow
enderio:clear_glass_ena_magenta
enderio:clear_glass_ena_lime
enderio:clear_glass_ena_green
enderio:clear_glass_ena_cyan
enderio:clear_glass_ena_brown
enderio:clear_glass_ena_light_gray
enderio:clear_glass_ena_light_blue
enderio:clear_glass_ena_white
enderio:clear_glass_ena_purple
enderio:clear_glass_ena_red
enderio:clear_glass_ena_pink
enderio:clear_glass_ena_blue
enderio:clear_glass_ena_orange
enderio:clear_glass_dp_black
enderio:clear_glass_dp_gray
enderio:clear_glass_dp_yellow
enderio:clear_glass_dp_magenta
enderio:clear_glass_dp_lime
enderio:clear_glass_dp_green
enderio:clear_glass_dp_cyan
enderio:clear_glass_dp_brown
enderio:clear_glass_dp_light_gray
enderio:clear_glass_dp_light_blue
enderio:clear_glass_dp_white
enderio:clear_glass_dp_purple
enderio:clear_glass_dp_red
enderio:clear_glass_dp_pink
enderio:clear_glass_dp_blue
enderio:clear_glass_dp_orange
enderio:fused_quartz_da_black
enderio:fused_quartz_da_gray
enderio:fused_quartz_da_yellow
enderio:fused_quartz_da_magenta
enderio:fused_quartz_da_lime
enderio:fused_quartz_da_green
enderio:fused_quartz_da_cyan
enderio:fused_quartz_da_brown
enderio:fused_quartz_da_light_gray
enderio:fused_quartz_da_light_blue
enderio:fused_quartz_da_white
enderio:fused_quartz_da_purple
enderio:fused_quartz_da_red
enderio:fused_quartz_da_pink
enderio:fused_quartz_da_blue
enderio:fused_quartz_da_orange
enderio:fused_quartz_ep_black
enderio:fused_quartz_ep_gray
enderio:fused_quartz_ep_yellow
enderio:fused_quartz_ep_magenta
enderio:fused_quartz_ep_lime
enderio:fused_quartz_ep_green
enderio:fused_quartz_ep_cyan
enderio:fused_quartz_ep_brown
enderio:fused_quartz_ep_light_gray
enderio:fused_quartz_ep_light_blue
enderio:fused_quartz_ep_white
enderio:fused_quartz_ep_purple
enderio:fused_quartz_ep_red
enderio:fused_quartz_ep_pink
enderio:fused_quartz_ep_blue
enderio:fused_quartz_ep_orange
enderio:clear_glass_m_black
enderio:clear_glass_m_gray
enderio:clear_glass_m_yellow
enderio:clear_glass_m_magenta
enderio:clear_glass_m_lime
enderio:clear_glass_m_green
enderio:clear_glass_m_cyan
enderio:clear_glass_m_brown
enderio:clear_glass_m_light_gray
enderio:clear_glass_m_light_blue
enderio:clear_glass_m_white
enderio:clear_glass_m_purple
enderio:clear_glass_m_red
enderio:clear_glass_m_pink
enderio:clear_glass_m_blue
enderio:clear_glass_m_orange
enderio:clear_glass_dm_black
enderio:clear_glass_dm_gray
enderio:clear_glass_dm_yellow
enderio:clear_glass_dm_magenta
enderio:clear_glass_dm_lime
enderio:clear_glass_dm_green
enderio:clear_glass_dm_cyan
enderio:clear_glass_dm_brown
enderio:clear_glass_dm_light_gray
enderio:clear_glass_dm_light_blue
enderio:clear_glass_dm_white
enderio:clear_glass_dm_purple
enderio:clear_glass_dm_red
enderio:clear_glass_dm_pink
enderio:clear_glass_dm_blue
enderio:clear_glass_dm_orange
enderio:fused_quartz_em_black
enderio:fused_quartz_em_gray
enderio:fused_quartz_em_yellow
enderio:fused_quartz_em_magenta
enderio:fused_quartz_em_lime
enderio:fused_quartz_em_green
enderio:fused_quartz_em_cyan
enderio:fused_quartz_em_brown
enderio:fused_quartz_em_light_gray
enderio:fused_quartz_em_light_blue
enderio:fused_quartz_em_white
enderio:fused_quartz_em_purple
enderio:fused_quartz_em_red
enderio:fused_quartz_em_pink
enderio:fused_quartz_em_blue
enderio:fused_quartz_em_orange
enderio:clear_glass_p_black
enderio:clear_glass_p_gray
enderio:clear_glass_p_yellow
enderio:clear_glass_p_magenta
enderio:clear_glass_p_lime
enderio:clear_glass_p_green
enderio:clear_glass_p_cyan
enderio:clear_glass_p_brown
enderio:clear_glass_p_light_gray
enderio:clear_glass_p_light_blue
enderio:clear_glass_p_white
enderio:clear_glass_p_purple
enderio:clear_glass_p_red
enderio:clear_glass_p_pink
enderio:clear_glass_p_blue
enderio:clear_glass_p_orange
enderio:clear_glass_np_black
enderio:clear_glass_np_gray
enderio:clear_glass_np_yellow
enderio:clear_glass_np_magenta
enderio:clear_glass_np_lime
enderio:clear_glass_np_green
enderio:clear_glass_np_cyan
enderio:clear_glass_np_brown
enderio:clear_glass_np_light_gray
enderio:clear_glass_np_light_blue
enderio:clear_glass_np_white
enderio:clear_glass_np_purple
enderio:clear_glass_np_red
enderio:clear_glass_np_pink
enderio:clear_glass_np_blue
enderio:clear_glass_np_orange
enderio:fused_quartz_a_black
enderio:fused_quartz_a_gray
enderio:fused_quartz_a_yellow
enderio:fused_quartz_a_magenta
enderio:fused_quartz_a_lime
enderio:fused_quartz_a_green
enderio:fused_quartz_a_cyan
enderio:fused_quartz_a_brown
enderio:fused_quartz_a_light_gray
enderio:fused_quartz_a_light_blue
enderio:fused_quartz_a_white
enderio:fused_quartz_a_purple
enderio:fused_quartz_a_red
enderio:fused_quartz_a_pink
enderio:fused_quartz_a_blue
enderio:fused_quartz_a_orange
enderio:clear_glass_em_black
enderio:clear_glass_em_gray
enderio:clear_glass_em_yellow
enderio:clear_glass_em_magenta
enderio:clear_glass_em_lime
enderio:clear_glass_em_green
enderio:clear_glass_em_cyan
enderio:clear_glass_em_brown
enderio:clear_glass_em_light_gray
enderio:clear_glass_em_light_blue
enderio:clear_glass_em_white
enderio:clear_glass_em_purple
enderio:clear_glass_em_red
enderio:clear_glass_em_pink
enderio:clear_glass_em_blue
enderio:clear_glass_em_orange
enderio:fused_quartz_black
enderio:fused_quartz_gray
enderio:fused_quartz_yellow
enderio:fused_quartz_magenta
enderio:fused_quartz_lime
enderio:fused_quartz_green
enderio:fused_quartz_cyan
enderio:fused_quartz_brown
enderio:fused_quartz_light_gray
enderio:fused_quartz_light_blue
enderio:fused_quartz_white
enderio:fused_quartz_purple
enderio:fused_quartz_red
enderio:fused_quartz_pink
enderio:fused_quartz_blue
enderio:fused_quartz_orange
enderio:clear_glass_a_black
enderio:clear_glass_a_gray
enderio:clear_glass_a_yellow
enderio:clear_glass_a_magenta
enderio:clear_glass_a_lime
enderio:clear_glass_a_green
enderio:clear_glass_a_cyan
enderio:clear_glass_a_brown
enderio:clear_glass_a_light_gray
enderio:clear_glass_a_light_blue
enderio:clear_glass_a_white
enderio:clear_glass_a_purple
enderio:clear_glass_a_red
enderio:clear_glass_a_pink
enderio:clear_glass_a_blue
enderio:clear_glass_a_orange
enderio:fused_quartz_p_black
enderio:fused_quartz_p_gray
enderio:fused_quartz_p_yellow
enderio:fused_quartz_p_magenta
enderio:fused_quartz_p_lime
enderio:fused_quartz_p_green
enderio:fused_quartz_p_cyan
enderio:fused_quartz_p_brown
enderio:fused_quartz_p_light_gray
enderio:fused_quartz_p_light_blue
enderio:fused_quartz_p_white
enderio:fused_quartz_p_purple
enderio:fused_quartz_p_red
enderio:fused_quartz_p_pink
enderio:fused_quartz_p_blue
enderio:fused_quartz_p_orange
enderio:fused_quartz_m_black
enderio:fused_quartz_m_gray
enderio:fused_quartz_m_yellow
enderio:fused_quartz_m_magenta
enderio:fused_quartz_m_lime
enderio:fused_quartz_m_green
enderio:fused_quartz_m_cyan
enderio:fused_quartz_m_brown
enderio:fused_quartz_m_light_gray
enderio:fused_quartz_m_light_blue
enderio:fused_quartz_m_white
enderio:fused_quartz_m_purple
enderio:fused_quartz_m_red
enderio:fused_quartz_m_pink
enderio:fused_quartz_m_blue
enderio:fused_quartz_m_orange
enderio:clear_glass_black
enderio:clear_glass_gray
enderio:clear_glass_yellow
enderio:clear_glass_magenta
enderio:clear_glass_lime
enderio:clear_glass_green
enderio:clear_glass_cyan
enderio:clear_glass_brown
enderio:clear_glass_light_gray
enderio:clear_glass_light_blue
enderio:clear_glass_white
enderio:clear_glass_purple
enderio:clear_glass_red
enderio:clear_glass_pink
enderio:clear_glass_blue
enderio:clear_glass_orange
enderio:clear_glass_ep_black
enderio:clear_glass_ep_gray
enderio:clear_glass_ep_yellow
enderio:clear_glass_ep_magenta
enderio:clear_glass_ep_lime
enderio:clear_glass_ep_green
enderio:clear_glass_ep_cyan
enderio:clear_glass_ep_brown
enderio:clear_glass_ep_light_gray
enderio:clear_glass_ep_light_blue
enderio:clear_glass_ep_white
enderio:clear_glass_ep_purple
enderio:clear_glass_ep_red
enderio:clear_glass_ep_pink
enderio:clear_glass_ep_blue
enderio:clear_glass_ep_orange
enderio:fused_quartz_dnp_black
enderio:fused_quartz_dnp_gray
enderio:fused_quartz_dnp_yellow
enderio:fused_quartz_dnp_magenta
enderio:fused_quartz_dnp_lime
enderio:fused_quartz_dnp_green
enderio:fused_quartz_dnp_cyan
enderio:fused_quartz_dnp_brown
enderio:fused_quartz_dnp_light_gray
enderio:fused_quartz_dnp_light_blue
enderio:fused_quartz_dnp_white
enderio:fused_quartz_dnp_purple
enderio:fused_quartz_dnp_red
enderio:fused_quartz_dnp_pink
enderio:fused_quartz_dnp_blue
enderio:fused_quartz_dnp_orange
enderio:clear_glass_ea_black
enderio:clear_glass_ea_gray
enderio:clear_glass_ea_yellow
enderio:clear_glass_ea_magenta
enderio:clear_glass_ea_lime
enderio:clear_glass_ea_green
enderio:clear_glass_ea_cyan
enderio:clear_glass_ea_brown
enderio:clear_glass_ea_light_gray
enderio:clear_glass_ea_light_blue
enderio:clear_glass_ea_white
enderio:clear_glass_ea_purple
enderio:clear_glass_ea_red
enderio:clear_glass_ea_pink
enderio:clear_glass_ea_blue
enderio:clear_glass_ea_orange
enderio:clear_glass_e_black
enderio:clear_glass_e_gray
enderio:clear_glass_e_yellow
enderio:clear_glass_e_magenta
enderio:clear_glass_e_lime
enderio:clear_glass_e_green
enderio:clear_glass_e_cyan
enderio:clear_glass_e_brown
enderio:clear_glass_e_light_gray
enderio:clear_glass_e_light_blue
enderio:clear_glass_e_white
enderio:clear_glass_e_purple
enderio:clear_glass_e_red
enderio:clear_glass_e_pink
enderio:clear_glass_e_blue
enderio:clear_glass_e_orange
enderio:fused_quartz_nm_black
enderio:fused_quartz_nm_gray
enderio:fused_quartz_nm_yellow
enderio:fused_quartz_nm_magenta
enderio:fused_quartz_nm_lime
enderio:fused_quartz_nm_green
enderio:fused_quartz_nm_cyan
enderio:fused_quartz_nm_brown
enderio:fused_quartz_nm_light_gray
enderio:fused_quartz_nm_light_blue
enderio:fused_quartz_nm_white
enderio:fused_quartz_nm_purple
enderio:fused_quartz_nm_red
enderio:fused_quartz_nm_pink
enderio:fused_quartz_nm_blue
enderio:fused_quartz_nm_orange
enderio:clear_glass_dnp_black
enderio:clear_glass_dnp_gray
enderio:clear_glass_dnp_yellow
enderio:clear_glass_dnp_magenta
enderio:clear_glass_dnp_lime
enderio:clear_glass_dnp_green
enderio:clear_glass_dnp_cyan
enderio:clear_glass_dnp_brown
enderio:clear_glass_dnp_light_gray
enderio:clear_glass_dnp_light_blue
enderio:clear_glass_dnp_white
enderio:clear_glass_dnp_purple
enderio:clear_glass_dnp_red
enderio:clear_glass_dnp_pink
enderio:clear_glass_dnp_blue
enderio:clear_glass_dnp_orange
enderio:fused_quartz_enp_black
enderio:fused_quartz_enp_gray
enderio:fused_quartz_enp_yellow
enderio:fused_quartz_enp_magenta
enderio:fused_quartz_enp_lime
enderio:fused_quartz_enp_green
enderio:fused_quartz_enp_cyan
enderio:fused_quartz_enp_brown
enderio:fused_quartz_enp_light_gray
enderio:fused_quartz_enp_light_blue
enderio:fused_quartz_enp_white
enderio:fused_quartz_enp_purple
enderio:fused_quartz_enp_red
enderio:fused_quartz_enp_pink
enderio:fused_quartz_enp_blue
enderio:fused_quartz_enp_orange
enderio:fused_quartz_d_black
enderio:fused_quartz_d_gray
enderio:fused_quartz_d_yellow
enderio:fused_quartz_d_magenta
enderio:fused_quartz_d_lime
enderio:fused_quartz_d_green
enderio:fused_quartz_d_cyan
enderio:fused_quartz_d_brown
enderio:fused_quartz_d_light_gray
enderio:fused_quartz_d_light_blue
enderio:fused_quartz_d_white
enderio:fused_quartz_d_purple
enderio:fused_quartz_d_red
enderio:fused_quartz_d_pink
enderio:fused_quartz_d_blue
enderio:fused_quartz_d_orange
enderio:fused_quartz_dnm_black
enderio:fused_quartz_dnm_gray
enderio:fused_quartz_dnm_yellow
enderio:fused_quartz_dnm_magenta
enderio:fused_quartz_dnm_lime
enderio:fused_quartz_dnm_green
enderio:fused_quartz_dnm_cyan
enderio:fused_quartz_dnm_brown
enderio:fused_quartz_dnm_light_gray
enderio:fused_quartz_dnm_light_blue
enderio:fused_quartz_dnm_white
enderio:fused_quartz_dnm_purple
enderio:fused_quartz_dnm_red
enderio:fused_quartz_dnm_pink
enderio:fused_quartz_dnm_blue
enderio:fused_quartz_dnm_orange
enderio:clear_glass_d_black
enderio:clear_glass_d_gray
enderio:clear_glass_d_yellow
enderio:clear_glass_d_magenta
enderio:clear_glass_d_lime
enderio:clear_glass_d_green
enderio:clear_glass_d_cyan
enderio:clear_glass_d_brown
enderio:clear_glass_d_light_gray
enderio:clear_glass_d_light_blue
enderio:clear_glass_d_white
enderio:clear_glass_d_purple
enderio:clear_glass_d_red
enderio:clear_glass_d_pink
enderio:clear_glass_d_blue
enderio:clear_glass_d_orange
enderio:clear_glass_dnm_black
enderio:clear_glass_dnm_gray
enderio:clear_glass_dnm_yellow
enderio:clear_glass_dnm_magenta
enderio:clear_glass_dnm_lime
enderio:clear_glass_dnm_green
enderio:clear_glass_dnm_cyan
enderio:clear_glass_dnm_brown
enderio:clear_glass_dnm_light_gray
enderio:clear_glass_dnm_light_blue
enderio:clear_glass_dnm_white
enderio:clear_glass_dnm_purple
enderio:clear_glass_dnm_red
enderio:clear_glass_dnm_pink
enderio:clear_glass_dnm_blue
enderio:clear_glass_dnm_orange
enderio:fused_quartz_e_black
enderio:fused_quartz_e_gray
enderio:fused_quartz_e_yellow
enderio:fused_quartz_e_magenta
enderio:fused_quartz_e_lime
enderio:fused_quartz_e_green
enderio:fused_quartz_e_cyan
enderio:fused_quartz_e_brown
enderio:fused_quartz_e_light_gray
enderio:fused_quartz_e_light_blue
enderio:fused_quartz_e_white
enderio:fused_quartz_e_purple
enderio:fused_quartz_e_red
enderio:fused_quartz_e_pink
enderio:fused_quartz_e_blue
enderio:fused_quartz_e_orange
enderio:fused_quartz_enm_black
enderio:fused_quartz_enm_gray
enderio:fused_quartz_enm_yellow
enderio:fused_quartz_enm_magenta
enderio:fused_quartz_enm_lime
enderio:fused_quartz_enm_green
enderio:fused_quartz_enm_cyan
enderio:fused_quartz_enm_brown
enderio:fused_quartz_enm_light_gray
enderio:fused_quartz_enm_light_blue
enderio:fused_quartz_enm_white
enderio:fused_quartz_enm_purple
enderio:fused_quartz_enm_red
enderio:fused_quartz_enm_pink
enderio:fused_quartz_enm_blue
enderio:fused_quartz_enm_orange
enderio:fused_quartz_np_black
enderio:fused_quartz_np_gray
enderio:fused_quartz_np_yellow
enderio:fused_quartz_np_magenta
enderio:fused_quartz_np_lime
enderio:fused_quartz_np_green
enderio:fused_quartz_np_cyan
enderio:fused_quartz_np_brown
enderio:fused_quartz_np_light_gray
enderio:fused_quartz_np_light_blue
enderio:fused_quartz_np_white
enderio:fused_quartz_np_purple
enderio:fused_quartz_np_red
enderio:fused_quartz_np_pink
enderio:fused_quartz_np_blue
enderio:fused_quartz_np_orange
enderio:clear_glass_da_black
enderio:clear_glass_da_gray
enderio:clear_glass_da_yellow
enderio:clear_glass_da_magenta
enderio:clear_glass_da_lime
enderio:clear_glass_da_green
enderio:clear_glass_da_cyan
enderio:clear_glass_da_brown
enderio:clear_glass_da_light_gray
enderio:clear_glass_da_light_blue
enderio:clear_glass_da_white
enderio:clear_glass_da_purple
enderio:clear_glass_da_red
enderio:clear_glass_da_pink
enderio:clear_glass_da_blue
enderio:clear_glass_da_orange
enderio:clear_glass_enp_black
enderio:clear_glass_enp_gray
enderio:clear_glass_enp_yellow
enderio:clear_glass_enp_magenta
enderio:clear_glass_enp_lime
enderio:clear_glass_enp_green
enderio:clear_glass_enp_cyan
enderio:clear_glass_enp_brown
enderio:clear_glass_enp_light_gray
enderio:clear_glass_enp_light_blue
enderio:clear_glass_enp_white
enderio:clear_glass_enp_purple
enderio:clear_glass_enp_red
enderio:clear_glass_enp_pink
enderio:clear_glass_enp_blue
enderio:clear_glass_enp_orange
enderio:fused_quartz_ea_black
enderio:fused_quartz_ea_gray
enderio:fused_quartz_ea_yellow
enderio:fused_quartz_ea_magenta
enderio:fused_quartz_ea_lime
enderio:fused_quartz_ea_green
enderio:fused_quartz_ea_cyan
enderio:fused_quartz_ea_brown
enderio:fused_quartz_ea_light_gray
enderio:fused_quartz_ea_light_blue
enderio:fused_quartz_ea_white
enderio:fused_quartz_ea_purple
enderio:fused_quartz_ea_red
enderio:fused_quartz_ea_pink
enderio:fused_quartz_ea_blue
enderio:fused_quartz_ea_orange]
[26Sep2026 23:24:33.624] [Render thread/INFO] [mezz.jei.library.load.PluginCallerTimerRunnable/]: Registering recipes: enderio:base took 13.84 milliseconds
[26Sep2026 23:24:33.625] [Render thread/DEBUG] [mezz.jei.library.load.PluginCallerTimerRunnable/]: Registering recipes: curios:curios...
[26Sep2026 23:24:33.625] [Render thread/DEBUG] [mezz.jei.library.load.PluginCallerTimerRunnable/]: Registering recipes: patchouli:patchouli...
[26Sep2026 23:24:33.626] [Render thread/DEBUG] [mezz.jei.library.load.PluginCallerTimerRunnable/]: Registering recipes: jei:internal...
[26Sep2026 23:24:33.628] [Render thread/DEBUG] [mezz.jei.library.plugins.jei.tags.TagInfoRecipeMaker/]: No valid ingredients found for minecraft:block tag: #minecraft:incorrect_for_diamond_tool (minecraft:incorrect_for_diamond_tool)
[26Sep2026 23:24:33.629] [Render thread/DEBUG] [mezz.jei.library.plugins.jei.tags.TagInfoRecipeMaker/]: No valid ingredients found for minecraft:block tag: Needs Netherite Tools (neoforge:needs_netherite_tool)
[26Sep2026 23:24:33.629] [Render thread/DEBUG] [mezz.jei.library.plugins.jei.tags.TagInfoRecipeMaker/]: No valid ingredients found for minecraft:block tag: #minecraft:candle_cakes (minecraft:candle_cakes)
[26Sep2026 23:24:33.629] [Render thread/DEBUG] [mezz.jei.library.plugins.jei.tags.TagInfoRecipeMaker/]: No valid ingredients found for minecraft:block tag: #mekanism:incorrect_for_meka_tool (mekanism:incorrect_for_meka_tool)
[26Sep2026 23:24:33.629] [Render thread/DEBUG] [mezz.jei.library.plugins.jei.tags.TagInfoRecipeMaker/]: No valid ingredients found for minecraft:block tag: #minecraft:invalid_spawn_inside (minecraft:invalid_spawn_inside)
[26Sep2026 23:24:33.630] [Render thread/DEBUG] [mezz.jei.library.plugins.jei.tags.TagInfoRecipeMaker/]: No valid ingredients found for minecraft:block tag: #ftbchunks:edit_whitelist (ftbchunks:edit_whitelist)
[26Sep2026 23:24:33.631] [Render thread/DEBUG] [mezz.jei.library.plugins.jei.tags.TagInfoRecipeMaker/]: No valid ingredients found for minecraft:block tag: Ropes (c:ropes)
[26Sep2026 23:24:33.631] [Render thread/DEBUG] [mezz.jei.library.plugins.jei.tags.TagInfoRecipeMaker/]: No valid ingredients found for minecraft:block tag: #mekanism:incorrect_for_disassembler (mekanism:incorrect_for_disassembler)
[26Sep2026 23:24:33.631] [Render thread/DEBUG] [mezz.jei.library.plugins.jei.tags.TagInfoRecipeMaker/]: No valid ingredients found for minecraft:block tag: #minecraft:incorrect_for_netherite_tool (minecraft:incorrect_for_netherite_tool)
[26Sep2026 23:24:33.632] [Render thread/DEBUG] [mezz.jei.library.plugins.jei.tags.TagInfoRecipeMaker/]: No valid ingredients found for minecraft:block tag: #minecraft:portals (minecraft:portals)
[26Sep2026 23:24:33.632] [Render thread/DEBUG] [mezz.jei.library.plugins.jei.tags.TagInfoRecipeMaker/]: No valid ingredients found for minecraft:block tag: #minecraft:fire (minecraft:fire)
[26Sep2026 23:24:33.632] [Render thread/DEBUG] [mezz.jei.library.plugins.jei.tags.TagInfoRecipeMaker/]: No valid ingredients found for minecraft:block tag: #minecraft:strider_warm_blocks (minecraft:strider_warm_blocks)
[26Sep2026 23:24:33.632] [Render thread/DEBUG] [mezz.jei.library.plugins.jei.tags.TagInfoRecipeMaker/]: No valid ingredients found for minecraft:block tag: #mekanism:miner_blacklist (mekanism:miner_blacklist)
[26Sep2026 23:24:33.632] [Render thread/DEBUG] [mezz.jei.library.plugins.jei.tags.TagInfoRecipeMaker/]: No valid ingredients found for minecraft:block tag: #minecraft:air (minecraft:air)
[26Sep2026 23:24:33.633] [Render thread/DEBUG] [mezz.jei.library.recipes.RecipeManagerInternal/]: Adding recipes: RecipeType[uid=minecraft:tag_recipes/block, recipeClass=interface mezz.jei.library.plugins.jei.tags.ITagInfoRecipe]
[26Sep2026 23:24:33.655] [Render thread/DEBUG] [mezz.jei.library.plugins.jei.tags.TagInfoRecipeMaker/]: No valid ingredients found for minecraft:item tag: #industrialforegoing:enchantment_extractor_blacklist (industrialforegoing:enchantment_extractor_blacklist)
[26Sep2026 23:24:33.655] [Render thread/DEBUG] [mezz.jei.library.plugins.jei.tags.TagInfoRecipeMaker/]: No valid ingredients found for minecraft:item tag: Ropes (c:ropes)
[26Sep2026 23:24:33.655] [Render thread/DEBUG] [mezz.jei.library.plugins.jei.tags.TagInfoRecipeMaker/]: No valid ingredients found for minecraft:item tag: Water (c:drinks/water)
[26Sep2026 23:24:33.656] [Render thread/DEBUG] [mezz.jei.library.plugins.jei.tags.TagInfoRecipeMaker/]: No valid ingredients found for minecraft:item tag: Juice (c:drinks/juice)
[26Sep2026 23:24:33.656] [Render thread/DEBUG] [mezz.jei.library.plugins.jei.tags.TagInfoRecipeMaker/]: No valid ingredients found for minecraft:item tag: Candies (c:foods/candy)
[26Sep2026 23:24:33.656] [Render thread/DEBUG] [mezz.jei.library.plugins.jei.tags.TagInfoRecipeMaker/]: No valid ingredients found for minecraft:item tag: Doughs (c:foods/dough)
[26Sep2026 23:24:33.656] [Render thread/DEBUG] [mezz.jei.library.recipes.RecipeManagerInternal/]: Adding recipes: RecipeType[uid=minecraft:tag_recipes/item, recipeClass=interface mezz.jei.library.plugins.jei.tags.ITagInfoRecipe]
[26Sep2026 23:24:33.674] [Render thread/DEBUG] [mezz.jei.library.plugins.jei.tags.TagInfoRecipeMaker/]: No valid ingredients found for minecraft:fluid tag: Mushroom Stew (c:mushroom_stew)
[26Sep2026 23:24:33.675] [Render thread/DEBUG] [mezz.jei.library.plugins.jei.tags.TagInfoRecipeMaker/]: No valid ingredients found for minecraft:fluid tag: Rabbit Stew (c:rabbit_stew)
[26Sep2026 23:24:33.675] [Render thread/DEBUG] [mezz.jei.library.plugins.jei.tags.TagInfoRecipeMaker/]: No valid ingredients found for minecraft:fluid tag: Honey (c:honey)
[26Sep2026 23:24:33.675] [Render thread/DEBUG] [mezz.jei.library.plugins.jei.tags.TagInfoRecipeMaker/]: No valid ingredients found for minecraft:fluid tag: Potion (c:potion)
[26Sep2026 23:24:33.675] [Render thread/DEBUG] [mezz.jei.library.plugins.jei.tags.TagInfoRecipeMaker/]: No valid ingredients found for minecraft:fluid tag: Beetroot Soup (c:beetroot_soup)
[26Sep2026 23:24:33.675] [Render thread/DEBUG] [mezz.jei.library.plugins.jei.tags.TagInfoRecipeMaker/]: No valid ingredients found for minecraft:fluid tag: Suspicious Stew (c:suspicious_stew)
[26Sep2026 23:24:33.675] [Render thread/DEBUG] [mezz.jei.library.recipes.RecipeManagerInternal/]: Adding recipes: RecipeType[uid=minecraft:tag_recipes/fluid, recipeClass=interface mezz.jei.library.plugins.jei.tags.ITagInfoRecipe]
[26Sep2026 23:24:33.675] [Render thread/INFO] [mezz.jei.library.load.PluginCallerTimerRunnable/]: Registering recipes: jei:internal took 49.65 milliseconds
[26Sep2026 23:24:33.677] [Render thread/INFO] [mezz.jei.library.load.PluginCaller/]: Registering recipes took 542.3 ms
[26Sep2026 23:24:33.687] [Render thread/INFO] [mezz.jei.library.load.PluginCaller/]: Registering recipes transfer handlers...
[26Sep2026 23:24:33.687] [Render thread/DEBUG] [mezz.jei.library.load.PluginCallerTimerRunnable/]: Registering recipes transfer handlers: jei:minecraft...
[26Sep2026 23:24:33.692] [Render thread/DEBUG] [mezz.jei.library.load.PluginCallerTimerRunnable/]: Registering recipes transfer handlers: industrialforegoing:default...
[26Sep2026 23:24:33.692] [Render thread/DEBUG] [mezz.jei.library.load.PluginCallerTimerRunnable/]: Registering recipes transfer handlers: titanium:default...
[26Sep2026 23:24:33.692] [Render thread/DEBUG] [mezz.jei.library.load.PluginCallerTimerRunnable/]: Registering recipes transfer handlers: jade:main...
[26Sep2026 23:24:33.692] [Render thread/DEBUG] [mezz.jei.library.load.PluginCallerTimerRunnable/]: Registering recipes transfer handlers: ftblibrary:jei...
[26Sep2026 23:24:33.692] [Render thread/DEBUG] [mezz.jei.library.load.PluginCallerTimerRunnable/]: Registering recipes transfer handlers: jei:neoforge_gui...
[26Sep2026 23:24:33.692] [Render thread/DEBUG] [mezz.jei.library.load.PluginCallerTimerRunnable/]: Registering recipes transfer handlers: jei:debug...
[26Sep2026 23:24:33.692] [Render thread/DEBUG] [mezz.jei.library.load.PluginCallerTimerRunnable/]: Registering recipes transfer handlers: jei:gui...
[26Sep2026 23:24:33.692] [Render thread/DEBUG] [mezz.jei.library.load.PluginCallerTimerRunnable/]: Registering recipes transfer handlers: mekanism:jei_plugin...
[26Sep2026 23:24:33.694] [Render thread/DEBUG] [mezz.jei.library.load.PluginCallerTimerRunnable/]: Registering recipes transfer handlers: enderio:machines...
[26Sep2026 23:24:33.697] [Render thread/DEBUG] [mezz.jei.library.load.PluginCallerTimerRunnable/]: Registering recipes transfer handlers: enderio:base...
[26Sep2026 23:24:33.698] [Render thread/DEBUG] [mezz.jei.library.load.PluginCallerTimerRunnable/]: Registering recipes transfer handlers: curios:curios...
[26Sep2026 23:24:33.698] [Render thread/DEBUG] [mezz.jei.library.load.PluginCallerTimerRunnable/]: Registering recipes transfer handlers: patchouli:patchouli...
[26Sep2026 23:24:33.698] [Render thread/DEBUG] [mezz.jei.library.load.PluginCallerTimerRunnable/]: Registering recipes transfer handlers: jei:internal...
[26Sep2026 23:24:33.698] [Render thread/INFO] [mezz.jei.library.load.PluginCaller/]: Registering recipes transfer handlers took 10.55 ms
[26Sep2026 23:24:33.711] [Render thread/INFO] [mezz.jei.core.util.LoggedTimer/]: Building runtime...
[26Sep2026 23:24:33.714] [Render thread/INFO] [mezz.jei.library.load.PluginCaller/]: Registering gui handlers...
[26Sep2026 23:24:33.714] [Render thread/DEBUG] [mezz.jei.library.load.PluginCallerTimerRunnable/]: Registering gui handlers: jei:minecraft...
[26Sep2026 23:24:33.720] [Render thread/DEBUG] [mezz.jei.library.load.PluginCallerTimerRunnable/]: Registering gui handlers: industrialforegoing:default...
[26Sep2026 23:24:33.721] [Render thread/DEBUG] [mezz.jei.library.load.PluginCallerTimerRunnable/]: Registering gui handlers: titanium:default...
[26Sep2026 23:24:33.722] [Render thread/DEBUG] [mezz.jei.library.load.PluginCallerTimerRunnable/]: Registering gui handlers: jade:main...
[26Sep2026 23:24:33.722] [Render thread/DEBUG] [mezz.jei.library.load.PluginCallerTimerRunnable/]: Registering gui handlers: ftblibrary:jei...
[26Sep2026 23:24:33.722] [Render thread/DEBUG] [mezz.jei.library.load.PluginCallerTimerRunnable/]: Registering gui handlers: jei:neoforge_gui...
[26Sep2026 23:24:33.722] [Render thread/DEBUG] [mezz.jei.library.load.PluginCallerTimerRunnable/]: Registering gui handlers: jei:debug...
[26Sep2026 23:24:33.722] [Render thread/DEBUG] [mezz.jei.library.load.PluginCallerTimerRunnable/]: Registering gui handlers: jei:gui...
[26Sep2026 23:24:33.732] [Render thread/DEBUG] [mezz.jei.library.load.PluginCallerTimerRunnable/]: Registering gui handlers: mekanism:jei_plugin...
[26Sep2026 23:24:33.733] [Render thread/DEBUG] [mezz.jei.library.load.PluginCallerTimerRunnable/]: Registering gui handlers: enderio:machines...
[26Sep2026 23:24:33.734] [Render thread/DEBUG] [mezz.jei.library.load.PluginCallerTimerRunnable/]: Registering gui handlers: enderio:base...
[26Sep2026 23:24:33.735] [Render thread/DEBUG] [mezz.jei.library.load.PluginCallerTimerRunnable/]: Registering gui handlers: curios:curios...
[26Sep2026 23:24:33.735] [Render thread/DEBUG] [mezz.jei.library.load.PluginCallerTimerRunnable/]: Registering gui handlers: patchouli:patchouli...
[26Sep2026 23:24:33.735] [Render thread/DEBUG] [mezz.jei.library.load.PluginCallerTimerRunnable/]: Registering gui handlers: jei:internal...
[26Sep2026 23:24:33.735] [Render thread/INFO] [mezz.jei.library.load.PluginCaller/]: Registering gui handlers took 21.68 ms
[26Sep2026 23:24:33.742] [Render thread/INFO] [mezz.jei.library.load.PluginCaller/]: Registering Runtime...
[26Sep2026 23:24:33.743] [Render thread/DEBUG] [mezz.jei.library.load.PluginCallerTimerRunnable/]: Registering Runtime: jei:minecraft...
[26Sep2026 23:24:33.743] [Render thread/DEBUG] [mezz.jei.library.load.PluginCallerTimerRunnable/]: Registering Runtime: industrialforegoing:default...
[26Sep2026 23:24:33.743] [Render thread/DEBUG] [mezz.jei.library.load.PluginCallerTimerRunnable/]: Registering Runtime: titanium:default...
[26Sep2026 23:24:33.743] [Render thread/DEBUG] [mezz.jei.library.load.PluginCallerTimerRunnable/]: Registering Runtime: jade:main...
[26Sep2026 23:24:33.743] [Render thread/DEBUG] [mezz.jei.library.load.PluginCallerTimerRunnable/]: Registering Runtime: ftblibrary:jei...
[26Sep2026 23:24:33.743] [Render thread/DEBUG] [mezz.jei.library.load.PluginCallerTimerRunnable/]: Registering Runtime: jei:neoforge_gui...
[26Sep2026 23:24:33.744] [Render thread/INFO] [mezz.jei.gui.startup.JeiGuiStarter/]: Starting JEI GUI
[26Sep2026 23:24:33.745] [Render thread/INFO] [mezz.jei.core.util.LoggedTimer/]: Building ingredient list...
[26Sep2026 23:24:33.747] [Render thread/DEBUG] [mezz.jei.gui.ingredients.IngredientListElementFactory/]: Registering ingredients: ItemStack
[26Sep2026 23:24:33.793] [Render thread/DEBUG] [mezz.jei.gui.ingredients.IngredientListElementFactory/]: Registering ingredients: FluidStack
[26Sep2026 23:24:33.794] [Render thread/DEBUG] [mezz.jei.gui.ingredients.IngredientListElementFactory/]: Registering ingredients: ChemicalStack
[26Sep2026 23:24:33.795] [Render thread/INFO] [mezz.jei.core.util.LoggedTimer/]: Building ingredient list took 49.23 ms
[26Sep2026 23:24:33.795] [Render thread/INFO] [mezz.jei.core.util.LoggedTimer/]: Building ingredient filter...
[26Sep2026 23:24:33.858] [Render thread/INFO] [mezz.jei.gui.ingredients.IngredientFilter/]: Adding 2843 ingredients
[26Sep2026 23:24:34.327] [Render thread/INFO] [mezz.jei.gui.ingredients.IngredientFilter/]: Added 2843 ingredients
[26Sep2026 23:24:34.328] [Render thread/INFO] [mezz.jei.core.util.LoggedTimer/]: Building ingredient filter took 532.3 ms
[26Sep2026 23:24:34.431] [Render thread/INFO] [mezz.jei.library.load.PluginCallerTimerRunnable/]: Registering Runtime: jei:neoforge_gui took 688.0 milliseconds
[26Sep2026 23:24:34.432] [Render thread/DEBUG] [mezz.jei.library.load.PluginCallerTimerRunnable/]: Registering Runtime: jei:debug...
[26Sep2026 23:24:34.432] [Render thread/DEBUG] [mezz.jei.library.load.PluginCallerTimerRunnable/]: Registering Runtime: jei:gui...
[26Sep2026 23:24:34.432] [Render thread/DEBUG] [mezz.jei.library.load.PluginCallerTimerRunnable/]: Registering Runtime: mekanism:jei_plugin...
[26Sep2026 23:24:34.432] [Render thread/DEBUG] [mezz.jei.library.load.PluginCallerTimerRunnable/]: Registering Runtime: enderio:machines...
[26Sep2026 23:24:34.432] [Render thread/DEBUG] [mezz.jei.library.load.PluginCallerTimerRunnable/]: Registering Runtime: enderio:base...
[26Sep2026 23:24:34.432] [Render thread/DEBUG] [mezz.jei.library.load.PluginCallerTimerRunnable/]: Registering Runtime: curios:curios...
[26Sep2026 23:24:34.432] [Render thread/DEBUG] [mezz.jei.library.load.PluginCallerTimerRunnable/]: Registering Runtime: patchouli:patchouli...
[26Sep2026 23:24:34.432] [Render thread/DEBUG] [mezz.jei.library.load.PluginCallerTimerRunnable/]: Registering Runtime: jei:internal...
[26Sep2026 23:24:34.432] [Render thread/INFO] [mezz.jei.library.load.PluginCaller/]: Registering Runtime took 689.3 ms
[26Sep2026 23:24:34.433] [Render thread/INFO] [mezz.jei.core.util.LoggedTimer/]: Building runtime took 722.1 ms
[26Sep2026 23:24:34.433] [Render thread/INFO] [mezz.jei.library.load.PluginCaller/]: Sending Runtime...
[26Sep2026 23:24:34.433] [Render thread/DEBUG] [mezz.jei.library.load.PluginCallerTimerRunnable/]: Sending Runtime: jei:minecraft...
[26Sep2026 23:24:34.433] [Render thread/DEBUG] [mezz.jei.library.load.PluginCallerTimerRunnable/]: Sending Runtime: industrialforegoing:default...
[26Sep2026 23:24:34.433] [Render thread/DEBUG] [mezz.jei.library.load.PluginCallerTimerRunnable/]: Sending Runtime: titanium:default...
[26Sep2026 23:24:34.433] [Render thread/DEBUG] [mezz.jei.library.load.PluginCallerTimerRunnable/]: Sending Runtime: jade:main...
[26Sep2026 23:24:34.433] [Render thread/DEBUG] [mezz.jei.library.load.PluginCallerTimerRunnable/]: Sending Runtime: ftblibrary:jei...
[26Sep2026 23:24:34.433] [Render thread/DEBUG] [mezz.jei.library.load.PluginCallerTimerRunnable/]: Sending Runtime: jei:neoforge_gui...
[26Sep2026 23:24:34.434] [Render thread/DEBUG] [mezz.jei.library.load.PluginCallerTimerRunnable/]: Sending Runtime: jei:debug...
[26Sep2026 23:24:34.434] [Render thread/DEBUG] [mezz.jei.library.load.PluginCallerTimerRunnable/]: Sending Runtime: jei:gui...
[26Sep2026 23:24:34.434] [Render thread/DEBUG] [mezz.jei.library.load.PluginCallerTimerRunnable/]: Sending Runtime: mekanism:jei_plugin...
[26Sep2026 23:24:34.434] [Render thread/DEBUG] [mezz.jei.library.load.PluginCallerTimerRunnable/]: Sending Runtime: enderio:machines...
[26Sep2026 23:24:34.434] [Render thread/DEBUG] [mezz.jei.library.load.PluginCallerTimerRunnable/]: Sending Runtime: enderio:base...
[26Sep2026 23:24:34.434] [Render thread/DEBUG] [mezz.jei.library.load.PluginCallerTimerRunnable/]: Sending Runtime: curios:curios...
[26Sep2026 23:24:34.434] [Render thread/DEBUG] [mezz.jei.library.load.PluginCallerTimerRunnable/]: Sending Runtime: patchouli:patchouli...
[26Sep2026 23:24:34.434] [Render thread/DEBUG] [mezz.jei.library.load.PluginCallerTimerRunnable/]: Sending Runtime: jei:internal...
[26Sep2026 23:24:34.434] [Render thread/INFO] [mezz.jei.library.load.PluginCaller/]: Sending Runtime took 836.6 μs
[26Sep2026 23:24:34.434] [Render thread/INFO] [mezz.jei.core.util.LoggedTimer/]: Starting JEI took 1.887 s
[26Sep2026 23:24:34.494] [Render thread/DEBUG] [FTB Teams/]: Updated presence of Dev
[26Sep2026 23:24:34.495] [Render thread/INFO] [FTB Chunks/]: Loading FTB Chunks client data from world afd6e006-e000-468c-8f7a-a04733ee119d
[26Sep2026 23:24:34.502] [Render thread/INFO] [snownee.jade.Jade/]: Received config from the server: 
[26Sep2026 23:24:34.511] [Render thread/INFO] [net.minecraft.client.gui.components.ChatComponent/]: [System] [CHAT] [Warning] Ender IO is in alpha - expect bugs and take backups often!
[26Sep2026 23:24:34.524] [Render thread/INFO] [net.minecraft.client.gui.components.ChatComponent/]: [System] [CHAT] [Mekanism] Warning: Mekanism is currently in alpha, and is not recommended for widespread use in modpacks. There are likely to be game breaking bugs, and various other issues that you can read more about here.
[26Sep2026 23:24:34.525] [Render thread/INFO] [net.minecraft.advancements.AdvancementTree/]: Loaded 60 advancements
[26Sep2026 23:24:34.529] [Render thread/INFO] [patchouli/]: BookContentResourceListenerLoader: Files found in 133.8 μs
[26Sep2026 23:24:34.538] [Render thread/INFO] [patchouli/]: BookContentResourceListenerLoader: Files found in 30.10 μs
[26Sep2026 23:24:34.551] [JEI Config Save Delay/DEBUG] [mezz.jei.common.config.file.ConfigSerializer/]: Saving config file: C:\Users\stasm\IdeaProjects\Industrial Forogoing Souls Addon\run\config\jei\jei-debug.ini
[26Sep2026 23:24:34.552] [JEI Config Save Delay/DEBUG] [mezz.jei.common.config.file.ConfigSerializer/]: Saving config file: C:\Users\stasm\IdeaProjects\Industrial Forogoing Souls Addon\run\config\jei\jei-mod-id-format.ini
[26Sep2026 23:24:34.553] [JEI Config Save Delay/DEBUG] [mezz.jei.common.config.file.ConfigSerializer/]: Saving config file: C:\Users\stasm\IdeaProjects\Industrial Forogoing Souls Addon\run\config\jei\jei-colors.ini
[26Sep2026 23:24:34.554] [JEI Config Save Delay/DEBUG] [mezz.jei.common.config.file.ConfigSerializer/]: Saving config file: C:\Users\stasm\IdeaProjects\Industrial Forogoing Souls Addon\run\config\jei\jei-client.ini
[26Sep2026 23:24:34.558] [Render thread/INFO] [patchouli/]: BookContentResourceListenerLoader: Files found in 29.60 μs
[26Sep2026 23:24:34.559] [Render thread/INFO] [patchouli/]: BookContentResourceListenerLoader: Files found in 375.8 μs
[26Sep2026 23:24:34.561] [Render thread/INFO] [patchouli/]: BookContentResourceListenerLoader: Files found in 383.4 μs
[26Sep2026 23:24:34.580] [Render thread/WARN] [patchouli/]: Invalid icon item stack: com.mojang.brigadier.exceptions.CommandSyntaxException: Unknown item 'industrialforegoing:range_addon11' at position 0: <--[HERE]
[26Sep2026 23:24:34.581] [Render thread/INFO] [patchouli/]: BookContentResourceListenerLoader: Files found in 347.9 μs
[26Sep2026 23:24:34.583] [Render thread/WARN] [patchouli/]: Recipe industrialforegoing:dissolution_chamber/infinity_backpack (of type industrialforegoing:dissolution_chamber) not found
[26Sep2026 23:24:34.608] [pool-22-thread-1/DEBUG] [FTB Chunks/]: constructing map region data for 0EA63-0EA61 / XZ[x=3, z=1]
[26Sep2026 23:24:34.610] [pool-22-thread-1/DEBUG] [FTB Chunks/]: reading data from 0EA63-0EA61.zip for 0EA63-0EA61 / XZ[x=3, z=1]
[26Sep2026 23:24:34.781] [pool-22-thread-1/DEBUG] [FTB Chunks/]: constructing map region data for 0EA62-0EA61 / XZ[x=2, z=1]
[26Sep2026 23:24:34.782] [pool-22-thread-1/DEBUG] [FTB Chunks/]: reading data from 0EA62-0EA61.zip for 0EA62-0EA61 / XZ[x=2, z=1]
[26Sep2026 23:24:34.956] [pool-22-thread-1/DEBUG] [FTB Chunks/]: constructing map region data for 0EA5F-0EA5F / XZ[x=-1, z=-1]
[26Sep2026 23:24:34.957] [pool-22-thread-1/DEBUG] [FTB Chunks/]: reading data from 0EA5F-0EA5F.zip for 0EA5F-0EA5F / XZ[x=-1, z=-1]
[26Sep2026 23:24:35.060] [JEI Config File Watcher/DEBUG] [mezz.jei.common.config.file.FileWatcherThread/]: Detected changes in files:
C:\Users\stasm\IdeaProjects\Industrial Forogoing Souls Addon\run\config\jei\jei-debug.ini
C:\Users\stasm\IdeaProjects\Industrial Forogoing Souls Addon\run\config\jei\jei-colors.ini
C:\Users\stasm\IdeaProjects\Industrial Forogoing Souls Addon\run\config\jei\jei-client.ini
C:\Users\stasm\IdeaProjects\Industrial Forogoing Souls Addon\run\config\jei\jei-mod-id-format.ini
[26Sep2026 23:24:35.092] [pool-22-thread-1/DEBUG] [FTB Chunks/]: constructing map region data for 0EA60-0EA5F / XZ[x=0, z=-1]
[26Sep2026 23:24:35.093] [pool-22-thread-1/DEBUG] [FTB Chunks/]: reading data from 0EA60-0EA5F.zip for 0EA60-0EA5F / XZ[x=0, z=-1]
[26Sep2026 23:24:35.176] [pool-22-thread-1/DEBUG] [FTB Chunks/]: constructing map region data for 0EA5F-0EA60 / XZ[x=-1, z=0]
[26Sep2026 23:24:35.177] [pool-22-thread-1/DEBUG] [FTB Chunks/]: reading data from 0EA5F-0EA60.zip for 0EA5F-0EA60 / XZ[x=-1, z=0]
[26Sep2026 23:24:35.306] [pool-22-thread-1/DEBUG] [FTB Chunks/]: constructing map region data for 0EA60-0EA60 / XZ[x=0, z=0]
[26Sep2026 23:24:35.307] [pool-22-thread-1/DEBUG] [FTB Chunks/]: reading data from 0EA60-0EA60.zip for 0EA60-0EA60 / XZ[x=0, z=0]
[26Sep2026 23:24:35.448] [Render thread/DEBUG] [mezz.jei.common.config.file.ConfigSerializer/]: Skipping loading config file, it was just saved by us: C:\Users\stasm\IdeaProjects\Industrial Forogoing Souls Addon\run\config\jei\jei-debug.ini
[26Sep2026 23:24:35.471] [pool-22-thread-1/DEBUG] [FTB Chunks/]: constructing map region data for 0EA61-0EA5F / XZ[x=1, z=-1]
[26Sep2026 23:24:35.472] [pool-22-thread-1/DEBUG] [FTB Chunks/]: reading data from 0EA61-0EA5F.zip for 0EA61-0EA5F / XZ[x=1, z=-1]
[26Sep2026 23:24:35.604] [pool-22-thread-1/DEBUG] [FTB Chunks/]: constructing map region data for 0EA61-0EA60 / XZ[x=1, z=0]
[26Sep2026 23:24:35.605] [pool-22-thread-1/DEBUG] [FTB Chunks/]: reading data from 0EA61-0EA60.zip for 0EA61-0EA60 / XZ[x=1, z=0]
[26Sep2026 23:24:35.824] [pool-22-thread-1/DEBUG] [FTB Chunks/]: constructing map region data for 0EA61-0EA61 / XZ[x=1, z=1]
[26Sep2026 23:24:35.826] [pool-22-thread-1/DEBUG] [FTB Chunks/]: reading data from 0EA61-0EA61.zip for 0EA61-0EA61 / XZ[x=1, z=1]
[26Sep2026 23:24:36.083] [Server thread/INFO] [net.minecraft.client.server.IntegratedServer/]: Saving and pausing game...
[26Sep2026 23:24:36.147] [Server thread/INFO] [net.minecraft.server.MinecraftServer/]: Saving chunks for level 'ServerLevel[New World]'/minecraft:overworld
[26Sep2026 23:24:36.282] [Server thread/INFO] [net.minecraft.server.MinecraftServer/]: Saving chunks for level 'ServerLevel[New World]'/minecraft:the_nether
[26Sep2026 23:24:36.282] [Server thread/INFO] [net.minecraft.server.MinecraftServer/]: Saving chunks for level 'ServerLevel[New World]'/minecraft:the_end
[26Sep2026 23:24:36.285] [Server thread/DEBUG] [net.neoforged.neoforge.common.CommonHooks/WP]: Gathered mod list to write to world save New World
[26Sep2026 23:24:36.866] [pool-22-thread-1/DEBUG] [FTB Chunks/]: writing data to 0EA63-0EA61.zip for 0EA63-0EA61 / XZ[x=3, z=1]
[26Sep2026 23:24:36.872] [pool-22-thread-1/DEBUG] [FTB Chunks/]: constructing map region data for 0EA62-0EA60 / XZ[x=2, z=0]
[26Sep2026 23:24:36.872] [pool-22-thread-1/DEBUG] [FTB Chunks/]: reading data from 0EA62-0EA60.zip for 0EA62-0EA60 / XZ[x=2, z=0]
[26Sep2026 23:24:36.977] [pool-22-thread-1/DEBUG] [FTB Chunks/]: constructing map region data for 0EA62-0EA62 / XZ[x=2, z=2]
[26Sep2026 23:24:36.977] [pool-22-thread-1/DEBUG] [FTB Chunks/]: reading data from 0EA62-0EA62.zip for 0EA62-0EA62 / XZ[x=2, z=2]
[26Sep2026 23:24:37.035] [pool-22-thread-1/DEBUG] [FTB Chunks/]: constructing map region data for 0EA63-0EA60 / XZ[x=3, z=0]
[26Sep2026 23:24:37.036] [pool-22-thread-1/DEBUG] [FTB Chunks/]: reading data from 0EA63-0EA60.zip for 0EA63-0EA60 / XZ[x=3, z=0]
[26Sep2026 23:24:37.122] [pool-22-thread-1/DEBUG] [FTB Chunks/]: constructing map region data for 0EA63-0EA62 / XZ[x=3, z=2]
[26Sep2026 23:24:37.123] [pool-22-thread-1/DEBUG] [FTB Chunks/]: reading data from 0EA63-0EA62.zip for 0EA63-0EA62 / XZ[x=3, z=2]
[26Sep2026 23:24:37.656] [pool-22-thread-1/DEBUG] [FTB Chunks/]: writing data to 0EA63-0EA61.zip for 0EA63-0EA61 / XZ[x=3, z=1]
[26Sep2026 23:24:42.498] [Render thread/DEBUG] [mezz.jei.common.config.file.ConfigSerializer/]: Skipping loading config file, it was just saved by us: C:\Users\stasm\IdeaProjects\Industrial Forogoing Souls Addon\run\config\jei\jei-client.ini
[26Sep2026 23:24:53.038] [Render thread/INFO] [net.minecraft.client.gui.components.ChatComponent/]: [System] [CHAT] 1561, 103, 833 has the following block data: {redstoneManager: {LastState: 0b, ShouldWork: 1b, Name: "ignore"}, energyStorage: 0, storageSouls: {Soul_0: "industrial_forogoing_souls_addon:zombie_soul", Amount_0: 1500, Count: 1}, x: 1561, y: 103, z: 833, id: "industrial_forogoing_souls_addon:soul_infuser", augmentInventory: {Size: 4, FacingModes: {LEFT: "NONE", TOP: "NONE", FRONT: "NONE", RIGHT: "NONE", BACK: "NONE", BOTTOM: "NONE"}, Items: []}, uuid: "d28b7061-fb92-4064-90fb-7e02b95a72a5"}
[26Sep2026 23:25:14.602] [Render thread/INFO] [net.minecraft.client.gui.components.ChatComponent/]: [System] [CHAT] 1561, 103, 833 has the following block data: {redstoneManager: {LastState: 0b, ShouldWork: 1b, Name: "ignore"}, energyStorage: 0, storageSouls: {Soul_1: "industrial_forogoing_souls_addon:bee_soul", Soul_0: "industrial_forogoing_souls_addon:zombie_soul", Amount_1: 800, Amount_0: 1500, Count: 2}, x: 1561, y: 103, z: 833, id: "industrial_forogoing_souls_addon:soul_infuser", augmentInventory: {Size: 4, FacingModes: {LEFT: "NONE", TOP: "NONE", FRONT: "NONE", RIGHT: "NONE", BACK: "NONE", BOTTOM: "NONE"}, Items: []}, uuid: "d28b7061-fb92-4064-90fb-7e02b95a72a5"}
[26Sep2026 23:25:35.937] [pool-22-thread-1/DEBUG] [FTB Chunks/]: writing data to 0EA63-0EA61.zip for 0EA63-0EA61 / XZ[x=3, z=1]
[26Sep2026 23:25:35.992] [pool-22-thread-1/DEBUG] [FTB Chunks/]: writing data to 0EA62-0EA61.zip for 0EA62-0EA61 / XZ[x=2, z=1]
[26Sep2026 23:25:54.360] [Render thread/INFO] [net.minecraft.client.gui.components.ChatComponent/]: [System] [CHAT] 1561, 103, 833 has the following block data: {redstoneManager: {LastState: 0b, ShouldWork: 1b, Name: "ignore"}, energyStorage: 0, storageSouls: {Count: 0}, x: 1561, y: 103, z: 833, id: "industrial_forogoing_souls_addon:soul_infuser", augmentInventory: {Size: 4, FacingModes: {LEFT: "NONE", TOP: "NONE", FRONT: "NONE", RIGHT: "NONE", BACK: "NONE", BOTTOM: "NONE"}, Items: []}, uuid: "380df991-f603-344c-a090-369bad2a924a"}
[26Sep2026 23:26:14.749] [Render thread/INFO] [net.minecraft.client.gui.components.ChatComponent/]: [System] [CHAT] 1561, 103, 833 has the following block data: {redstoneManager: {LastState: 0b, ShouldWork: 1b, Name: "ignore"}, energyStorage: 0, storageSouls: {Soul_1: "industrial_forogoing_souls_addon:bee_soul", Soul_0: "industrial_forogoing_souls_addon:zombie_soul", Amount_1: 800, Amount_0: 1500, Count: 2}, x: 1561, y: 103, z: 833, id: "industrial_forogoing_souls_addon:soul_infuser", augmentInventory: {Size: 4, FacingModes: {LEFT: "NONE", TOP: "NONE", FRONT: "NONE", RIGHT: "NONE", BACK: "NONE", BOTTOM: "NONE"}, Items: []}, uuid: "380df991-f603-344c-a090-369bad2a924a"}
[26Sep2026 23:26:19.084] [Server thread/INFO] [net.minecraft.client.server.IntegratedServer/]: Saving and pausing game...
[26Sep2026 23:26:19.096] [Server thread/INFO] [net.minecraft.server.MinecraftServer/]: Saving chunks for level 'ServerLevel[New World]'/minecraft:overworld
[26Sep2026 23:26:19.120] [Server thread/INFO] [net.minecraft.server.MinecraftServer/]: Saving chunks for level 'ServerLevel[New World]'/minecraft:the_nether
[26Sep2026 23:26:19.120] [Server thread/INFO] [net.minecraft.server.MinecraftServer/]: Saving chunks for level 'ServerLevel[New World]'/minecraft:the_end
[26Sep2026 23:26:19.123] [Server thread/DEBUG] [net.neoforged.neoforge.common.CommonHooks/WP]: Gathered mod list to write to world save New World
[26Sep2026 23:26:19.157] [pool-22-thread-1/DEBUG] [FTB Chunks/]: writing data to 0EA63-0EA61.zip for 0EA63-0EA61 / XZ[x=3, z=1]
[26Sep2026 23:26:19.219] [pool-22-thread-1/DEBUG] [FTB Chunks/]: writing data to 0EA62-0EA61.zip for 0EA62-0EA61 / XZ[x=2, z=1]
[26Sep2026 23:27:19.123] [pool-22-thread-1/DEBUG] [FTB Chunks/]: writing data to 0EA63-0EA61.zip for 0EA63-0EA61 / XZ[x=3, z=1]
[26Sep2026 23:27:19.176] [pool-22-thread-1/DEBUG] [FTB Chunks/]: writing data to 0EA62-0EA61.zip for 0EA62-0EA61 / XZ[x=2, z=1]
[26Sep2026 23:28:19.129] [pool-22-thread-1/DEBUG] [FTB Chunks/]: writing data to 0EA63-0EA61.zip for 0EA63-0EA61 / XZ[x=3, z=1]
[26Sep2026 23:28:19.181] [pool-22-thread-1/DEBUG] [FTB Chunks/]: writing data to 0EA62-0EA61.zip for 0EA62-0EA61 / XZ[x=2, z=1]
[26Sep2026 23:29:19.127] [pool-22-thread-1/DEBUG] [FTB Chunks/]: writing data to 0EA63-0EA61.zip for 0EA63-0EA61 / XZ[x=3, z=1]
[26Sep2026 23:29:19.184] [pool-22-thread-1/DEBUG] [FTB Chunks/]: writing data to 0EA62-0EA61.zip for 0EA62-0EA61 / XZ[x=2, z=1]
[26Sep2026 23:29:55.126] [Server thread/DEBUG] [net.neoforged.neoforge.common.CommonHooks/WP]: Gathered mod list to write to world save New World
[26Sep2026 23:30:13.815] [Render thread/DEBUG] [FTB Chunks/]: releasing data for region 0EA60-0EA60 / XZ[x=0, z=0] (not accessed in last 300 seconds)
[26Sep2026 23:30:13.815] [Render thread/DEBUG] [FTB Chunks/]: releasing data for region 0EA60-0EA5F / XZ[x=0, z=-1] (not accessed in last 300 seconds)
[26Sep2026 23:30:13.815] [Render thread/DEBUG] [FTB Chunks/]: releasing data for region 0EA5F-0EA60 / XZ[x=-1, z=0] (not accessed in last 300 seconds)
[26Sep2026 23:30:13.815] [Render thread/DEBUG] [FTB Chunks/]: releasing data for region 0EA61-0EA5F / XZ[x=1, z=-1] (not accessed in last 300 seconds)
[26Sep2026 23:30:13.815] [Render thread/DEBUG] [FTB Chunks/]: releasing data for region 0EA5F-0EA5F / XZ[x=-1, z=-1] (not accessed in last 300 seconds)
[26Sep2026 23:30:19.126] [pool-22-thread-1/DEBUG] [FTB Chunks/]: writing data to 0EA63-0EA61.zip for 0EA63-0EA61 / XZ[x=3, z=1]
[26Sep2026 23:30:19.184] [pool-22-thread-1/DEBUG] [FTB Chunks/]: writing data to 0EA62-0EA61.zip for 0EA62-0EA61 / XZ[x=2, z=1]
[26Sep2026 23:31:19.125] [pool-22-thread-1/DEBUG] [FTB Chunks/]: writing data to 0EA63-0EA61.zip for 0EA63-0EA61 / XZ[x=3, z=1]
[26Sep2026 23:31:19.179] [pool-22-thread-1/DEBUG] [FTB Chunks/]: writing data to 0EA62-0EA61.zip for 0EA62-0EA61 / XZ[x=2, z=1]
[26Sep2026 23:32:19.125] [pool-22-thread-1/DEBUG] [FTB Chunks/]: writing data to 0EA63-0EA61.zip for 0EA63-0EA61 / XZ[x=3, z=1]
[26Sep2026 23:32:19.178] [pool-22-thread-1/DEBUG] [FTB Chunks/]: writing data to 0EA62-0EA61.zip for 0EA62-0EA61 / XZ[x=2, z=1]
[26Sep2026 23:33:19.331] [pool-22-thread-1/DEBUG] [FTB Chunks/]: writing data to 0EA63-0EA61.zip for 0EA63-0EA61 / XZ[x=3, z=1]
[26Sep2026 23:33:19.386] [pool-22-thread-1/DEBUG] [FTB Chunks/]: writing data to 0EA62-0EA61.zip for 0EA62-0EA61 / XZ[x=2, z=1]
[26Sep2026 23:34:19.327] [pool-22-thread-1/DEBUG] [FTB Chunks/]: writing data to 0EA63-0EA61.zip for 0EA63-0EA61 / XZ[x=3, z=1]
[26Sep2026 23:34:55.113] [Server thread/DEBUG] [net.neoforged.neoforge.common.CommonHooks/WP]: Gathered mod list to write to world save New World
[26Sep2026 23:35:19.322] [pool-22-thread-1/DEBUG] [FTB Chunks/]: writing data to 0EA63-0EA61.zip for 0EA63-0EA61 / XZ[x=3, z=1]
[26Sep2026 23:36:19.330] [pool-22-thread-1/DEBUG] [FTB Chunks/]: writing data to 0EA63-0EA61.zip for 0EA63-0EA61 / XZ[x=3, z=1]
[26Sep2026 23:37:19.339] [pool-22-thread-1/DEBUG] [FTB Chunks/]: writing data to 0EA63-0EA61.zip for 0EA63-0EA61 / XZ[x=3, z=1]
[26Sep2026 23:37:19.402] [pool-22-thread-1/DEBUG] [FTB Chunks/]: writing data to 0EA62-0EA61.zip for 0EA62-0EA61 / XZ[x=2, z=1]
[26Sep2026 23:38:19.329] [pool-22-thread-1/DEBUG] [FTB Chunks/]: writing data to 0EA63-0EA61.zip for 0EA63-0EA61 / XZ[x=3, z=1]
[26Sep2026 23:39:19.324] [pool-22-thread-1/DEBUG] [FTB Chunks/]: writing data to 0EA63-0EA61.zip for 0EA63-0EA61 / XZ[x=3, z=1]
[26Sep2026 23:39:55.110] [Server thread/DEBUG] [net.neoforged.neoforge.common.CommonHooks/WP]: Gathered mod list to write to world save New World
[26Sep2026 23:40:19.322] [pool-22-thread-1/DEBUG] [FTB Chunks/]: writing data to 0EA63-0EA61.zip for 0EA63-0EA61 / XZ[x=3, z=1]
[26Sep2026 23:41:19.321] [pool-22-thread-1/DEBUG] [FTB Chunks/]: writing data to 0EA63-0EA61.zip for 0EA63-0EA61 / XZ[x=3, z=1]
[26Sep2026 23:42:19.321] [pool-22-thread-1/DEBUG] [FTB Chunks/]: writing data to 0EA63-0EA61.zip for 0EA63-0EA61 / XZ[x=3, z=1]
[26Sep2026 23:43:19.337] [pool-22-thread-1/DEBUG] [FTB Chunks/]: writing data to 0EA63-0EA61.zip for 0EA63-0EA61 / XZ[x=3, z=1]
[26Sep2026 23:44:19.325] [pool-22-thread-1/DEBUG] [FTB Chunks/]: writing data to 0EA63-0EA61.zip for 0EA63-0EA61 / XZ[x=3, z=1]
[26Sep2026 23:44:55.106] [Server thread/DEBUG] [net.neoforged.neoforge.common.CommonHooks/WP]: Gathered mod list to write to world save New World
[26Sep2026 23:45:13.819] [Render thread/DEBUG] [FTB Chunks/]: releasing data for region 0EA61-0EA61 / XZ[x=1, z=1] (not accessed in last 300 seconds)
[26Sep2026 23:45:13.820] [Render thread/DEBUG] [FTB Chunks/]: releasing data for region 0EA61-0EA60 / XZ[x=1, z=0] (not accessed in last 300 seconds)
[26Sep2026 23:45:19.326] [pool-22-thread-1/DEBUG] [FTB Chunks/]: writing data to 0EA63-0EA61.zip for 0EA63-0EA61 / XZ[x=3, z=1]
[26Sep2026 23:46:19.328] [pool-22-thread-1/DEBUG] [FTB Chunks/]: writing data to 0EA63-0EA61.zip for 0EA63-0EA61 / XZ[x=3, z=1]
[26Sep2026 23:48:19.336] [pool-22-thread-1/DEBUG] [FTB Chunks/]: writing data to 0EA63-0EA61.zip for 0EA63-0EA61 / XZ[x=3, z=1]
[26Sep2026 23:49:19.337] [pool-22-thread-1/DEBUG] [FTB Chunks/]: writing data to 0EA63-0EA61.zip for 0EA63-0EA61 / XZ[x=3, z=1]
[26Sep2026 23:49:55.108] [Server thread/DEBUG] [net.neoforged.neoforge.common.CommonHooks/WP]: Gathered mod list to write to world save New World
[26Sep2026 23:51:35.143] [pool-22-thread-1/DEBUG] [FTB Chunks/]: writing data to 0EA63-0EA61.zip for 0EA63-0EA61 / XZ[x=3, z=1]
[26Sep2026 23:54:55.108] [Server thread/DEBUG] [net.neoforged.neoforge.common.CommonHooks/WP]: Gathered mod list to write to world save New World
[26Sep2026 23:55:53.900] [pool-22-thread-1/DEBUG] [FTB Chunks/]: writing data to 0EA63-0EA61.zip for 0EA63-0EA61 / XZ[x=3, z=1]
[26Sep2026 23:56:54.228] [pool-22-thread-1/DEBUG] [FTB Chunks/]: writing data to 0EA63-0EA61.zip for 0EA63-0EA61 / XZ[x=3, z=1]
[26Sep2026 23:57:57.812] [pool-22-thread-1/DEBUG] [FTB Chunks/]: writing data to 0EA63-0EA61.zip for 0EA63-0EA61 / XZ[x=3, z=1]
[26Sep2026 23:58:56.847] [pool-22-thread-1/DEBUG] [FTB Chunks/]: writing data to 0EA63-0EA61.zip for 0EA63-0EA61 / XZ[x=3, z=1]
[26Sep2026 23:59:55.108] [Server thread/DEBUG] [net.neoforged.neoforge.common.CommonHooks/WP]: Gathered mod list to write to world save New World
[26Sep2026 23:59:56.830] [pool-22-thread-1/DEBUG] [FTB Chunks/]: writing data to 0EA63-0EA61.zip for 0EA63-0EA61 / XZ[x=3, z=1]
[27Sep2026 00:00:56.941] [pool-22-thread-1/DEBUG] [FTB Chunks/]: writing data to 0EA63-0EA61.zip for 0EA63-0EA61 / XZ[x=3, z=1]
[27Sep2026 00:01:58.193] [pool-22-thread-1/DEBUG] [FTB Chunks/]: writing data to 0EA63-0EA61.zip for 0EA63-0EA61 / XZ[x=3, z=1]
[27Sep2026 00:02:57.345] [pool-22-thread-1/DEBUG] [FTB Chunks/]: writing data to 0EA63-0EA61.zip for 0EA63-0EA61 / XZ[x=3, z=1]
[27Sep2026 00:03:57.337] [pool-22-thread-1/DEBUG] [FTB Chunks/]: writing data to 0EA63-0EA61.zip for 0EA63-0EA61 / XZ[x=3, z=1]
[27Sep2026 00:04:55.112] [Server thread/DEBUG] [net.neoforged.neoforge.common.CommonHooks/WP]: Gathered mod list to write to world save New World
[27Sep2026 00:04:57.346] [pool-22-thread-1/DEBUG] [FTB Chunks/]: writing data to 0EA63-0EA61.zip for 0EA63-0EA61 / XZ[x=3, z=1]
[27Sep2026 00:05:57.304] [pool-22-thread-1/DEBUG] [FTB Chunks/]: writing data to 0EA63-0EA61.zip for 0EA63-0EA61 / XZ[x=3, z=1]
[27Sep2026 00:06:19.812] [pool-22-thread-1/DEBUG] [FTB Chunks/]: constructing map region data for 0EA61-0EA61 / XZ[x=1, z=1]
[27Sep2026 00:06:19.813] [pool-22-thread-1/DEBUG] [FTB Chunks/]: reading data from 0EA61-0EA61.zip for 0EA61-0EA61 / XZ[x=1, z=1]
[27Sep2026 00:06:19.922] [pool-22-thread-1/DEBUG] [FTB Chunks/]: constructing map region data for 0EA61-0EA60 / XZ[x=1, z=0]
[27Sep2026 00:06:19.923] [pool-22-thread-1/DEBUG] [FTB Chunks/]: reading data from 0EA61-0EA60.zip for 0EA61-0EA60 / XZ[x=1, z=0]
[27Sep2026 00:06:59.247] [pool-22-thread-1/DEBUG] [FTB Chunks/]: writing data to 0EA62-0EA61.zip for 0EA62-0EA61 / XZ[x=2, z=1]
[27Sep2026 00:08:59.250] [pool-22-thread-1/DEBUG] [FTB Chunks/]: writing data to 0EA63-0EA61.zip for 0EA63-0EA61 / XZ[x=3, z=1]
[27Sep2026 00:09:55.104] [Server thread/DEBUG] [net.neoforged.neoforge.common.CommonHooks/WP]: Gathered mod list to write to world save New World
[27Sep2026 00:10:59.278] [pool-22-thread-1/DEBUG] [FTB Chunks/]: writing data to 0EA63-0EA61.zip for 0EA63-0EA61 / XZ[x=3, z=1]
[27Sep2026 00:12:00.692] [pool-22-thread-1/DEBUG] [FTB Chunks/]: writing data to 0EA63-0EA61.zip for 0EA63-0EA61 / XZ[x=3, z=1]
[27Sep2026 00:13:00.324] [pool-22-thread-1/DEBUG] [FTB Chunks/]: writing data to 0EA62-0EA61.zip for 0EA62-0EA61 / XZ[x=2, z=1]
[27Sep2026 00:14:01.902] [pool-22-thread-1/DEBUG] [FTB Chunks/]: writing data to 0EA63-0EA61.zip for 0EA63-0EA61 / XZ[x=3, z=1]
[27Sep2026 00:14:55.106] [Server thread/DEBUG] [net.neoforged.neoforge.common.CommonHooks/WP]: Gathered mod list to write to world save New World
[27Sep2026 00:15:02.080] [pool-22-thread-1/DEBUG] [FTB Chunks/]: writing data to 0EA63-0EA61.zip for 0EA63-0EA61 / XZ[x=3, z=1]
[27Sep2026 00:16:04.054] [pool-22-thread-1/DEBUG] [FTB Chunks/]: writing data to 0EA63-0EA61.zip for 0EA63-0EA61 / XZ[x=3, z=1]
[27Sep2026 00:16:04.130] [pool-22-thread-1/DEBUG] [FTB Chunks/]: writing data to 0EA62-0EA61.zip for 0EA62-0EA61 / XZ[x=2, z=1]
[27Sep2026 00:17:04.482] [pool-22-thread-1/DEBUG] [FTB Chunks/]: writing data to 0EA63-0EA61.zip for 0EA63-0EA61 / XZ[x=3, z=1]
[27Sep2026 00:18:04.416] [pool-22-thread-1/DEBUG] [FTB Chunks/]: writing data to 0EA63-0EA61.zip for 0EA63-0EA61 / XZ[x=3, z=1]
[27Sep2026 00:19:29.708] [pool-22-thread-1/DEBUG] [FTB Chunks/]: writing data to 0EA63-0EA61.zip for 0EA63-0EA61 / XZ[x=3, z=1]
[27Sep2026 00:19:55.104] [Server thread/DEBUG] [net.neoforged.neoforge.common.CommonHooks/WP]: Gathered mod list to write to world save New World
[27Sep2026 00:21:37.752] [pool-22-thread-1/DEBUG] [FTB Chunks/]: writing data to 0EA63-0EA61.zip for 0EA63-0EA61 / XZ[x=3, z=1]
[27Sep2026 00:22:37.926] [pool-22-thread-1/DEBUG] [FTB Chunks/]: writing data to 0EA63-0EA61.zip for 0EA63-0EA61 / XZ[x=3, z=1]
[27Sep2026 00:23:40.087] [pool-22-thread-1/DEBUG] [FTB Chunks/]: writing data to 0EA63-0EA61.zip for 0EA63-0EA61 / XZ[x=3, z=1]
[27Sep2026 00:24:39.496] [pool-22-thread-1/DEBUG] [FTB Chunks/]: writing data to 0EA63-0EA61.zip for 0EA63-0EA61 / XZ[x=3, z=1]
[27Sep2026 00:24:55.105] [Server thread/DEBUG] [net.neoforged.neoforge.common.CommonHooks/WP]: Gathered mod list to write to world save New World
[27Sep2026 00:25:13.728] [Render thread/DEBUG] [FTB Chunks/]: releasing data for region 0EA61-0EA61 / XZ[x=1, z=1] (not accessed in last 300 seconds)
[27Sep2026 00:25:13.728] [Render thread/DEBUG] [FTB Chunks/]: releasing data for region 0EA61-0EA60 / XZ[x=1, z=0] (not accessed in last 300 seconds)
[27Sep2026 00:25:42.681] [pool-22-thread-1/DEBUG] [FTB Chunks/]: writing data to 0EA63-0EA61.zip for 0EA63-0EA61 / XZ[x=3, z=1]
[27Sep2026 00:28:52.949] [pool-22-thread-1/DEBUG] [FTB Chunks/]: writing data to 0EA63-0EA61.zip for 0EA63-0EA61 / XZ[x=3, z=1]
[27Sep2026 00:29:55.107] [Server thread/DEBUG] [net.neoforged.neoforge.common.CommonHooks/WP]: Gathered mod list to write to world save New World
[27Sep2026 00:30:52.796] [pool-22-thread-1/DEBUG] [FTB Chunks/]: writing data to 0EA63-0EA61.zip for 0EA63-0EA61 / XZ[x=3, z=1]
[27Sep2026 00:34:53.773] [pool-22-thread-1/DEBUG] [FTB Chunks/]: writing data to 0EA63-0EA61.zip for 0EA63-0EA61 / XZ[x=3, z=1]
[27Sep2026 00:34:55.107] [Server thread/DEBUG] [net.neoforged.neoforge.common.CommonHooks/WP]: Gathered mod list to write to world save New World
[27Sep2026 00:35:53.791] [pool-22-thread-1/DEBUG] [FTB Chunks/]: writing data to 0EA63-0EA61.zip for 0EA63-0EA61 / XZ[x=3, z=1]
[27Sep2026 00:36:53.831] [pool-22-thread-1/DEBUG] [FTB Chunks/]: writing data to 0EA63-0EA61.zip for 0EA63-0EA61 / XZ[x=3, z=1]
[27Sep2026 00:38:53.842] [pool-22-thread-1/DEBUG] [FTB Chunks/]: writing data to 0EA63-0EA61.zip for 0EA63-0EA61 / XZ[x=3, z=1]
[27Sep2026 00:39:55.107] [Server thread/DEBUG] [net.neoforged.neoforge.common.CommonHooks/WP]: Gathered mod list to write to world save New World
[27Sep2026 00:39:56.009] [pool-22-thread-1/DEBUG] [FTB Chunks/]: writing data to 0EA63-0EA61.zip for 0EA63-0EA61 / XZ[x=3, z=1]
[27Sep2026 00:40:54.227] [pool-22-thread-1/DEBUG] [FTB Chunks/]: writing data to 0EA63-0EA61.zip for 0EA63-0EA61 / XZ[x=3, z=1]
[27Sep2026 00:42:02.737] [pool-22-thread-1/DEBUG] [FTB Chunks/]: writing data to 0EA63-0EA61.zip for 0EA63-0EA61 / XZ[x=3, z=1]
[27Sep2026 00:43:02.749] [pool-22-thread-1/DEBUG] [FTB Chunks/]: writing data to 0EA63-0EA61.zip for 0EA63-0EA61 / XZ[x=3, z=1]
[27Sep2026 00:44:02.723] [pool-22-thread-1/DEBUG] [FTB Chunks/]: writing data to 0EA63-0EA61.zip for 0EA63-0EA61 / XZ[x=3, z=1]
[27Sep2026 00:44:55.105] [Server thread/DEBUG] [net.neoforged.neoforge.common.CommonHooks/WP]: Gathered mod list to write to world save New World
[27Sep2026 00:45:08.343] [pool-22-thread-1/DEBUG] [FTB Chunks/]: writing data to 0EA63-0EA61.zip for 0EA63-0EA61 / XZ[x=3, z=1]
[27Sep2026 00:49:55.109] [Server thread/DEBUG] [net.neoforged.neoforge.common.CommonHooks/WP]: Gathered mod list to write to world save New World
[27Sep2026 00:50:13.827] [Render thread/DEBUG] [FTB Chunks/]: releasing data for region 0EA62-0EA62 / XZ[x=2, z=2] (not accessed in last 300 seconds)
[27Sep2026 00:50:13.827] [Render thread/DEBUG] [FTB Chunks/]: releasing data for region 0EA63-0EA60 / XZ[x=3, z=0] (not accessed in last 300 seconds)
[27Sep2026 00:50:13.827] [Render thread/DEBUG] [FTB Chunks/]: releasing data for region 0EA62-0EA60 / XZ[x=2, z=0] (not accessed in last 300 seconds)
[27Sep2026 00:50:13.827] [Render thread/DEBUG] [FTB Chunks/]: releasing data for region 0EA63-0EA62 / XZ[x=3, z=2] (not accessed in last 300 seconds)
[27Sep2026 00:52:25.974] [pool-22-thread-1/DEBUG] [FTB Chunks/]: constructing map region data for 0EA63-0EA60 / XZ[x=3, z=0]
[27Sep2026 00:52:25.975] [pool-22-thread-1/DEBUG] [FTB Chunks/]: reading data from 0EA63-0EA60.zip for 0EA63-0EA60 / XZ[x=3, z=0]
[27Sep2026 00:52:26.093] [pool-22-thread-1/DEBUG] [FTB Chunks/]: constructing map region data for 0EA63-0EA62 / XZ[x=3, z=2]
[27Sep2026 00:52:26.094] [pool-22-thread-1/DEBUG] [FTB Chunks/]: reading data from 0EA63-0EA62.zip for 0EA63-0EA62 / XZ[x=3, z=2]
[27Sep2026 00:52:26.139] [pool-22-thread-1/DEBUG] [FTB Chunks/]: constructing map region data for 0EA62-0EA60 / XZ[x=2, z=0]
[27Sep2026 00:52:26.140] [pool-22-thread-1/DEBUG] [FTB Chunks/]: reading data from 0EA62-0EA60.zip for 0EA62-0EA60 / XZ[x=2, z=0]
[27Sep2026 00:52:26.194] [pool-22-thread-1/DEBUG] [FTB Chunks/]: constructing map region data for 0EA62-0EA62 / XZ[x=2, z=2]
[27Sep2026 00:52:26.194] [pool-22-thread-1/DEBUG] [FTB Chunks/]: reading data from 0EA62-0EA62.zip for 0EA62-0EA62 / XZ[x=2, z=2]
[27Sep2026 00:53:19.817] [pool-22-thread-1/DEBUG] [FTB Chunks/]: writing data to 0EA63-0EA61.zip for 0EA63-0EA61 / XZ[x=3, z=1]
[27Sep2026 00:54:55.104] [Server thread/DEBUG] [net.neoforged.neoforge.common.CommonHooks/WP]: Gathered mod list to write to world save New World
[27Sep2026 00:55:19.043] [pool-22-thread-1/DEBUG] [FTB Chunks/]: writing data to 0EA63-0EA61.zip for 0EA63-0EA61 / XZ[x=3, z=1]
[27Sep2026 00:57:19.028] [pool-22-thread-1/DEBUG] [FTB Chunks/]: writing data to 0EA63-0EA61.zip for 0EA63-0EA61 / XZ[x=3, z=1]
[27Sep2026 00:58:19.101] [pool-22-thread-1/DEBUG] [FTB Chunks/]: writing data to 0EA63-0EA61.zip for 0EA63-0EA61 / XZ[x=3, z=1]
[27Sep2026 00:59:19.101] [pool-22-thread-1/DEBUG] [FTB Chunks/]: writing data to 0EA63-0EA61.zip for 0EA63-0EA61 / XZ[x=3, z=1]
[27Sep2026 00:59:55.105] [Server thread/DEBUG] [net.neoforged.neoforge.common.CommonHooks/WP]: Gathered mod list to write to world save New World
[27Sep2026 01:01:21.542] [pool-22-thread-1/DEBUG] [FTB Chunks/]: writing data to 0EA63-0EA61.zip for 0EA63-0EA61 / XZ[x=3, z=1]
[27Sep2026 01:03:21.499] [pool-22-thread-1/DEBUG] [FTB Chunks/]: writing data to 0EA63-0EA61.zip for 0EA63-0EA61 / XZ[x=3, z=1]
[27Sep2026 01:04:25.687] [pool-22-thread-1/DEBUG] [FTB Chunks/]: writing data to 0EA63-0EA61.zip for 0EA63-0EA61 / XZ[x=3, z=1]
[27Sep2026 01:04:55.103] [Server thread/DEBUG] [net.neoforged.neoforge.common.CommonHooks/WP]: Gathered mod list to write to world save New World
[27Sep2026 01:05:25.604] [pool-22-thread-1/DEBUG] [FTB Chunks/]: writing data to 0EA63-0EA61.zip for 0EA63-0EA61 / XZ[x=3, z=1]
[27Sep2026 01:06:25.751] [pool-22-thread-1/DEBUG] [FTB Chunks/]: writing data to 0EA63-0EA61.zip for 0EA63-0EA61 / XZ[x=3, z=1]
[27Sep2026 01:09:55.109] [Server thread/DEBUG] [net.neoforged.neoforge.common.CommonHooks/WP]: Gathered mod list to write to world save New World
[27Sep2026 01:12:22.687] [pool-22-thread-1/DEBUG] [FTB Chunks/]: constructing map region data for 0EA61-0EA61 / XZ[x=1, z=1]
[27Sep2026 01:12:22.687] [pool-22-thread-1/DEBUG] [FTB Chunks/]: reading data from 0EA61-0EA61.zip for 0EA61-0EA61 / XZ[x=1, z=1]
[27Sep2026 01:12:22.741] [pool-22-thread-1/DEBUG] [FTB Chunks/]: constructing map region data for 0EA61-0EA60 / XZ[x=1, z=0]
[27Sep2026 01:12:22.741] [pool-22-thread-1/DEBUG] [FTB Chunks/]: reading data from 0EA61-0EA60.zip for 0EA61-0EA60 / XZ[x=1, z=0]
[27Sep2026 01:12:25.948] [pool-22-thread-1/DEBUG] [FTB Chunks/]: writing data to 0EA62-0EA61.zip for 0EA62-0EA61 / XZ[x=2, z=1]
[27Sep2026 01:13:25.946] [pool-22-thread-1/DEBUG] [FTB Chunks/]: writing data to 0EA63-0EA61.zip for 0EA63-0EA61 / XZ[x=3, z=1]
[27Sep2026 01:13:26.001] [pool-22-thread-1/DEBUG] [FTB Chunks/]: writing data to 0EA62-0EA61.zip for 0EA62-0EA61 / XZ[x=2, z=1]
[27Sep2026 01:14:25.937] [pool-22-thread-1/DEBUG] [FTB Chunks/]: writing data to 0EA63-0EA61.zip for 0EA63-0EA61 / XZ[x=3, z=1]
[27Sep2026 01:14:55.107] [Server thread/DEBUG] [net.neoforged.neoforge.common.CommonHooks/WP]: Gathered mod list to write to world save New World
[27Sep2026 01:15:25.935] [pool-22-thread-1/DEBUG] [FTB Chunks/]: writing data to 0EA63-0EA61.zip for 0EA63-0EA61 / XZ[x=3, z=1]
[27Sep2026 01:15:25.990] [pool-22-thread-1/DEBUG] [FTB Chunks/]: writing data to 0EA62-0EA61.zip for 0EA62-0EA61 / XZ[x=2, z=1]
[27Sep2026 01:16:25.936] [pool-22-thread-1/DEBUG] [FTB Chunks/]: writing data to 0EA63-0EA61.zip for 0EA63-0EA61 / XZ[x=3, z=1]
[27Sep2026 01:16:25.997] [pool-22-thread-1/DEBUG] [FTB Chunks/]: writing data to 0EA62-0EA61.zip for 0EA62-0EA61 / XZ[x=2, z=1]
[27Sep2026 01:17:26.021] [pool-22-thread-1/DEBUG] [FTB Chunks/]: writing data to 0EA63-0EA61.zip for 0EA63-0EA61 / XZ[x=3, z=1]
[27Sep2026 01:17:26.072] [pool-22-thread-1/DEBUG] [FTB Chunks/]: writing data to 0EA62-0EA61.zip for 0EA62-0EA61 / XZ[x=2, z=1]
[27Sep2026 01:18:29.729] [pool-22-thread-1/DEBUG] [FTB Chunks/]: writing data to 0EA63-0EA61.zip for 0EA63-0EA61 / XZ[x=3, z=1]
[27Sep2026 01:19:29.356] [pool-22-thread-1/DEBUG] [FTB Chunks/]: writing data to 0EA63-0EA61.zip for 0EA63-0EA61 / XZ[x=3, z=1]
[27Sep2026 01:19:29.409] [pool-22-thread-1/DEBUG] [FTB Chunks/]: writing data to 0EA62-0EA61.zip for 0EA62-0EA61 / XZ[x=2, z=1]
[27Sep2026 01:19:55.107] [Server thread/DEBUG] [net.neoforged.neoforge.common.CommonHooks/WP]: Gathered mod list to write to world save New World
[27Sep2026 01:20:29.327] [pool-22-thread-1/DEBUG] [FTB Chunks/]: writing data to 0EA63-0EA61.zip for 0EA63-0EA61 / XZ[x=3, z=1]
[27Sep2026 01:21:29.560] [pool-22-thread-1/DEBUG] [FTB Chunks/]: writing data to 0EA63-0EA61.zip for 0EA63-0EA61 / XZ[x=3, z=1]
[27Sep2026 01:22:29.539] [pool-22-thread-1/DEBUG] [FTB Chunks/]: writing data to 0EA63-0EA61.zip for 0EA63-0EA61 / XZ[x=3, z=1]
[27Sep2026 01:23:29.576] [pool-22-thread-1/DEBUG] [FTB Chunks/]: writing data to 0EA63-0EA61.zip for 0EA63-0EA61 / XZ[x=3, z=1]
[27Sep2026 01:24:29.537] [pool-22-thread-1/DEBUG] [FTB Chunks/]: writing data to 0EA63-0EA61.zip for 0EA63-0EA61 / XZ[x=3, z=1]
[27Sep2026 01:24:55.105] [Server thread/DEBUG] [net.neoforged.neoforge.common.CommonHooks/WP]: Gathered mod list to write to world save New World
[27Sep2026 01:25:13.843] [Render thread/DEBUG] [FTB Chunks/]: releasing data for region 0EA61-0EA61 / XZ[x=1, z=1] (not accessed in last 300 seconds)
[27Sep2026 01:25:13.843] [Render thread/DEBUG] [FTB Chunks/]: releasing data for region 0EA61-0EA60 / XZ[x=1, z=0] (not accessed in last 300 seconds)
[27Sep2026 01:25:29.535] [pool-22-thread-1/DEBUG] [FTB Chunks/]: writing data to 0EA63-0EA61.zip for 0EA63-0EA61 / XZ[x=3, z=1]
[27Sep2026 01:27:33.942] [pool-22-thread-1/DEBUG] [FTB Chunks/]: writing data to 0EA63-0EA61.zip for 0EA63-0EA61 / XZ[x=3, z=1]
[27Sep2026 01:29:30.733] [pool-22-thread-1/DEBUG] [FTB Chunks/]: writing data to 0EA63-0EA61.zip for 0EA63-0EA61 / XZ[x=3, z=1]
[27Sep2026 01:29:55.103] [Server thread/DEBUG] [net.neoforged.neoforge.common.CommonHooks/WP]: Gathered mod list to write to world save New World
[27Sep2026 01:30:09.920] [pool-22-thread-1/DEBUG] [FTB Chunks/]: constructing map region data for 0EA61-0EA61 / XZ[x=1, z=1]
[27Sep2026 01:30:09.921] [pool-22-thread-1/DEBUG] [FTB Chunks/]: reading data from 0EA61-0EA61.zip for 0EA61-0EA61 / XZ[x=1, z=1]
[27Sep2026 01:30:09.973] [pool-22-thread-1/DEBUG] [FTB Chunks/]: constructing map region data for 0EA61-0EA60 / XZ[x=1, z=0]
[27Sep2026 01:30:09.974] [pool-22-thread-1/DEBUG] [FTB Chunks/]: reading data from 0EA61-0EA60.zip for 0EA61-0EA60 / XZ[x=1, z=0]
[27Sep2026 01:30:30.653] [pool-22-thread-1/DEBUG] [FTB Chunks/]: writing data to 0EA62-0EA61.zip for 0EA62-0EA61 / XZ[x=2, z=1]
[27Sep2026 01:31:32.449] [pool-22-thread-1/DEBUG] [FTB Chunks/]: writing data to 0EA63-0EA61.zip for 0EA63-0EA61 / XZ[x=3, z=1]
[27Sep2026 01:31:32.502] [pool-22-thread-1/DEBUG] [FTB Chunks/]: writing data to 0EA62-0EA61.zip for 0EA62-0EA61 / XZ[x=2, z=1]
[27Sep2026 01:34:32.693] [pool-22-thread-1/DEBUG] [FTB Chunks/]: writing data to 0EA63-0EA61.zip for 0EA63-0EA61 / XZ[x=3, z=1]
[27Sep2026 01:34:55.106] [Server thread/DEBUG] [net.neoforged.neoforge.common.CommonHooks/WP]: Gathered mod list to write to world save New World
[27Sep2026 01:35:32.671] [pool-22-thread-1/DEBUG] [FTB Chunks/]: writing data to 0EA63-0EA61.zip for 0EA63-0EA61 / XZ[x=3, z=1]
[27Sep2026 01:36:32.728] [pool-22-thread-1/DEBUG] [FTB Chunks/]: writing data to 0EA63-0EA61.zip for 0EA63-0EA61 / XZ[x=3, z=1]
[27Sep2026 01:37:32.747] [pool-22-thread-1/DEBUG] [FTB Chunks/]: writing data to 0EA63-0EA61.zip for 0EA63-0EA61 / XZ[x=3, z=1]
[27Sep2026 01:38:32.808] [pool-22-thread-1/DEBUG] [FTB Chunks/]: writing data to 0EA63-0EA61.zip for 0EA63-0EA61 / XZ[x=3, z=1]
[27Sep2026 01:38:32.867] [pool-22-thread-1/DEBUG] [FTB Chunks/]: writing data to 0EA62-0EA61.zip for 0EA62-0EA61 / XZ[x=2, z=1]
