[26Sep2026 23:24:05.322] [main/INFO] [cpw.mods.modlauncher.Launcher/MODLAUNCHER]: ModLauncher running: args [--launchTarget, forgeclientdev, --version, 21.1.251, --assetIndex, 17, --assetsDir, C:\\Users\\stasm\\.gradle\\caches\\neoformruntime\\assets, --gameDir, ., --fml.fmlVersion, 4.0.44, --fml.mcVersion, 1.21.1, --fml.neoForgeVersion, 21.1.251, --fml.neoFormVersion, 20240808.144430]
[26Sep2026 23:24:05.326] [main/INFO] [cpw.mods.modlauncher.Launcher/MODLAUNCHER]: JVM identified as Microsoft OpenJDK 64-Bit Server VM 21.0.12.1+1-LTS
[26Sep2026 23:24:05.328] [main/INFO] [cpw.mods.modlauncher.Launcher/MODLAUNCHER]: ModLauncher 11.0.5+main.901c6ea8 starting: java version 21.0.12.1 by Microsoft; OS Windows 11 arch amd64 version 10.0
[26Sep2026 23:24:05.456] [main/INFO] [net.neoforged.fml.loading.ImmediateWindowHandler/]: Loading ImmediateWindowProvider fmlearlywindow
[26Sep2026 23:24:05.579] [main/INFO] [EARLYDISPLAY/]: Trying GL version 4.6
[26Sep2026 23:24:05.686] [main/INFO] [EARLYDISPLAY/]: Requested GL version 4.6 got version 4.6
[26Sep2026 23:24:05.832] [main/INFO] [mixin/]: SpongePowered MIXIN Subsystem Version=0.8.7 Source=union:/C:/Users/stasm/.gradle/caches/modules-2/files-2.1/net.fabricmc/sponge-mixin/0.15.2+mixin.0.8.7/2af2f021d8e02a0220dc27a7a72b4666d66d44ca/sponge-mixin-0.15.2+mixin.0.8.7.jar%23138!/ Service=ModLauncher Env=CLIENT
[26Sep2026 23:24:05.972] [pool-2-thread-1/INFO] [EARLYDISPLAY/]: GL info: AMD Radeon RX 7700 XT GL version 4.6.0 Core Profile Context 26.8.1.260810, ATI Technologies Inc.
[26Sep2026 23:24:06.332] [main/INFO] [net.neoforged.fml.loading.moddiscovery.locators.JarInJarDependencyLocator/]: Found 5 dependencies adding them to mods collection
[26Sep2026 23:24:06.334] [main/INFO] [net.neoforged.fml.loading.moddiscovery.ModDiscoverer/]: 
     Mod List:
		Name Version (Mod Id)

		Architectury 13.0.8 (architectury)
		Curios API 9.0.9+1.21 (curios)
		Ender Core 8.2.12-beta (endercore)
		Ender IO 8.2.12-beta (enderio)
		Ender IO - Modded Conduits 8.2.12-beta (enderio_modded_conduits)
		FTB Chunks 2101.1.7 (ftbchunks)
		FTB Library 2101.1.9 (ftblibrary)
		FTB Teams 2101.1.2 (ftbteams)
		Industrial Foregoing 1.21-3.6.35 (industrialforegoing)
		IndustrialForogoingSoulsAddon 1 (industrial_forogoing_souls_addon)
		Jade 15.0.5+neoforge (jade)
		Just Enough Items 19.21.0.247 (jei)
		Mekanism 10.7.7 (mekanism)
		Minecraft 1.21.1 (minecraft)
		NeoForge 21.1.251 (neoforge)
		Patchouli 1.21-87-NEOFORGE-SNAPSHOT (patchouli)
		Titanium 4.0.40 (titanium)
[26Sep2026 23:24:07.828] [main/INFO] [mixin/]: Compatibility level set to JAVA_21
[26Sep2026 23:24:07.873] [main/INFO] [cpw.mods.modlauncher.LaunchServiceHandler/MODLAUNCHER]: Launching target 'forgeclientdev' with arguments [--version, 21.1.251, --gameDir, ., --assetsDir, C:\Users\stasm\.gradle\caches\neoformruntime\assets, --assetIndex, 17]
[26Sep2026 23:24:07.957] [main/WARN] [mixin/]: Reference map 'curios.refmap.json' for curios.neoforge.mixins.json could not be read. If this is a development environment you can ignore this message
[26Sep2026 23:24:07.957] [main/WARN] [mixin/]: Reference map 'curios.refmap.json' for curios.mixins.json could not be read. If this is a development environment you can ignore this message
[26Sep2026 23:24:07.958] [main/WARN] [mixin/]: Reference map 'patchouli.refmap.json' for patchouli_xplat.mixins.json could not be read. If this is a development environment you can ignore this message
[26Sep2026 23:24:08.445] [main/INFO] [MixinExtras|Service/]: Initializing MixinExtras via com.llamalad7.mixinextras.service.MixinExtrasServiceImpl(version=0.5.3).
[26Sep2026 23:24:10.178] [Datafixer Bootstrap/INFO] [com.mojang.datafixers.DataFixerBuilder/]: 229 Datafixer optimizations took 276 milliseconds
[26Sep2026 23:24:10.328] [main/WARN] [oshi.driver.windows.perfmon.PerfmonDisabled/]: Invalid registry value type detected for PerfOS counters. Should be REG_DWORD. Ignoring: HKEY_LOCAL_MACHINE\SYSTEM\CurrentControlSet\Services\PerfOS\Performance\Disable Performance Counters.
[26Sep2026 23:24:15.358] [main/WARN] [net.minecraft.commands.Commands/]: Ambiguity between arguments [teleport, location] and [teleport, destination] with inputs: [0.1 -0.5 .9, 0 0 0]
[26Sep2026 23:24:15.360] [main/WARN] [net.minecraft.commands.Commands/]: Ambiguity between arguments [teleport, location] and [teleport, targets] with inputs: [0.1 -0.5 .9, 0 0 0]
[26Sep2026 23:24:15.363] [main/WARN] [net.minecraft.commands.Commands/]: Ambiguity between arguments [teleport, destination] and [teleport, targets] with inputs: [Player, 0123, @e, dd12be42-52a9-4a91-a8a1-11c01849e498]
[26Sep2026 23:24:15.364] [main/WARN] [net.minecraft.commands.Commands/]: Ambiguity between arguments [teleport, targets] and [teleport, destination] with inputs: [Player, 0123, dd12be42-52a9-4a91-a8a1-11c01849e498]
[26Sep2026 23:24:15.364] [main/WARN] [net.minecraft.commands.Commands/]: Ambiguity between arguments [teleport, targets, location] and [teleport, targets, destination] with inputs: [0.1 -0.5 .9, 0 0 0]
[26Sep2026 23:24:15.461] [Render thread/WARN] [net.minecraft.server.packs.VanillaPackResourcesBuilder/]: Assets URL 'union:/C:/Users/stasm/IdeaProjects/Industrial%20Forogoing%20Souls%20Addon/build/moddev/artifacts/neoforge-21.1.251.jar%23190!/assets/.mcassetsroot' uses unexpected schema
[26Sep2026 23:24:15.462] [Render thread/WARN] [net.minecraft.server.packs.VanillaPackResourcesBuilder/]: Assets URL 'union:/C:/Users/stasm/IdeaProjects/Industrial%20Forogoing%20Souls%20Addon/build/moddev/artifacts/neoforge-21.1.251.jar%23190!/data/.mcassetsroot' uses unexpected schema
[26Sep2026 23:24:15.496] [Render thread/INFO] [com.mojang.authlib.yggdrasil.YggdrasilAuthenticationService/]: Environment: Environment[sessionHost=https://sessionserver.mojang.com, servicesHost=https://api.minecraftservices.com, name=PROD]
[26Sep2026 23:24:15.505] [Render thread/INFO] [net.minecraft.client.Minecraft/]: Setting user: Dev
[26Sep2026 23:24:15.611] [Render thread/INFO] [net.minecraft.client.Minecraft/]: Backend library: LWJGL version 3.3.3+5
[26Sep2026 23:24:15.888] [modloading-worker-0/INFO] [PluginManager/]: Scanning classes for titanium
[26Sep2026 23:24:15.888] [modloading-worker-0/INFO] [PluginManager/]: Scanning classes for industrialforegoing
[26Sep2026 23:24:15.896] [modloading-worker-0/INFO] [PluginManager/]: Found FeaturePluginInstance for class FTBChunksPlugin for plugin ftbchunks
[26Sep2026 23:24:15.897] [modloading-worker-0/INFO] [PluginManager/]: Found FeaturePluginInstance for class PatchouliPlugin for plugin patchouli
[26Sep2026 23:24:15.897] [modloading-worker-0/INFO] [PluginManager/]: Found FeaturePluginInstance for class CuriosPlugin for plugin curios
[26Sep2026 23:24:15.897] [modloading-worker-0/INFO] [PluginManager/]: Constructed class FTBChunksPlugin for plugin ftbchunks for mod industrialforegoing
[26Sep2026 23:24:15.897] [modloading-worker-0/INFO] [PluginManager/]: Constructed class PatchouliPlugin for plugin patchouli for mod industrialforegoing
[26Sep2026 23:24:15.897] [modloading-worker-0/INFO] [PluginManager/]: Constructed class CuriosPlugin for plugin curios for mod industrialforegoing
[26Sep2026 23:24:15.897] [modloading-worker-0/INFO] [PluginManager/]: Executing phase CONSTRUCTION for plugin class FTBChunksPlugin
[26Sep2026 23:24:15.901] [modloading-worker-0/INFO] [PluginManager/]: Executing phase CONSTRUCTION for plugin class PatchouliPlugin
[26Sep2026 23:24:15.911] [modloading-worker-0/INFO] [PluginManager/]: Executing phase CONSTRUCTION for plugin class CuriosPlugin
[26Sep2026 23:24:15.917] [modloading-worker-0/INFO] [net.neoforged.neoforge.common.NeoForgeMod/NEOFORGE-MOD]: NeoForge mod loading, version 21.1.251, for MC 1.21.1
[26Sep2026 23:24:15.920] [modloading-worker-0/INFO] [PluginManager/]: Executing phase PRE_INIT for plugin class FTBChunksPlugin
[26Sep2026 23:24:15.920] [modloading-worker-0/INFO] [PluginManager/]: Executing phase PRE_INIT for plugin class PatchouliPlugin
[26Sep2026 23:24:15.920] [modloading-worker-0/INFO] [PluginManager/]: Executing phase PRE_INIT for plugin class CuriosPlugin
[26Sep2026 23:24:16.216] [modloading-worker-0/INFO] [mezz.jei.library.load.PluginCaller/]: Sending ConfigManager...
[26Sep2026 23:24:16.217] [modloading-worker-0/INFO] [PluginManager/]: Executing phase INIT for plugin class FTBChunksPlugin
[26Sep2026 23:24:16.218] [modloading-worker-0/INFO] [PluginManager/]: Executing phase INIT for plugin class PatchouliPlugin
[26Sep2026 23:24:16.218] [modloading-worker-0/INFO] [PluginManager/]: Executing phase INIT for plugin class CuriosPlugin
[26Sep2026 23:24:16.226] [modloading-worker-0/INFO] [mezz.jei.library.load.PluginCaller/]: Sending ConfigManager took 4.719 ms
[26Sep2026 23:24:16.306] [modloading-worker-0/INFO] [PluginManager/]: Executing phase POST_INIT for plugin class FTBChunksPlugin
[26Sep2026 23:24:16.306] [modloading-worker-0/INFO] [PluginManager/]: Executing phase POST_INIT for plugin class PatchouliPlugin
[26Sep2026 23:24:16.306] [modloading-worker-0/INFO] [PluginManager/]: Executing phase POST_INIT for plugin class CuriosPlugin
[26Sep2026 23:24:18.205] [modloading-sync-worker/INFO] [PluginManager/]: Executing phase CONFIG_LOAD for plugin class FTBChunksPlugin
[26Sep2026 23:24:18.205] [modloading-sync-worker/INFO] [PluginManager/]: Executing phase CONFIG_LOAD for plugin class PatchouliPlugin
[26Sep2026 23:24:18.205] [modloading-sync-worker/INFO] [PluginManager/]: Executing phase CONFIG_LOAD for plugin class CuriosPlugin
[26Sep2026 23:24:18.216] [modloading-sync-worker/INFO] [PluginManager/]: Executing phase CONFIG_LOAD for plugin class FTBChunksPlugin
[26Sep2026 23:24:18.216] [modloading-sync-worker/INFO] [PluginManager/]: Executing phase CONFIG_LOAD for plugin class PatchouliPlugin
[26Sep2026 23:24:18.216] [modloading-sync-worker/INFO] [PluginManager/]: Executing phase CONFIG_LOAD for plugin class CuriosPlugin
[26Sep2026 23:24:18.217] [modloading-sync-worker/INFO] [PluginManager/]: Executing phase CONFIG_LOAD for plugin class FTBChunksPlugin
[26Sep2026 23:24:18.217] [modloading-sync-worker/INFO] [PluginManager/]: Executing phase CONFIG_LOAD for plugin class PatchouliPlugin
[26Sep2026 23:24:18.217] [modloading-sync-worker/INFO] [PluginManager/]: Executing phase CONFIG_LOAD for plugin class CuriosPlugin
[26Sep2026 23:24:18.219] [modloading-sync-worker/INFO] [PluginManager/]: Executing phase CONFIG_LOAD for plugin class FTBChunksPlugin
[26Sep2026 23:24:18.219] [modloading-sync-worker/INFO] [PluginManager/]: Executing phase CONFIG_LOAD for plugin class PatchouliPlugin
[26Sep2026 23:24:18.219] [modloading-sync-worker/INFO] [PluginManager/]: Executing phase CONFIG_LOAD for plugin class CuriosPlugin
[26Sep2026 23:24:18.224] [modloading-sync-worker/INFO] [PluginManager/]: Executing phase CONFIG_LOAD for plugin class FTBChunksPlugin
[26Sep2026 23:24:18.225] [modloading-sync-worker/INFO] [PluginManager/]: Executing phase CONFIG_LOAD for plugin class PatchouliPlugin
[26Sep2026 23:24:18.225] [modloading-sync-worker/INFO] [PluginManager/]: Executing phase CONFIG_LOAD for plugin class CuriosPlugin
[26Sep2026 23:24:18.226] [modloading-sync-worker/INFO] [PluginManager/]: Executing phase CONFIG_LOAD for plugin class FTBChunksPlugin
[26Sep2026 23:24:18.226] [modloading-sync-worker/INFO] [PluginManager/]: Executing phase CONFIG_LOAD for plugin class PatchouliPlugin
[26Sep2026 23:24:18.226] [modloading-sync-worker/INFO] [PluginManager/]: Executing phase CONFIG_LOAD for plugin class CuriosPlugin
[26Sep2026 23:24:18.648] [Render thread/INFO] [net.neoforged.neoforge.gametest.GameTestHooks/]: Enabled Gametest Namespaces: [industrial_forogoing_souls_addon]
[26Sep2026 23:24:19.072] [Render thread/INFO] [net.minecraft.server.packs.resources.ReloadableResourceManager/]: Reloading ResourceManager: vanilla, mod_resources, mod/industrialforegoing, mod/industrial_forogoing_souls_addon, mod/titanium, mod/jade, mod/architectury, mod/ftblibrary, mod/jei, mod/enderio_modded_conduits, mod/ftbteams, mod/mekanism, mod/ftbchunks, mod/enderio, mod/curios, mod/patchouli, mod/endercore, mod/neoforge
[26Sep2026 23:24:19.088] [Worker-Main-4/INFO] [PluginManager/]: Executing phase COMMON_SETUP for plugin class FTBChunksPlugin
[26Sep2026 23:24:19.089] [Worker-Main-4/INFO] [PluginManager/]: Executing phase COMMON_SETUP for plugin class PatchouliPlugin
[26Sep2026 23:24:19.089] [Worker-Main-5/INFO] [io.gitlab.nyg2.industrial_forogoing_souls_addon.Industrial_forogoing_souls_addon/]: HELLO FROM COMMON SETUP
[26Sep2026 23:24:19.089] [Worker-Main-5/INFO] [io.gitlab.nyg2.industrial_forogoing_souls_addon.Industrial_forogoing_souls_addon/]: DIRT BLOCK >> minecraft:dirt
[26Sep2026 23:24:19.089] [Worker-Main-4/INFO] [PluginManager/]: Executing phase COMMON_SETUP for plugin class CuriosPlugin
[26Sep2026 23:24:19.089] [Worker-Main-5/INFO] [io.gitlab.nyg2.industrial_forogoing_souls_addon.Industrial_forogoing_souls_addon/]: The magic number is... 42
[26Sep2026 23:24:19.089] [Worker-Main-5/INFO] [io.gitlab.nyg2.industrial_forogoing_souls_addon.Industrial_forogoing_souls_addon/]: ITEM >> minecraft:iron_ingot
[26Sep2026 23:24:19.097] [Worker-Main-7/INFO] [mekanism.common.Mekanism/]: Version 10.7.7 initializing...
[26Sep2026 23:24:19.131] [Worker-Main-7/INFO] [mekanism.common.Mekanism/]: Initialized HolidayManager.
[26Sep2026 23:24:19.186] [Worker-Main-7/INFO] [mekanism.common.Mekanism/]: Fake player readout: UUID = 46e82cd0-d480-3d48-800a-77431ede078e, name = [Mekanism]
[26Sep2026 23:24:19.186] [Worker-Main-7/INFO] [mekanism.common.Mekanism/]: Mod loaded.
[26Sep2026 23:24:19.219] [Worker-Main-12/INFO] [net.minecraft.client.gui.font.providers.UnihexProvider/]: Found unifont_all_no_pua-15.1.05.hex, loading
[26Sep2026 23:24:19.381] [Worker-Main-15/INFO] [PluginManager/]: Executing phase CLIENT_SETUP for plugin class FTBChunksPlugin
[26Sep2026 23:24:19.388] [Worker-Main-15/INFO] [PluginManager/]: Executing phase CLIENT_SETUP for plugin class PatchouliPlugin
[26Sep2026 23:24:19.399] [Worker-Main-5/INFO] [io.gitlab.nyg2.industrial_forogoing_souls_addon.Industrial_forogoing_souls_addon/]: HELLO FROM CLIENT SETUP
[26Sep2026 23:24:19.400] [Worker-Main-5/INFO] [io.gitlab.nyg2.industrial_forogoing_souls_addon.Industrial_forogoing_souls_addon/]: MINECRAFT NAME >> Dev
[26Sep2026 23:24:19.424] [Worker-Main-3/INFO] [net.minecraft.client.gui.font.providers.UnihexProvider/]: Found unifont_jp_patch-15.1.05.hex, loading
[26Sep2026 23:24:19.442] [Worker-Main-6/ERROR] [net.minecraft.client.resources.model.ModelManager/]: Failed to load model enderio:models/block/athena/basic_capacitor_bank_part.json
com.google.gson.JsonParseException: Model loader 'athena:athena' not found. Registered loaders: mekanism:transmitter, mekanism:energy_cube, endercore:modloaded, neoforge:empty, enderio:conduit_item, enderio:conduit, enderio:facades_item, neoforge:item_layers, enderio:painted_block, enderio:io_overlay, neoforge:separate_transforms, mekanism:data_based, mekanism:robit, neoforge:elements, neoforge:obj, neoforge:fluid_container, neoforge:composite
	at TRANSFORMER/neoforge@21.1.251/net.neoforged.neoforge.client.model.ExtendedBlockModelDeserializer.deserializeGeometry(ExtendedBlockModelDeserializer.java:102) ~[neoforge-21.1.251.jar%23191!/:?]
	at TRANSFORMER/neoforge@21.1.251/net.neoforged.neoforge.client.model.ExtendedBlockModelDeserializer.deserialize(ExtendedBlockModelDeserializer.java:53) ~[neoforge-21.1.251.jar%23191!/:?]
	at TRANSFORMER/neoforge@21.1.251/net.neoforged.neoforge.client.model.ExtendedBlockModelDeserializer.deserialize(ExtendedBlockModelDeserializer.java:37) ~[neoforge-21.1.251.jar%23191!/:?]
	at MC-BOOTSTRAP/com.google.gson@2.10.1/com.google.gson.internal.bind.TreeTypeAdapter.read(TreeTypeAdapter.java:76) ~[gson-2.10.1.jar%23110!/:?]
	at TRANSFORMER/minecraft@1.21.1/net.minecraft.util.GsonHelper.fromNullableJson(GsonHelper.java:507) ~[neoforge-21.1.251.jar%23190!/:?]
	at TRANSFORMER/minecraft@1.21.1/net.minecraft.util.GsonHelper.fromJson(GsonHelper.java:514) ~[neoforge-21.1.251.jar%23190!/:?]
	at TRANSFORMER/minecraft@1.21.1/net.minecraft.util.GsonHelper.fromJson(GsonHelper.java:566) ~[neoforge-21.1.251.jar%23190!/:?]
	at TRANSFORMER/minecraft@1.21.1/net.minecraft.client.renderer.block.model.BlockModel.fromStream(BlockModel.java:83) ~[neoforge-21.1.251.jar%23190!/:?]
	at TRANSFORMER/minecraft@1.21.1/net.minecraft.client.resources.model.ModelManager.lambda$loadBlockModels$8(ModelManager.java:144) ~[neoforge-21.1.251.jar%23190!/:?]
	at java.base/java.util.concurrent.CompletableFuture$AsyncSupply.run(CompletableFuture.java:1768) [?:?]
	at java.base/java.util.concurrent.CompletableFuture$AsyncSupply.exec(CompletableFuture.java:1760) [?:?]
	at java.base/java.util.concurrent.ForkJoinTask.doExec(ForkJoinTask.java:387) [?:?]
	at java.base/java.util.concurrent.ForkJoinPool$WorkQueue.topLevelExec(ForkJoinPool.java:1312) [?:?]
	at java.base/java.util.concurrent.ForkJoinPool.scan(ForkJoinPool.java:1843) [?:?]
	at java.base/java.util.concurrent.ForkJoinPool.runWorker(ForkJoinPool.java:1808) [?:?]
	at java.base/java.util.concurrent.ForkJoinWorkerThread.run(ForkJoinWorkerThread.java:188) [?:?]
[26Sep2026 23:24:19.442] [Worker-Main-8/ERROR] [net.minecraft.client.resources.model.ModelManager/]: Failed to load model enderio:models/block/athena/advanced_capacitor_bank_part.json
com.google.gson.JsonParseException: Model loader 'athena:athena' not found. Registered loaders: mekanism:transmitter, mekanism:energy_cube, endercore:modloaded, neoforge:empty, enderio:conduit_item, enderio:conduit, enderio:facades_item, neoforge:item_layers, enderio:painted_block, enderio:io_overlay, neoforge:separate_transforms, mekanism:data_based, mekanism:robit, neoforge:elements, neoforge:obj, neoforge:fluid_container, neoforge:composite
	at TRANSFORMER/neoforge@21.1.251/net.neoforged.neoforge.client.model.ExtendedBlockModelDeserializer.deserializeGeometry(ExtendedBlockModelDeserializer.java:102) ~[neoforge-21.1.251.jar%23191!/:?]
	at TRANSFORMER/neoforge@21.1.251/net.neoforged.neoforge.client.model.ExtendedBlockModelDeserializer.deserialize(ExtendedBlockModelDeserializer.java:53) ~[neoforge-21.1.251.jar%23191!/:?]
	at TRANSFORMER/neoforge@21.1.251/net.neoforged.neoforge.client.model.ExtendedBlockModelDeserializer.deserialize(ExtendedBlockModelDeserializer.java:37) ~[neoforge-21.1.251.jar%23191!/:?]
	at MC-BOOTSTRAP/com.google.gson@2.10.1/com.google.gson.internal.bind.TreeTypeAdapter.read(TreeTypeAdapter.java:76) ~[gson-2.10.1.jar%23110!/:?]
	at TRANSFORMER/minecraft@1.21.1/net.minecraft.util.GsonHelper.fromNullableJson(GsonHelper.java:507) ~[neoforge-21.1.251.jar%23190!/:?]
	at TRANSFORMER/minecraft@1.21.1/net.minecraft.util.GsonHelper.fromJson(GsonHelper.java:514) ~[neoforge-21.1.251.jar%23190!/:?]
	at TRANSFORMER/minecraft@1.21.1/net.minecraft.util.GsonHelper.fromJson(GsonHelper.java:566) ~[neoforge-21.1.251.jar%23190!/:?]
	at TRANSFORMER/minecraft@1.21.1/net.minecraft.client.renderer.block.model.BlockModel.fromStream(BlockModel.java:83) ~[neoforge-21.1.251.jar%23190!/:?]
	at TRANSFORMER/minecraft@1.21.1/net.minecraft.client.resources.model.ModelManager.lambda$loadBlockModels$8(ModelManager.java:144) ~[neoforge-21.1.251.jar%23190!/:?]
	at java.base/java.util.concurrent.CompletableFuture$AsyncSupply.run(CompletableFuture.java:1768) [?:?]
	at java.base/java.util.concurrent.CompletableFuture$AsyncSupply.exec(CompletableFuture.java:1760) [?:?]
	at java.base/java.util.concurrent.ForkJoinTask.doExec(ForkJoinTask.java:387) [?:?]
	at java.base/java.util.concurrent.ForkJoinPool$WorkQueue.topLevelExec(ForkJoinPool.java:1312) [?:?]
	at java.base/java.util.concurrent.ForkJoinPool.scan(ForkJoinPool.java:1843) [?:?]
	at java.base/java.util.concurrent.ForkJoinPool.runWorker(ForkJoinPool.java:1808) [?:?]
	at java.base/java.util.concurrent.ForkJoinWorkerThread.run(ForkJoinWorkerThread.java:188) [?:?]
[26Sep2026 23:24:19.447] [Worker-Main-4/WARN] [net.minecraft.client.renderer.texture.SpriteContents/]: Unused frames in sprite industrialforegoing:block/fluids/sludge_still: [20, 21, 22, 23, 24, 25, 26, 27, 28, 29, 30, 31, 32, 33, 34, 35, 36, 37, 38]
[26Sep2026 23:24:19.446] [Worker-Main-6/ERROR] [net.minecraft.client.resources.model.ModelManager/]: Failed to load model enderio:models/block/athena/vibrant_capacitor_bank_part.json
com.google.gson.JsonParseException: Model loader 'athena:athena' not found. Registered loaders: mekanism:transmitter, mekanism:energy_cube, endercore:modloaded, neoforge:empty, enderio:conduit_item, enderio:conduit, enderio:facades_item, neoforge:item_layers, enderio:painted_block, enderio:io_overlay, neoforge:separate_transforms, mekanism:data_based, mekanism:robit, neoforge:elements, neoforge:obj, neoforge:fluid_container, neoforge:composite
	at TRANSFORMER/neoforge@21.1.251/net.neoforged.neoforge.client.model.ExtendedBlockModelDeserializer.deserializeGeometry(ExtendedBlockModelDeserializer.java:102) ~[neoforge-21.1.251.jar%23191!/:?]
	at TRANSFORMER/neoforge@21.1.251/net.neoforged.neoforge.client.model.ExtendedBlockModelDeserializer.deserialize(ExtendedBlockModelDeserializer.java:53) ~[neoforge-21.1.251.jar%23191!/:?]
	at TRANSFORMER/neoforge@21.1.251/net.neoforged.neoforge.client.model.ExtendedBlockModelDeserializer.deserialize(ExtendedBlockModelDeserializer.java:37) ~[neoforge-21.1.251.jar%23191!/:?]
	at MC-BOOTSTRAP/com.google.gson@2.10.1/com.google.gson.internal.bind.TreeTypeAdapter.read(TreeTypeAdapter.java:76) ~[gson-2.10.1.jar%23110!/:?]
	at TRANSFORMER/minecraft@1.21.1/net.minecraft.util.GsonHelper.fromNullableJson(GsonHelper.java:507) ~[neoforge-21.1.251.jar%23190!/:?]
	at TRANSFORMER/minecraft@1.21.1/net.minecraft.util.GsonHelper.fromJson(GsonHelper.java:514) ~[neoforge-21.1.251.jar%23190!/:?]
	at TRANSFORMER/minecraft@1.21.1/net.minecraft.util.GsonHelper.fromJson(GsonHelper.java:566) ~[neoforge-21.1.251.jar%23190!/:?]
	at TRANSFORMER/minecraft@1.21.1/net.minecraft.client.renderer.block.model.BlockModel.fromStream(BlockModel.java:83) ~[neoforge-21.1.251.jar%23190!/:?]
	at TRANSFORMER/minecraft@1.21.1/net.minecraft.client.resources.model.ModelManager.lambda$loadBlockModels$8(ModelManager.java:144) ~[neoforge-21.1.251.jar%23190!/:?]
	at java.base/java.util.concurrent.CompletableFuture$AsyncSupply.run(CompletableFuture.java:1768) [?:?]
	at java.base/java.util.concurrent.CompletableFuture$AsyncSupply.exec(CompletableFuture.java:1760) [?:?]
	at java.base/java.util.concurrent.ForkJoinTask.doExec(ForkJoinTask.java:387) [?:?]
	at java.base/java.util.concurrent.ForkJoinPool$WorkQueue.topLevelExec(ForkJoinPool.java:1312) [?:?]
	at java.base/java.util.concurrent.ForkJoinPool.scan(ForkJoinPool.java:1843) [?:?]
	at java.base/java.util.concurrent.ForkJoinPool.runWorker(ForkJoinPool.java:1808) [?:?]
	at java.base/java.util.concurrent.ForkJoinWorkerThread.run(ForkJoinWorkerThread.java:188) [?:?]
[26Sep2026 23:24:19.450] [Worker-Main-15/INFO] [PluginManager/]: Executing phase CLIENT_SETUP for plugin class CuriosPlugin
[26Sep2026 23:24:19.513] [Worker-Main-10/WARN] [net.minecraft.client.renderer.texture.SpriteContents/]: Unused frames in sprite enderio:block/alloy_smelter_front_active: [4, 5]
[26Sep2026 23:24:19.567] [Worker-Main-3/WARN] [net.minecraft.client.renderer.texture.SpriteContents/]: Unused frames in sprite industrialforegoing:block/fluids/ether_gas_still: [20, 21, 22, 23, 24, 25, 26, 27, 28, 29, 30, 31, 32, 33, 34, 35, 36, 37, 38, 39, 40, 41, 42, 43, 44, 45, 46, 47, 48]
[26Sep2026 23:24:19.627] [Worker-Main-4/WARN] [net.minecraft.client.renderer.texture.SpriteLoader/]: Texture enderio:block/item_conduit_in with size 24x24 limits mip level from 4 to 3
[26Sep2026 23:24:19.627] [Worker-Main-4/WARN] [net.minecraft.client.renderer.texture.SpriteLoader/]: Texture ftblibrary:icons/dropdown_out with size 15x15 limits mip level from 3 to 0
[26Sep2026 23:24:20.279] [Worker-Main-15/WARN] [net.minecraft.client.resources.model.BlockStateModelLoader/]: Exception loading blockstate definition: 'industrialforegoing:blockstates/latex.json' missing model for variant: 'industrialforegoing:latex#level=12'
[26Sep2026 23:24:20.279] [Worker-Main-15/WARN] [net.minecraft.client.resources.model.BlockStateModelLoader/]: Exception loading blockstate definition: 'industrialforegoing:blockstates/latex.json' missing model for variant: 'industrialforegoing:latex#level=11'
[26Sep2026 23:24:20.281] [Worker-Main-15/WARN] [net.minecraft.client.resources.model.BlockStateModelLoader/]: Exception loading blockstate definition: 'industrialforegoing:blockstates/latex.json' missing model for variant: 'industrialforegoing:latex#level=14'
[26Sep2026 23:24:20.281] [Worker-Main-15/WARN] [net.minecraft.client.resources.model.BlockStateModelLoader/]: Exception loading blockstate definition: 'industrialforegoing:blockstates/latex.json' missing model for variant: 'industrialforegoing:latex#level=13'
[26Sep2026 23:24:20.281] [Worker-Main-15/WARN] [net.minecraft.client.resources.model.BlockStateModelLoader/]: Exception loading blockstate definition: 'industrialforegoing:blockstates/latex.json' missing model for variant: 'industrialforegoing:latex#level=6'
[26Sep2026 23:24:20.281] [Worker-Main-15/WARN] [net.minecraft.client.resources.model.BlockStateModelLoader/]: Exception loading blockstate definition: 'industrialforegoing:blockstates/latex.json' missing model for variant: 'industrialforegoing:latex#level=7'
[26Sep2026 23:24:20.281] [Worker-Main-15/WARN] [net.minecraft.client.resources.model.BlockStateModelLoader/]: Exception loading blockstate definition: 'industrialforegoing:blockstates/latex.json' missing model for variant: 'industrialforegoing:latex#level=8'
[26Sep2026 23:24:20.281] [Worker-Main-15/WARN] [net.minecraft.client.resources.model.BlockStateModelLoader/]: Exception loading blockstate definition: 'industrialforegoing:blockstates/latex.json' missing model for variant: 'industrialforegoing:latex#level=10'
[26Sep2026 23:24:20.281] [Worker-Main-15/WARN] [net.minecraft.client.resources.model.BlockStateModelLoader/]: Exception loading blockstate definition: 'industrialforegoing:blockstates/latex.json' missing model for variant: 'industrialforegoing:latex#level=9'
[26Sep2026 23:24:20.281] [Worker-Main-15/WARN] [net.minecraft.client.resources.model.BlockStateModelLoader/]: Exception loading blockstate definition: 'industrialforegoing:blockstates/latex.json' missing model for variant: 'industrialforegoing:latex#level=2'
[26Sep2026 23:24:20.281] [Worker-Main-15/WARN] [net.minecraft.client.resources.model.BlockStateModelLoader/]: Exception loading blockstate definition: 'industrialforegoing:blockstates/latex.json' missing model for variant: 'industrialforegoing:latex#level=3'
[26Sep2026 23:24:20.281] [Worker-Main-15/WARN] [net.minecraft.client.resources.model.BlockStateModelLoader/]: Exception loading blockstate definition: 'industrialforegoing:blockstates/latex.json' missing model for variant: 'industrialforegoing:latex#level=4'
[26Sep2026 23:24:20.281] [Worker-Main-15/WARN] [net.minecraft.client.resources.model.BlockStateModelLoader/]: Exception loading blockstate definition: 'industrialforegoing:blockstates/latex.json' missing model for variant: 'industrialforegoing:latex#level=5'
[26Sep2026 23:24:20.281] [Worker-Main-15/WARN] [net.minecraft.client.resources.model.BlockStateModelLoader/]: Exception loading blockstate definition: 'industrialforegoing:blockstates/latex.json' missing model for variant: 'industrialforegoing:latex#level=15'
[26Sep2026 23:24:20.281] [Worker-Main-15/WARN] [net.minecraft.client.resources.model.BlockStateModelLoader/]: Exception loading blockstate definition: 'industrialforegoing:blockstates/latex.json' missing model for variant: 'industrialforegoing:latex#level=0'
[26Sep2026 23:24:20.281] [Worker-Main-15/WARN] [net.minecraft.client.resources.model.BlockStateModelLoader/]: Exception loading blockstate definition: 'industrialforegoing:blockstates/latex.json' missing model for variant: 'industrialforegoing:latex#level=1'
[26Sep2026 23:24:20.281] [Worker-Main-15/WARN] [net.minecraft.client.resources.model.BlockStateModelLoader/]: Exception loading blockstate definition: 'industrialforegoing:blockstates/meat.json' missing model for variant: 'industrialforegoing:meat#level=2'
[26Sep2026 23:24:20.281] [Worker-Main-15/WARN] [net.minecraft.client.resources.model.BlockStateModelLoader/]: Exception loading blockstate definition: 'industrialforegoing:blockstates/meat.json' missing model for variant: 'industrialforegoing:meat#level=1'
[26Sep2026 23:24:20.281] [Worker-Main-15/WARN] [net.minecraft.client.resources.model.BlockStateModelLoader/]: Exception loading blockstate definition: 'industrialforegoing:blockstates/meat.json' missing model for variant: 'industrialforegoing:meat#level=0'
[26Sep2026 23:24:20.281] [Worker-Main-15/WARN] [net.minecraft.client.resources.model.BlockStateModelLoader/]: Exception loading blockstate definition: 'industrialforegoing:blockstates/meat.json' missing model for variant: 'industrialforegoing:meat#level=6'
[26Sep2026 23:24:20.281] [Worker-Main-15/WARN] [net.minecraft.client.resources.model.BlockStateModelLoader/]: Exception loading blockstate definition: 'industrialforegoing:blockstates/meat.json' missing model for variant: 'industrialforegoing:meat#level=5'
[26Sep2026 23:24:20.281] [Worker-Main-15/WARN] [net.minecraft.client.resources.model.BlockStateModelLoader/]: Exception loading blockstate definition: 'industrialforegoing:blockstates/meat.json' missing model for variant: 'industrialforegoing:meat#level=4'
[26Sep2026 23:24:20.281] [Worker-Main-15/WARN] [net.minecraft.client.resources.model.BlockStateModelLoader/]: Exception loading blockstate definition: 'industrialforegoing:blockstates/meat.json' missing model for variant: 'industrialforegoing:meat#level=3'
[26Sep2026 23:24:20.282] [Worker-Main-15/WARN] [net.minecraft.client.resources.model.BlockStateModelLoader/]: Exception loading blockstate definition: 'industrialforegoing:blockstates/meat.json' missing model for variant: 'industrialforegoing:meat#level=12'
[26Sep2026 23:24:20.282] [Worker-Main-15/WARN] [net.minecraft.client.resources.model.BlockStateModelLoader/]: Exception loading blockstate definition: 'industrialforegoing:blockstates/meat.json' missing model for variant: 'industrialforegoing:meat#level=9'
[26Sep2026 23:24:20.282] [Worker-Main-15/WARN] [net.minecraft.client.resources.model.BlockStateModelLoader/]: Exception loading blockstate definition: 'industrialforegoing:blockstates/meat.json' missing model for variant: 'industrialforegoing:meat#level=13'
[26Sep2026 23:24:20.282] [Worker-Main-15/WARN] [net.minecraft.client.resources.model.BlockStateModelLoader/]: Exception loading blockstate definition: 'industrialforegoing:blockstates/meat.json' missing model for variant: 'industrialforegoing:meat#level=8'
[26Sep2026 23:24:20.282] [Worker-Main-15/WARN] [net.minecraft.client.resources.model.BlockStateModelLoader/]: Exception loading blockstate definition: 'industrialforegoing:blockstates/meat.json' missing model for variant: 'industrialforegoing:meat#level=14'
[26Sep2026 23:24:20.282] [Worker-Main-15/WARN] [net.minecraft.client.resources.model.BlockStateModelLoader/]: Exception loading blockstate definition: 'industrialforegoing:blockstates/meat.json' missing model for variant: 'industrialforegoing:meat#level=7'
[26Sep2026 23:24:20.282] [Worker-Main-15/WARN] [net.minecraft.client.resources.model.BlockStateModelLoader/]: Exception loading blockstate definition: 'industrialforegoing:blockstates/meat.json' missing model for variant: 'industrialforegoing:meat#level=15'
[26Sep2026 23:24:20.282] [Worker-Main-15/WARN] [net.minecraft.client.resources.model.BlockStateModelLoader/]: Exception loading blockstate definition: 'industrialforegoing:blockstates/meat.json' missing model for variant: 'industrialforegoing:meat#level=10'
[26Sep2026 23:24:20.282] [Worker-Main-15/WARN] [net.minecraft.client.resources.model.BlockStateModelLoader/]: Exception loading blockstate definition: 'industrialforegoing:blockstates/meat.json' missing model for variant: 'industrialforegoing:meat#level=11'
[26Sep2026 23:24:20.282] [Worker-Main-15/WARN] [net.minecraft.client.resources.model.BlockStateModelLoader/]: Exception loading blockstate definition: 'industrialforegoing:blockstates/sewage.json' missing model for variant: 'industrialforegoing:sewage#level=2'
[26Sep2026 23:24:20.282] [Worker-Main-15/WARN] [net.minecraft.client.resources.model.BlockStateModelLoader/]: Exception loading blockstate definition: 'industrialforegoing:blockstates/sewage.json' missing model for variant: 'industrialforegoing:sewage#level=3'
[26Sep2026 23:24:20.282] [Worker-Main-15/WARN] [net.minecraft.client.resources.model.BlockStateModelLoader/]: Exception loading blockstate definition: 'industrialforegoing:blockstates/sewage.json' missing model for variant: 'industrialforegoing:sewage#level=4'
[26Sep2026 23:24:20.282] [Worker-Main-15/WARN] [net.minecraft.client.resources.model.BlockStateModelLoader/]: Exception loading blockstate definition: 'industrialforegoing:blockstates/sewage.json' missing model for variant: 'industrialforegoing:sewage#level=5'
[26Sep2026 23:24:20.282] [Worker-Main-15/WARN] [net.minecraft.client.resources.model.BlockStateModelLoader/]: Exception loading blockstate definition: 'industrialforegoing:blockstates/sewage.json' missing model for variant: 'industrialforegoing:sewage#level=15'
[26Sep2026 23:24:20.282] [Worker-Main-15/WARN] [net.minecraft.client.resources.model.BlockStateModelLoader/]: Exception loading blockstate definition: 'industrialforegoing:blockstates/sewage.json' missing model for variant: 'industrialforegoing:sewage#level=0'
[26Sep2026 23:24:20.282] [Worker-Main-15/WARN] [net.minecraft.client.resources.model.BlockStateModelLoader/]: Exception loading blockstate definition: 'industrialforegoing:blockstates/sewage.json' missing model for variant: 'industrialforegoing:sewage#level=1'
[26Sep2026 23:24:20.282] [Worker-Main-15/WARN] [net.minecraft.client.resources.model.BlockStateModelLoader/]: Exception loading blockstate definition: 'industrialforegoing:blockstates/sewage.json' missing model for variant: 'industrialforegoing:sewage#level=12'
[26Sep2026 23:24:20.283] [Worker-Main-15/WARN] [net.minecraft.client.resources.model.BlockStateModelLoader/]: Exception loading blockstate definition: 'industrialforegoing:blockstates/sewage.json' missing model for variant: 'industrialforegoing:sewage#level=11'
[26Sep2026 23:24:20.283] [Worker-Main-15/WARN] [net.minecraft.client.resources.model.BlockStateModelLoader/]: Exception loading blockstate definition: 'industrialforegoing:blockstates/sewage.json' missing model for variant: 'industrialforegoing:sewage#level=14'
[26Sep2026 23:24:20.283] [Worker-Main-15/WARN] [net.minecraft.client.resources.model.BlockStateModelLoader/]: Exception loading blockstate definition: 'industrialforegoing:blockstates/sewage.json' missing model for variant: 'industrialforegoing:sewage#level=13'
[26Sep2026 23:24:20.283] [Worker-Main-15/WARN] [net.minecraft.client.resources.model.BlockStateModelLoader/]: Exception loading blockstate definition: 'industrialforegoing:blockstates/sewage.json' missing model for variant: 'industrialforegoing:sewage#level=6'
[26Sep2026 23:24:20.283] [Worker-Main-15/WARN] [net.minecraft.client.resources.model.BlockStateModelLoader/]: Exception loading blockstate definition: 'industrialforegoing:blockstates/sewage.json' missing model for variant: 'industrialforegoing:sewage#level=7'
[26Sep2026 23:24:20.283] [Worker-Main-15/WARN] [net.minecraft.client.resources.model.BlockStateModelLoader/]: Exception loading blockstate definition: 'industrialforegoing:blockstates/sewage.json' missing model for variant: 'industrialforegoing:sewage#level=8'
[26Sep2026 23:24:20.283] [Worker-Main-15/WARN] [net.minecraft.client.resources.model.BlockStateModelLoader/]: Exception loading blockstate definition: 'industrialforegoing:blockstates/sewage.json' missing model for variant: 'industrialforegoing:sewage#level=10'
[26Sep2026 23:24:20.283] [Worker-Main-15/WARN] [net.minecraft.client.resources.model.BlockStateModelLoader/]: Exception loading blockstate definition: 'industrialforegoing:blockstates/sewage.json' missing model for variant: 'industrialforegoing:sewage#level=9'
[26Sep2026 23:24:20.283] [Worker-Main-15/WARN] [net.minecraft.client.resources.model.BlockStateModelLoader/]: Exception loading blockstate definition: 'industrialforegoing:blockstates/essence.json' missing model for variant: 'industrialforegoing:essence#level=13'
[26Sep2026 23:24:20.283] [Worker-Main-15/WARN] [net.minecraft.client.resources.model.BlockStateModelLoader/]: Exception loading blockstate definition: 'industrialforegoing:blockstates/essence.json' missing model for variant: 'industrialforegoing:essence#level=14'
[26Sep2026 23:24:20.283] [Worker-Main-15/WARN] [net.minecraft.client.resources.model.BlockStateModelLoader/]: Exception loading blockstate definition: 'industrialforegoing:blockstates/essence.json' missing model for variant: 'industrialforegoing:essence#level=15'
[26Sep2026 23:24:20.283] [Worker-Main-15/WARN] [net.minecraft.client.resources.model.BlockStateModelLoader/]: Exception loading blockstate definition: 'industrialforegoing:blockstates/essence.json' missing model for variant: 'industrialforegoing:essence#level=3'
[26Sep2026 23:24:20.283] [Worker-Main-15/WARN] [net.minecraft.client.resources.model.BlockStateModelLoader/]: Exception loading blockstate definition: 'industrialforegoing:blockstates/essence.json' missing model for variant: 'industrialforegoing:essence#level=2'
[26Sep2026 23:24:20.283] [Worker-Main-15/WARN] [net.minecraft.client.resources.model.BlockStateModelLoader/]: Exception loading blockstate definition: 'industrialforegoing:blockstates/essence.json' missing model for variant: 'industrialforegoing:essence#level=1'
[26Sep2026 23:24:20.283] [Worker-Main-15/WARN] [net.minecraft.client.resources.model.BlockStateModelLoader/]: Exception loading blockstate definition: 'industrialforegoing:blockstates/essence.json' missing model for variant: 'industrialforegoing:essence#level=0'
[26Sep2026 23:24:20.284] [Worker-Main-15/WARN] [net.minecraft.client.resources.model.BlockStateModelLoader/]: Exception loading blockstate definition: 'industrialforegoing:blockstates/essence.json' missing model for variant: 'industrialforegoing:essence#level=9'
[26Sep2026 23:24:20.284] [Worker-Main-15/WARN] [net.minecraft.client.resources.model.BlockStateModelLoader/]: Exception loading blockstate definition: 'industrialforegoing:blockstates/essence.json' missing model for variant: 'industrialforegoing:essence#level=8'
[26Sep2026 23:24:20.284] [Worker-Main-15/WARN] [net.minecraft.client.resources.model.BlockStateModelLoader/]: Exception loading blockstate definition: 'industrialforegoing:blockstates/essence.json' missing model for variant: 'industrialforegoing:essence#level=7'
[26Sep2026 23:24:20.284] [Worker-Main-15/WARN] [net.minecraft.client.resources.model.BlockStateModelLoader/]: Exception loading blockstate definition: 'industrialforegoing:blockstates/essence.json' missing model for variant: 'industrialforegoing:essence#level=6'
[26Sep2026 23:24:20.284] [Worker-Main-15/WARN] [net.minecraft.client.resources.model.BlockStateModelLoader/]: Exception loading blockstate definition: 'industrialforegoing:blockstates/essence.json' missing model for variant: 'industrialforegoing:essence#level=5'
[26Sep2026 23:24:20.284] [Worker-Main-15/WARN] [net.minecraft.client.resources.model.BlockStateModelLoader/]: Exception loading blockstate definition: 'industrialforegoing:blockstates/essence.json' missing model for variant: 'industrialforegoing:essence#level=4'
[26Sep2026 23:24:20.284] [Worker-Main-15/WARN] [net.minecraft.client.resources.model.BlockStateModelLoader/]: Exception loading blockstate definition: 'industrialforegoing:blockstates/essence.json' missing model for variant: 'industrialforegoing:essence#level=10'
[26Sep2026 23:24:20.284] [Worker-Main-15/WARN] [net.minecraft.client.resources.model.BlockStateModelLoader/]: Exception loading blockstate definition: 'industrialforegoing:blockstates/essence.json' missing model for variant: 'industrialforegoing:essence#level=11'
[26Sep2026 23:24:20.284] [Worker-Main-15/WARN] [net.minecraft.client.resources.model.BlockStateModelLoader/]: Exception loading blockstate definition: 'industrialforegoing:blockstates/essence.json' missing model for variant: 'industrialforegoing:essence#level=12'
[26Sep2026 23:24:20.284] [Worker-Main-15/WARN] [net.minecraft.client.resources.model.BlockStateModelLoader/]: Exception loading blockstate definition: 'industrialforegoing:blockstates/sludge.json' missing model for variant: 'industrialforegoing:sludge#level=5'
[26Sep2026 23:24:20.284] [Worker-Main-15/WARN] [net.minecraft.client.resources.model.BlockStateModelLoader/]: Exception loading blockstate definition: 'industrialforegoing:blockstates/sludge.json' missing model for variant: 'industrialforegoing:sludge#level=4'
[26Sep2026 23:24:20.285] [Worker-Main-15/WARN] [net.minecraft.client.resources.model.BlockStateModelLoader/]: Exception loading blockstate definition: 'industrialforegoing:blockstates/sludge.json' missing model for variant: 'industrialforegoing:sludge#level=3'
[26Sep2026 23:24:20.285] [Worker-Main-15/WARN] [net.minecraft.client.resources.model.BlockStateModelLoader/]: Exception loading blockstate definition: 'industrialforegoing:blockstates/sludge.json' missing model for variant: 'industrialforegoing:sludge#level=2'
[26Sep2026 23:24:20.285] [Worker-Main-15/WARN] [net.minecraft.client.resources.model.BlockStateModelLoader/]: Exception loading blockstate definition: 'industrialforegoing:blockstates/sludge.json' missing model for variant: 'industrialforegoing:sludge#level=9'
[26Sep2026 23:24:20.285] [Worker-Main-15/WARN] [net.minecraft.client.resources.model.BlockStateModelLoader/]: Exception loading blockstate definition: 'industrialforegoing:blockstates/sludge.json' missing model for variant: 'industrialforegoing:sludge#level=8'
[26Sep2026 23:24:20.285] [Worker-Main-15/WARN] [net.minecraft.client.resources.model.BlockStateModelLoader/]: Exception loading blockstate definition: 'industrialforegoing:blockstates/sludge.json' missing model for variant: 'industrialforegoing:sludge#level=7'
[26Sep2026 23:24:20.285] [Worker-Main-15/WARN] [net.minecraft.client.resources.model.BlockStateModelLoader/]: Exception loading blockstate definition: 'industrialforegoing:blockstates/sludge.json' missing model for variant: 'industrialforegoing:sludge#level=6'
[26Sep2026 23:24:20.285] [Worker-Main-15/WARN] [net.minecraft.client.resources.model.BlockStateModelLoader/]: Exception loading blockstate definition: 'industrialforegoing:blockstates/sludge.json' missing model for variant: 'industrialforegoing:sludge#level=1'
[26Sep2026 23:24:20.285] [Worker-Main-15/WARN] [net.minecraft.client.resources.model.BlockStateModelLoader/]: Exception loading blockstate definition: 'industrialforegoing:blockstates/sludge.json' missing model for variant: 'industrialforegoing:sludge#level=0'
[26Sep2026 23:24:20.285] [Worker-Main-15/WARN] [net.minecraft.client.resources.model.BlockStateModelLoader/]: Exception loading blockstate definition: 'industrialforegoing:blockstates/sludge.json' missing model for variant: 'industrialforegoing:sludge#level=10'
[26Sep2026 23:24:20.285] [Worker-Main-15/WARN] [net.minecraft.client.resources.model.BlockStateModelLoader/]: Exception loading blockstate definition: 'industrialforegoing:blockstates/sludge.json' missing model for variant: 'industrialforegoing:sludge#level=15'
[26Sep2026 23:24:20.285] [Worker-Main-15/WARN] [net.minecraft.client.resources.model.BlockStateModelLoader/]: Exception loading blockstate definition: 'industrialforegoing:blockstates/sludge.json' missing model for variant: 'industrialforegoing:sludge#level=11'
[26Sep2026 23:24:20.285] [Worker-Main-15/WARN] [net.minecraft.client.resources.model.BlockStateModelLoader/]: Exception loading blockstate definition: 'industrialforegoing:blockstates/sludge.json' missing model for variant: 'industrialforegoing:sludge#level=12'
[26Sep2026 23:24:20.285] [Worker-Main-15/WARN] [net.minecraft.client.resources.model.BlockStateModelLoader/]: Exception loading blockstate definition: 'industrialforegoing:blockstates/sludge.json' missing model for variant: 'industrialforegoing:sludge#level=13'
[26Sep2026 23:24:20.285] [Worker-Main-15/WARN] [net.minecraft.client.resources.model.BlockStateModelLoader/]: Exception loading blockstate definition: 'industrialforegoing:blockstates/sludge.json' missing model for variant: 'industrialforegoing:sludge#level=14'
[26Sep2026 23:24:20.285] [Worker-Main-15/WARN] [net.minecraft.client.resources.model.BlockStateModelLoader/]: Exception loading blockstate definition: 'industrialforegoing:blockstates/pink_slime.json' missing model for variant: 'industrialforegoing:pink_slime#level=9'
[26Sep2026 23:24:20.286] [Worker-Main-15/WARN] [net.minecraft.client.resources.model.BlockStateModelLoader/]: Exception loading blockstate definition: 'industrialforegoing:blockstates/pink_slime.json' missing model for variant: 'industrialforegoing:pink_slime#level=8'
[26Sep2026 23:24:20.286] [Worker-Main-15/WARN] [net.minecraft.client.resources.model.BlockStateModelLoader/]: Exception loading blockstate definition: 'industrialforegoing:blockstates/pink_slime.json' missing model for variant: 'industrialforegoing:pink_slime#level=7'
[26Sep2026 23:24:20.286] [Worker-Main-15/WARN] [net.minecraft.client.resources.model.BlockStateModelLoader/]: Exception loading blockstate definition: 'industrialforegoing:blockstates/pink_slime.json' missing model for variant: 'industrialforegoing:pink_slime#level=6'
[26Sep2026 23:24:20.286] [Worker-Main-15/WARN] [net.minecraft.client.resources.model.BlockStateModelLoader/]: Exception loading blockstate definition: 'industrialforegoing:blockstates/pink_slime.json' missing model for variant: 'industrialforegoing:pink_slime#level=5'
[26Sep2026 23:24:20.286] [Worker-Main-15/WARN] [net.minecraft.client.resources.model.BlockStateModelLoader/]: Exception loading blockstate definition: 'industrialforegoing:blockstates/pink_slime.json' missing model for variant: 'industrialforegoing:pink_slime#level=4'
[26Sep2026 23:24:20.286] [Worker-Main-15/WARN] [net.minecraft.client.resources.model.BlockStateModelLoader/]: Exception loading blockstate definition: 'industrialforegoing:blockstates/pink_slime.json' missing model for variant: 'industrialforegoing:pink_slime#level=3'
[26Sep2026 23:24:20.286] [Worker-Main-15/WARN] [net.minecraft.client.resources.model.BlockStateModelLoader/]: Exception loading blockstate definition: 'industrialforegoing:blockstates/pink_slime.json' missing model for variant: 'industrialforegoing:pink_slime#level=10'
[26Sep2026 23:24:20.286] [Worker-Main-15/WARN] [net.minecraft.client.resources.model.BlockStateModelLoader/]: Exception loading blockstate definition: 'industrialforegoing:blockstates/pink_slime.json' missing model for variant: 'industrialforegoing:pink_slime#level=11'
[26Sep2026 23:24:20.286] [Worker-Main-15/WARN] [net.minecraft.client.resources.model.BlockStateModelLoader/]: Exception loading blockstate definition: 'industrialforegoing:blockstates/pink_slime.json' missing model for variant: 'industrialforegoing:pink_slime#level=12'
[26Sep2026 23:24:20.286] [Worker-Main-15/WARN] [net.minecraft.client.resources.model.BlockStateModelLoader/]: Exception loading blockstate definition: 'industrialforegoing:blockstates/pink_slime.json' missing model for variant: 'industrialforegoing:pink_slime#level=13'
[26Sep2026 23:24:20.286] [Worker-Main-15/WARN] [net.minecraft.client.resources.model.BlockStateModelLoader/]: Exception loading blockstate definition: 'industrialforegoing:blockstates/pink_slime.json' missing model for variant: 'industrialforegoing:pink_slime#level=14'
[26Sep2026 23:24:20.286] [Worker-Main-15/WARN] [net.minecraft.client.resources.model.BlockStateModelLoader/]: Exception loading blockstate definition: 'industrialforegoing:blockstates/pink_slime.json' missing model for variant: 'industrialforegoing:pink_slime#level=15'
[26Sep2026 23:24:20.286] [Worker-Main-15/WARN] [net.minecraft.client.resources.model.BlockStateModelLoader/]: Exception loading blockstate definition: 'industrialforegoing:blockstates/pink_slime.json' missing model for variant: 'industrialforegoing:pink_slime#level=2'
[26Sep2026 23:24:20.286] [Worker-Main-15/WARN] [net.minecraft.client.resources.model.BlockStateModelLoader/]: Exception loading blockstate definition: 'industrialforegoing:blockstates/pink_slime.json' missing model for variant: 'industrialforegoing:pink_slime#level=1'
[26Sep2026 23:24:20.286] [Worker-Main-15/WARN] [net.minecraft.client.resources.model.BlockStateModelLoader/]: Exception loading blockstate definition: 'industrialforegoing:blockstates/pink_slime.json' missing model for variant: 'industrialforegoing:pink_slime#level=0'
[26Sep2026 23:24:20.286] [Worker-Main-15/WARN] [net.minecraft.client.resources.model.BlockStateModelLoader/]: Exception loading blockstate definition: 'industrialforegoing:blockstates/biofuel.json' missing model for variant: 'industrialforegoing:biofuel#level=5'
[26Sep2026 23:24:20.286] [Worker-Main-15/WARN] [net.minecraft.client.resources.model.BlockStateModelLoader/]: Exception loading blockstate definition: 'industrialforegoing:blockstates/biofuel.json' missing model for variant: 'industrialforegoing:biofuel#level=4'
[26Sep2026 23:24:20.286] [Worker-Main-15/WARN] [net.minecraft.client.resources.model.BlockStateModelLoader/]: Exception loading blockstate definition: 'industrialforegoing:blockstates/biofuel.json' missing model for variant: 'industrialforegoing:biofuel#level=3'
[26Sep2026 23:24:20.286] [Worker-Main-15/WARN] [net.minecraft.client.resources.model.BlockStateModelLoader/]: Exception loading blockstate definition: 'industrialforegoing:blockstates/biofuel.json' missing model for variant: 'industrialforegoing:biofuel#level=2'
[26Sep2026 23:24:20.286] [Worker-Main-15/WARN] [net.minecraft.client.resources.model.BlockStateModelLoader/]: Exception loading blockstate definition: 'industrialforegoing:blockstates/biofuel.json' missing model for variant: 'industrialforegoing:biofuel#level=9'
[26Sep2026 23:24:20.286] [Worker-Main-15/WARN] [net.minecraft.client.resources.model.BlockStateModelLoader/]: Exception loading blockstate definition: 'industrialforegoing:blockstates/biofuel.json' missing model for variant: 'industrialforegoing:biofuel#level=8'
[26Sep2026 23:24:20.286] [Worker-Main-15/WARN] [net.minecraft.client.resources.model.BlockStateModelLoader/]: Exception loading blockstate definition: 'industrialforegoing:blockstates/biofuel.json' missing model for variant: 'industrialforegoing:biofuel#level=7'
[26Sep2026 23:24:20.286] [Worker-Main-15/WARN] [net.minecraft.client.resources.model.BlockStateModelLoader/]: Exception loading blockstate definition: 'industrialforegoing:blockstates/biofuel.json' missing model for variant: 'industrialforegoing:biofuel#level=6'
[26Sep2026 23:24:20.286] [Worker-Main-15/WARN] [net.minecraft.client.resources.model.BlockStateModelLoader/]: Exception loading blockstate definition: 'industrialforegoing:blockstates/biofuel.json' missing model for variant: 'industrialforegoing:biofuel#level=15'
[26Sep2026 23:24:20.286] [Worker-Main-15/WARN] [net.minecraft.client.resources.model.BlockStateModelLoader/]: Exception loading blockstate definition: 'industrialforegoing:blockstates/biofuel.json' missing model for variant: 'industrialforegoing:biofuel#level=11'
[26Sep2026 23:24:20.287] [Worker-Main-15/WARN] [net.minecraft.client.resources.model.BlockStateModelLoader/]: Exception loading blockstate definition: 'industrialforegoing:blockstates/biofuel.json' missing model for variant: 'industrialforegoing:biofuel#level=12'
[26Sep2026 23:24:20.287] [Worker-Main-15/WARN] [net.minecraft.client.resources.model.BlockStateModelLoader/]: Exception loading blockstate definition: 'industrialforegoing:blockstates/biofuel.json' missing model for variant: 'industrialforegoing:biofuel#level=13'
[26Sep2026 23:24:20.287] [Worker-Main-15/WARN] [net.minecraft.client.resources.model.BlockStateModelLoader/]: Exception loading blockstate definition: 'industrialforegoing:blockstates/biofuel.json' missing model for variant: 'industrialforegoing:biofuel#level=14'
[26Sep2026 23:24:20.287] [Worker-Main-15/WARN] [net.minecraft.client.resources.model.BlockStateModelLoader/]: Exception loading blockstate definition: 'industrialforegoing:blockstates/biofuel.json' missing model for variant: 'industrialforegoing:biofuel#level=10'
[26Sep2026 23:24:20.287] [Worker-Main-15/WARN] [net.minecraft.client.resources.model.BlockStateModelLoader/]: Exception loading blockstate definition: 'industrialforegoing:blockstates/biofuel.json' missing model for variant: 'industrialforegoing:biofuel#level=1'
[26Sep2026 23:24:20.287] [Worker-Main-15/WARN] [net.minecraft.client.resources.model.BlockStateModelLoader/]: Exception loading blockstate definition: 'industrialforegoing:blockstates/biofuel.json' missing model for variant: 'industrialforegoing:biofuel#level=0'
[26Sep2026 23:24:20.287] [Worker-Main-15/WARN] [net.minecraft.client.resources.model.BlockStateModelLoader/]: Exception loading blockstate definition: 'industrialforegoing:blockstates/ether_gas.json' missing model for variant: 'industrialforegoing:ether_gas#level=7'
[26Sep2026 23:24:20.287] [Worker-Main-15/WARN] [net.minecraft.client.resources.model.BlockStateModelLoader/]: Exception loading blockstate definition: 'industrialforegoing:blockstates/ether_gas.json' missing model for variant: 'industrialforegoing:ether_gas#level=6'
[26Sep2026 23:24:20.287] [Worker-Main-15/WARN] [net.minecraft.client.resources.model.BlockStateModelLoader/]: Exception loading blockstate definition: 'industrialforegoing:blockstates/ether_gas.json' missing model for variant: 'industrialforegoing:ether_gas#level=5'
[26Sep2026 23:24:20.287] [Worker-Main-15/WARN] [net.minecraft.client.resources.model.BlockStateModelLoader/]: Exception loading blockstate definition: 'industrialforegoing:blockstates/ether_gas.json' missing model for variant: 'industrialforegoing:ether_gas#level=4'
[26Sep2026 23:24:20.287] [Worker-Main-15/WARN] [net.minecraft.client.resources.model.BlockStateModelLoader/]: Exception loading blockstate definition: 'industrialforegoing:blockstates/ether_gas.json' missing model for variant: 'industrialforegoing:ether_gas#level=9'
[26Sep2026 23:24:20.287] [Worker-Main-15/WARN] [net.minecraft.client.resources.model.BlockStateModelLoader/]: Exception loading blockstate definition: 'industrialforegoing:blockstates/ether_gas.json' missing model for variant: 'industrialforegoing:ether_gas#level=8'
[26Sep2026 23:24:20.287] [Worker-Main-15/WARN] [net.minecraft.client.resources.model.BlockStateModelLoader/]: Exception loading blockstate definition: 'industrialforegoing:blockstates/ether_gas.json' missing model for variant: 'industrialforegoing:ether_gas#level=15'
[26Sep2026 23:24:20.287] [Worker-Main-15/WARN] [net.minecraft.client.resources.model.BlockStateModelLoader/]: Exception loading blockstate definition: 'industrialforegoing:blockstates/ether_gas.json' missing model for variant: 'industrialforegoing:ether_gas#level=14'
[26Sep2026 23:24:20.287] [Worker-Main-15/WARN] [net.minecraft.client.resources.model.BlockStateModelLoader/]: Exception loading blockstate definition: 'industrialforegoing:blockstates/ether_gas.json' missing model for variant: 'industrialforegoing:ether_gas#level=13'
[26Sep2026 23:24:20.287] [Worker-Main-15/WARN] [net.minecraft.client.resources.model.BlockStateModelLoader/]: Exception loading blockstate definition: 'industrialforegoing:blockstates/ether_gas.json' missing model for variant: 'industrialforegoing:ether_gas#level=12'
[26Sep2026 23:24:20.287] [Worker-Main-15/WARN] [net.minecraft.client.resources.model.BlockStateModelLoader/]: Exception loading blockstate definition: 'industrialforegoing:blockstates/ether_gas.json' missing model for variant: 'industrialforegoing:ether_gas#level=11'
[26Sep2026 23:24:20.287] [Worker-Main-15/WARN] [net.minecraft.client.resources.model.BlockStateModelLoader/]: Exception loading blockstate definition: 'industrialforegoing:blockstates/ether_gas.json' missing model for variant: 'industrialforegoing:ether_gas#level=10'
[26Sep2026 23:24:20.288] [Worker-Main-15/WARN] [net.minecraft.client.resources.model.BlockStateModelLoader/]: Exception loading blockstate definition: 'industrialforegoing:blockstates/ether_gas.json' missing model for variant: 'industrialforegoing:ether_gas#level=3'
[26Sep2026 23:24:20.288] [Worker-Main-15/WARN] [net.minecraft.client.resources.model.BlockStateModelLoader/]: Exception loading blockstate definition: 'industrialforegoing:blockstates/ether_gas.json' missing model for variant: 'industrialforegoing:ether_gas#level=2'
[26Sep2026 23:24:20.288] [Worker-Main-15/WARN] [net.minecraft.client.resources.model.BlockStateModelLoader/]: Exception loading blockstate definition: 'industrialforegoing:blockstates/ether_gas.json' missing model for variant: 'industrialforegoing:ether_gas#level=1'
[26Sep2026 23:24:20.288] [Worker-Main-15/WARN] [net.minecraft.client.resources.model.BlockStateModelLoader/]: Exception loading blockstate definition: 'industrialforegoing:blockstates/ether_gas.json' missing model for variant: 'industrialforegoing:ether_gas#level=0'
[26Sep2026 23:24:20.288] [Worker-Main-15/WARN] [net.minecraft.client.resources.model.BlockStateModelLoader/]: Exception loading blockstate definition: 'industrialforegoing:blockstates/raw_ore_meat.json' missing model for variant: 'industrialforegoing:raw_ore_meat#level=10'
[26Sep2026 23:24:20.288] [Worker-Main-15/WARN] [net.minecraft.client.resources.model.BlockStateModelLoader/]: Exception loading blockstate definition: 'industrialforegoing:blockstates/raw_ore_meat.json' missing model for variant: 'industrialforegoing:raw_ore_meat#level=11'
[26Sep2026 23:24:20.288] [Worker-Main-15/WARN] [net.minecraft.client.resources.model.BlockStateModelLoader/]: Exception loading blockstate definition: 'industrialforegoing:blockstates/raw_ore_meat.json' missing model for variant: 'industrialforegoing:raw_ore_meat#level=9'
[26Sep2026 23:24:20.288] [Worker-Main-15/WARN] [net.minecraft.client.resources.model.BlockStateModelLoader/]: Exception loading blockstate definition: 'industrialforegoing:blockstates/raw_ore_meat.json' missing model for variant: 'industrialforegoing:raw_ore_meat#level=8'
[26Sep2026 23:24:20.288] [Worker-Main-15/WARN] [net.minecraft.client.resources.model.BlockStateModelLoader/]: Exception loading blockstate definition: 'industrialforegoing:blockstates/raw_ore_meat.json' missing model for variant: 'industrialforegoing:raw_ore_meat#level=7'
[26Sep2026 23:24:20.288] [Worker-Main-15/WARN] [net.minecraft.client.resources.model.BlockStateModelLoader/]: Exception loading blockstate definition: 'industrialforegoing:blockstates/raw_ore_meat.json' missing model for variant: 'industrialforegoing:raw_ore_meat#level=6'
[26Sep2026 23:24:20.288] [Worker-Main-15/WARN] [net.minecraft.client.resources.model.BlockStateModelLoader/]: Exception loading blockstate definition: 'industrialforegoing:blockstates/raw_ore_meat.json' missing model for variant: 'industrialforegoing:raw_ore_meat#level=5'
[26Sep2026 23:24:20.288] [Worker-Main-15/WARN] [net.minecraft.client.resources.model.BlockStateModelLoader/]: Exception loading blockstate definition: 'industrialforegoing:blockstates/raw_ore_meat.json' missing model for variant: 'industrialforegoing:raw_ore_meat#level=4'
[26Sep2026 23:24:20.288] [Worker-Main-15/WARN] [net.minecraft.client.resources.model.BlockStateModelLoader/]: Exception loading blockstate definition: 'industrialforegoing:blockstates/raw_ore_meat.json' missing model for variant: 'industrialforegoing:raw_ore_meat#level=3'
[26Sep2026 23:24:20.288] [Worker-Main-15/WARN] [net.minecraft.client.resources.model.BlockStateModelLoader/]: Exception loading blockstate definition: 'industrialforegoing:blockstates/raw_ore_meat.json' missing model for variant: 'industrialforegoing:raw_ore_meat#level=2'
[26Sep2026 23:24:20.288] [Worker-Main-15/WARN] [net.minecraft.client.resources.model.BlockStateModelLoader/]: Exception loading blockstate definition: 'industrialforegoing:blockstates/raw_ore_meat.json' missing model for variant: 'industrialforegoing:raw_ore_meat#level=1'
[26Sep2026 23:24:20.288] [Worker-Main-15/WARN] [net.minecraft.client.resources.model.BlockStateModelLoader/]: Exception loading blockstate definition: 'industrialforegoing:blockstates/raw_ore_meat.json' missing model for variant: 'industrialforegoing:raw_ore_meat#level=0'
[26Sep2026 23:24:20.288] [Worker-Main-15/WARN] [net.minecraft.client.resources.model.BlockStateModelLoader/]: Exception loading blockstate definition: 'industrialforegoing:blockstates/raw_ore_meat.json' missing model for variant: 'industrialforegoing:raw_ore_meat#level=12'
[26Sep2026 23:24:20.288] [Worker-Main-15/WARN] [net.minecraft.client.resources.model.BlockStateModelLoader/]: Exception loading blockstate definition: 'industrialforegoing:blockstates/raw_ore_meat.json' missing model for variant: 'industrialforegoing:raw_ore_meat#level=13'
[26Sep2026 23:24:20.288] [Worker-Main-15/WARN] [net.minecraft.client.resources.model.BlockStateModelLoader/]: Exception loading blockstate definition: 'industrialforegoing:blockstates/raw_ore_meat.json' missing model for variant: 'industrialforegoing:raw_ore_meat#level=14'
[26Sep2026 23:24:20.289] [Worker-Main-15/WARN] [net.minecraft.client.resources.model.BlockStateModelLoader/]: Exception loading blockstate definition: 'industrialforegoing:blockstates/raw_ore_meat.json' missing model for variant: 'industrialforegoing:raw_ore_meat#level=15'
[26Sep2026 23:24:20.289] [Worker-Main-15/WARN] [net.minecraft.client.resources.model.BlockStateModelLoader/]: Exception loading blockstate definition: 'industrialforegoing:blockstates/fermented_ore_meat.json' missing model for variant: 'industrialforegoing:fermented_ore_meat#level=14'
[26Sep2026 23:24:20.289] [Worker-Main-15/WARN] [net.minecraft.client.resources.model.BlockStateModelLoader/]: Exception loading blockstate definition: 'industrialforegoing:blockstates/fermented_ore_meat.json' missing model for variant: 'industrialforegoing:fermented_ore_meat#level=15'
[26Sep2026 23:24:20.289] [Worker-Main-15/WARN] [net.minecraft.client.resources.model.BlockStateModelLoader/]: Exception loading blockstate definition: 'industrialforegoing:blockstates/fermented_ore_meat.json' missing model for variant: 'industrialforegoing:fermented_ore_meat#level=12'
[26Sep2026 23:24:20.289] [Worker-Main-15/WARN] [net.minecraft.client.resources.model.BlockStateModelLoader/]: Exception loading blockstate definition: 'industrialforegoing:blockstates/fermented_ore_meat.json' missing model for variant: 'industrialforegoing:fermented_ore_meat#level=13'
[26Sep2026 23:24:20.289] [Worker-Main-15/WARN] [net.minecraft.client.resources.model.BlockStateModelLoader/]: Exception loading blockstate definition: 'industrialforegoing:blockstates/fermented_ore_meat.json' missing model for variant: 'industrialforegoing:fermented_ore_meat#level=1'
[26Sep2026 23:24:20.289] [Worker-Main-15/WARN] [net.minecraft.client.resources.model.BlockStateModelLoader/]: Exception loading blockstate definition: 'industrialforegoing:blockstates/fermented_ore_meat.json' missing model for variant: 'industrialforegoing:fermented_ore_meat#level=2'
[26Sep2026 23:24:20.289] [Worker-Main-15/WARN] [net.minecraft.client.resources.model.BlockStateModelLoader/]: Exception loading blockstate definition: 'industrialforegoing:blockstates/fermented_ore_meat.json' missing model for variant: 'industrialforegoing:fermented_ore_meat#level=0'
[26Sep2026 23:24:20.289] [Worker-Main-15/WARN] [net.minecraft.client.resources.model.BlockStateModelLoader/]: Exception loading blockstate definition: 'industrialforegoing:blockstates/fermented_ore_meat.json' missing model for variant: 'industrialforegoing:fermented_ore_meat#level=5'
[26Sep2026 23:24:20.289] [Worker-Main-15/WARN] [net.minecraft.client.resources.model.BlockStateModelLoader/]: Exception loading blockstate definition: 'industrialforegoing:blockstates/fermented_ore_meat.json' missing model for variant: 'industrialforegoing:fermented_ore_meat#level=6'
[26Sep2026 23:24:20.289] [Worker-Main-15/WARN] [net.minecraft.client.resources.model.BlockStateModelLoader/]: Exception loading blockstate definition: 'industrialforegoing:blockstates/fermented_ore_meat.json' missing model for variant: 'industrialforegoing:fermented_ore_meat#level=3'
[26Sep2026 23:24:20.289] [Worker-Main-15/WARN] [net.minecraft.client.resources.model.BlockStateModelLoader/]: Exception loading blockstate definition: 'industrialforegoing:blockstates/fermented_ore_meat.json' missing model for variant: 'industrialforegoing:fermented_ore_meat#level=4'
[26Sep2026 23:24:20.289] [Worker-Main-15/WARN] [net.minecraft.client.resources.model.BlockStateModelLoader/]: Exception loading blockstate definition: 'industrialforegoing:blockstates/fermented_ore_meat.json' missing model for variant: 'industrialforegoing:fermented_ore_meat#level=9'
[26Sep2026 23:24:20.289] [Worker-Main-15/WARN] [net.minecraft.client.resources.model.BlockStateModelLoader/]: Exception loading blockstate definition: 'industrialforegoing:blockstates/fermented_ore_meat.json' missing model for variant: 'industrialforegoing:fermented_ore_meat#level=10'
[26Sep2026 23:24:20.289] [Worker-Main-15/WARN] [net.minecraft.client.resources.model.BlockStateModelLoader/]: Exception loading blockstate definition: 'industrialforegoing:blockstates/fermented_ore_meat.json' missing model for variant: 'industrialforegoing:fermented_ore_meat#level=11'
[26Sep2026 23:24:20.289] [Worker-Main-15/WARN] [net.minecraft.client.resources.model.BlockStateModelLoader/]: Exception loading blockstate definition: 'industrialforegoing:blockstates/fermented_ore_meat.json' missing model for variant: 'industrialforegoing:fermented_ore_meat#level=7'
[26Sep2026 23:24:20.289] [Worker-Main-15/WARN] [net.minecraft.client.resources.model.BlockStateModelLoader/]: Exception loading blockstate definition: 'industrialforegoing:blockstates/fermented_ore_meat.json' missing model for variant: 'industrialforegoing:fermented_ore_meat#level=8'
[26Sep2026 23:24:20.292] [Worker-Main-15/WARN] [net.minecraft.client.resources.model.BlockStateModelLoader/]: Exception loading blockstate definition: 'industrial_forogoing_souls_addon:blockstates/example_block.json' missing model for variant: 'industrial_forogoing_souls_addon:example_block#'
[26Sep2026 23:24:20.292] [Worker-Main-15/WARN] [net.minecraft.client.resources.model.BlockStateModelLoader/]: Exception loading blockstate definition: 'industrial_forogoing_souls_addon:blockstates/soul_infuser.json' missing model for variant: 'industrial_forogoing_souls_addon:soul_infuser#'
[26Sep2026 23:24:20.292] [Worker-Main-15/WARN] [net.minecraft.client.resources.model.BlockStateModelLoader/]: Exception loading blockstate definition: 'titanium:blockstates/block_test.json' missing model for variant: 'titanium:block_test#subfacing=west'
[26Sep2026 23:24:20.293] [Worker-Main-15/WARN] [net.minecraft.client.resources.model.BlockStateModelLoader/]: Exception loading blockstate definition: 'titanium:blockstates/block_test.json' missing model for variant: 'titanium:block_test#subfacing=east'
[26Sep2026 23:24:20.293] [Worker-Main-15/WARN] [net.minecraft.client.resources.model.BlockStateModelLoader/]: Exception loading blockstate definition: 'titanium:blockstates/block_test.json' missing model for variant: 'titanium:block_test#subfacing=north'
[26Sep2026 23:24:20.293] [Worker-Main-15/WARN] [net.minecraft.client.resources.model.BlockStateModelLoader/]: Exception loading blockstate definition: 'titanium:blockstates/block_test.json' missing model for variant: 'titanium:block_test#subfacing=south'
[26Sep2026 23:24:20.293] [Worker-Main-15/WARN] [net.minecraft.client.resources.model.BlockStateModelLoader/]: Exception loading blockstate definition: 'titanium:blockstates/block_twenty_four_test.json' missing model for variant: 'titanium:block_twenty_four_test#facing=down,subfacing=west'
[26Sep2026 23:24:20.293] [Worker-Main-15/WARN] [net.minecraft.client.resources.model.BlockStateModelLoader/]: Exception loading blockstate definition: 'titanium:blockstates/block_twenty_four_test.json' missing model for variant: 'titanium:block_twenty_four_test#facing=east,subfacing=south'
[26Sep2026 23:24:20.293] [Worker-Main-15/WARN] [net.minecraft.client.resources.model.BlockStateModelLoader/]: Exception loading blockstate definition: 'titanium:blockstates/block_twenty_four_test.json' missing model for variant: 'titanium:block_twenty_four_test#facing=up,subfacing=south'
[26Sep2026 23:24:20.293] [Worker-Main-15/WARN] [net.minecraft.client.resources.model.BlockStateModelLoader/]: Exception loading blockstate definition: 'titanium:blockstates/block_twenty_four_test.json' missing model for variant: 'titanium:block_twenty_four_test#facing=south,subfacing=north'
[26Sep2026 23:24:20.293] [Worker-Main-15/WARN] [net.minecraft.client.resources.model.BlockStateModelLoader/]: Exception loading blockstate definition: 'titanium:blockstates/block_twenty_four_test.json' missing model for variant: 'titanium:block_twenty_four_test#facing=up,subfacing=north'
[26Sep2026 23:24:20.293] [Worker-Main-15/WARN] [net.minecraft.client.resources.model.BlockStateModelLoader/]: Exception loading blockstate definition: 'titanium:blockstates/block_twenty_four_test.json' missing model for variant: 'titanium:block_twenty_four_test#facing=east,subfacing=north'
[26Sep2026 23:24:20.293] [Worker-Main-15/WARN] [net.minecraft.client.resources.model.BlockStateModelLoader/]: Exception loading blockstate definition: 'titanium:blockstates/block_twenty_four_test.json' missing model for variant: 'titanium:block_twenty_four_test#facing=south,subfacing=south'
[26Sep2026 23:24:20.293] [Worker-Main-15/WARN] [net.minecraft.client.resources.model.BlockStateModelLoader/]: Exception loading blockstate definition: 'titanium:blockstates/block_twenty_four_test.json' missing model for variant: 'titanium:block_twenty_four_test#facing=west,subfacing=south'
[26Sep2026 23:24:20.293] [Worker-Main-15/WARN] [net.minecraft.client.resources.model.BlockStateModelLoader/]: Exception loading blockstate definition: 'titanium:blockstates/block_twenty_four_test.json' missing model for variant: 'titanium:block_twenty_four_test#facing=west,subfacing=north'
[26Sep2026 23:24:20.293] [Worker-Main-15/WARN] [net.minecraft.client.resources.model.BlockStateModelLoader/]: Exception loading blockstate definition: 'titanium:blockstates/block_twenty_four_test.json' missing model for variant: 'titanium:block_twenty_four_test#facing=west,subfacing=west'
[26Sep2026 23:24:20.293] [Worker-Main-15/WARN] [net.minecraft.client.resources.model.BlockStateModelLoader/]: Exception loading blockstate definition: 'titanium:blockstates/block_twenty_four_test.json' missing model for variant: 'titanium:block_twenty_four_test#facing=down,subfacing=south'
[26Sep2026 23:24:20.293] [Worker-Main-15/WARN] [net.minecraft.client.resources.model.BlockStateModelLoader/]: Exception loading blockstate definition: 'titanium:blockstates/block_twenty_four_test.json' missing model for variant: 'titanium:block_twenty_four_test#facing=north,subfacing=south'
[26Sep2026 23:24:20.293] [Worker-Main-15/WARN] [net.minecraft.client.resources.model.BlockStateModelLoader/]: Exception loading blockstate definition: 'titanium:blockstates/block_twenty_four_test.json' missing model for variant: 'titanium:block_twenty_four_test#facing=north,subfacing=west'
[26Sep2026 23:24:20.293] [Worker-Main-15/WARN] [net.minecraft.client.resources.model.BlockStateModelLoader/]: Exception loading blockstate definition: 'titanium:blockstates/block_twenty_four_test.json' missing model for variant: 'titanium:block_twenty_four_test#facing=west,subfacing=east'
[26Sep2026 23:24:20.293] [Worker-Main-15/WARN] [net.minecraft.client.resources.model.BlockStateModelLoader/]: Exception loading blockstate definition: 'titanium:blockstates/block_twenty_four_test.json' missing model for variant: 'titanium:block_twenty_four_test#facing=north,subfacing=east'
[26Sep2026 23:24:20.293] [Worker-Main-15/WARN] [net.minecraft.client.resources.model.BlockStateModelLoader/]: Exception loading blockstate definition: 'titanium:blockstates/block_twenty_four_test.json' missing model for variant: 'titanium:block_twenty_four_test#facing=north,subfacing=north'
[26Sep2026 23:24:20.293] [Worker-Main-15/WARN] [net.minecraft.client.resources.model.BlockStateModelLoader/]: Exception loading blockstate definition: 'titanium:blockstates/block_twenty_four_test.json' missing model for variant: 'titanium:block_twenty_four_test#facing=south,subfacing=east'
[26Sep2026 23:24:20.293] [Worker-Main-15/WARN] [net.minecraft.client.resources.model.BlockStateModelLoader/]: Exception loading blockstate definition: 'titanium:blockstates/block_twenty_four_test.json' missing model for variant: 'titanium:block_twenty_four_test#facing=up,subfacing=west'
[26Sep2026 23:24:20.293] [Worker-Main-15/WARN] [net.minecraft.client.resources.model.BlockStateModelLoader/]: Exception loading blockstate definition: 'titanium:blockstates/block_twenty_four_test.json' missing model for variant: 'titanium:block_twenty_four_test#facing=east,subfacing=west'
[26Sep2026 23:24:20.293] [Worker-Main-15/WARN] [net.minecraft.client.resources.model.BlockStateModelLoader/]: Exception loading blockstate definition: 'titanium:blockstates/block_twenty_four_test.json' missing model for variant: 'titanium:block_twenty_four_test#facing=east,subfacing=east'
[26Sep2026 23:24:20.293] [Worker-Main-15/WARN] [net.minecraft.client.resources.model.BlockStateModelLoader/]: Exception loading blockstate definition: 'titanium:blockstates/block_twenty_four_test.json' missing model for variant: 'titanium:block_twenty_four_test#facing=down,subfacing=north'
[26Sep2026 23:24:20.295] [Worker-Main-15/WARN] [net.minecraft.client.resources.model.BlockStateModelLoader/]: Exception loading blockstate definition: 'titanium:blockstates/block_twenty_four_test.json' missing model for variant: 'titanium:block_twenty_four_test#facing=down,subfacing=east'
[26Sep2026 23:24:20.295] [Worker-Main-15/WARN] [net.minecraft.client.resources.model.BlockStateModelLoader/]: Exception loading blockstate definition: 'titanium:blockstates/block_twenty_four_test.json' missing model for variant: 'titanium:block_twenty_four_test#facing=up,subfacing=east'
[26Sep2026 23:24:20.295] [Worker-Main-15/WARN] [net.minecraft.client.resources.model.BlockStateModelLoader/]: Exception loading blockstate definition: 'titanium:blockstates/block_twenty_four_test.json' missing model for variant: 'titanium:block_twenty_four_test#facing=south,subfacing=west'
[26Sep2026 23:24:20.295] [Worker-Main-15/WARN] [net.minecraft.client.resources.model.BlockStateModelLoader/]: Exception loading blockstate definition: 'titanium:blockstates/block_asset_test.json' missing model for variant: 'titanium:block_asset_test#subfacing=north'
[26Sep2026 23:24:20.295] [Worker-Main-15/WARN] [net.minecraft.client.resources.model.BlockStateModelLoader/]: Exception loading blockstate definition: 'titanium:blockstates/block_asset_test.json' missing model for variant: 'titanium:block_asset_test#subfacing=west'
[26Sep2026 23:24:20.295] [Worker-Main-15/WARN] [net.minecraft.client.resources.model.BlockStateModelLoader/]: Exception loading blockstate definition: 'titanium:blockstates/block_asset_test.json' missing model for variant: 'titanium:block_asset_test#subfacing=east'
[26Sep2026 23:24:20.295] [Worker-Main-15/WARN] [net.minecraft.client.resources.model.BlockStateModelLoader/]: Exception loading blockstate definition: 'titanium:blockstates/block_asset_test.json' missing model for variant: 'titanium:block_asset_test#subfacing=south'
[26Sep2026 23:24:20.295] [Worker-Main-15/WARN] [net.minecraft.client.resources.model.BlockStateModelLoader/]: Exception loading blockstate definition: 'titanium:blockstates/machine_test.json' missing model for variant: 'titanium:machine_test#'
[26Sep2026 23:24:20.295] [Worker-Main-15/WARN] [net.minecraft.client.resources.model.BlockStateModelLoader/]: Exception loading blockstate definition: 'titanium:blockstates/creative_generator.json' missing model for variant: 'titanium:creative_generator#'
[26Sep2026 23:24:20.341] [Worker-Main-15/WARN] [net.minecraft.client.resources.model.ModelBakery/]: Unable to load model: 'enderio:block/block_detector' referenced from: enderio:block/block_detector: java.io.FileNotFoundException: enderio:models/block/block_detector.json
[26Sep2026 23:24:20.349] [Worker-Main-15/WARN] [net.minecraft.client.resources.model.ModelBakery/]: Unable to load model: 'industrial_forogoing_souls_addon:item/soul_infuser' referenced from: industrial_forogoing_souls_addon:item/soul_infuser: java.io.FileNotFoundException: industrial_forogoing_souls_addon:models/item/soul_infuser.json
[26Sep2026 23:24:20.352] [Worker-Main-15/WARN] [net.minecraft.client.resources.model.ModelBakery/]: Unable to load model: 'industrial_forogoing_souls_addon:item/injectro_souls_item' referenced from: industrial_forogoing_souls_addon:item/injectro_souls_item: java.io.FileNotFoundException: industrial_forogoing_souls_addon:models/item/injectro_souls_item.json
[26Sep2026 23:24:20.354] [Worker-Main-15/WARN] [net.minecraft.client.resources.model.ModelBakery/]: Unable to load model: 'industrial_forogoing_souls_addon:item/example_block' referenced from: industrial_forogoing_souls_addon:item/example_block: java.io.FileNotFoundException: industrial_forogoing_souls_addon:models/item/example_block.json
[26Sep2026 23:24:20.354] [Worker-Main-15/WARN] [net.minecraft.client.resources.model.ModelBakery/]: Unable to load model: 'titanium:item/creative_generator' referenced from: titanium:item/creative_generator: java.io.FileNotFoundException: titanium:models/item/creative_generator.json
[26Sep2026 23:24:20.355] [Worker-Main-15/WARN] [net.minecraft.client.resources.model.ModelBakery/]: Unable to load model: 'titanium:item/block_test' referenced from: titanium:item/block_test: java.io.FileNotFoundException: titanium:models/item/block_test.json
[26Sep2026 23:24:20.358] [Worker-Main-15/WARN] [net.minecraft.client.resources.model.ModelBakery/]: Unable to load model: 'titanium:item/block_asset_test' referenced from: titanium:item/block_asset_test: java.io.FileNotFoundException: titanium:models/item/block_asset_test.json
[26Sep2026 23:24:20.359] [Worker-Main-15/WARN] [net.minecraft.client.resources.model.ModelBakery/]: Unable to load model: 'titanium:item/machine_test' referenced from: titanium:item/machine_test: java.io.FileNotFoundException: titanium:models/item/machine_test.json
[26Sep2026 23:24:20.359] [Worker-Main-15/WARN] [net.minecraft.client.resources.model.ModelBakery/]: Unable to load model: 'industrial_forogoing_souls_addon:item/example_item' referenced from: industrial_forogoing_souls_addon:item/example_item: java.io.FileNotFoundException: industrial_forogoing_souls_addon:models/item/example_item.json
[26Sep2026 23:24:20.360] [Worker-Main-15/WARN] [net.minecraft.client.resources.model.ModelBakery/]: Unable to load model: 'titanium:item/block_twenty_four_test' referenced from: titanium:item/block_twenty_four_test: java.io.FileNotFoundException: titanium:models/item/block_twenty_four_test.json
[26Sep2026 23:24:21.481] [Worker-Main-15/INFO] [snownee.jade.Jade/]: Start loading plugin from snownee.jade.addon.vanilla.VanillaPlugin
[26Sep2026 23:24:21.518] [Worker-Main-15/INFO] [snownee.jade.Jade/]: Bootstrapped plugin from snownee.jade.addon.vanilla.VanillaPlugin in 35.13 ms
[26Sep2026 23:24:21.524] [Worker-Main-15/INFO] [snownee.jade.Jade/]: Loaded plugin from snownee.jade.addon.vanilla.VanillaPlugin in 41.01 ms
[26Sep2026 23:24:21.525] [Worker-Main-15/INFO] [snownee.jade.Jade/]: Start loading plugin from snownee.jade.addon.universal.UniversalPlugin
[26Sep2026 23:24:21.532] [Worker-Main-15/INFO] [snownee.jade.Jade/]: Bootstrapped plugin from snownee.jade.addon.universal.UniversalPlugin in 5.896 ms
[26Sep2026 23:24:21.533] [Worker-Main-15/INFO] [snownee.jade.Jade/]: Loaded plugin from snownee.jade.addon.universal.UniversalPlugin in 6.433 ms
[26Sep2026 23:24:21.533] [Worker-Main-15/INFO] [snownee.jade.Jade/]: Start loading plugin from snownee.jade.addon.debug.DebugPlugin
[26Sep2026 23:24:21.536] [Worker-Main-15/INFO] [snownee.jade.Jade/]: Bootstrapped plugin from snownee.jade.addon.debug.DebugPlugin in 2.104 ms
[26Sep2026 23:24:21.536] [Worker-Main-15/INFO] [snownee.jade.Jade/]: Loaded plugin from snownee.jade.addon.debug.DebugPlugin in 2.576 ms
[26Sep2026 23:24:21.536] [Worker-Main-15/INFO] [snownee.jade.Jade/]: Start loading plugin from snownee.jade.addon.core.CorePlugin
[26Sep2026 23:24:21.541] [Worker-Main-15/INFO] [snownee.jade.Jade/]: Bootstrapped plugin from snownee.jade.addon.core.CorePlugin in 4.238 ms
[26Sep2026 23:24:21.542] [Worker-Main-15/INFO] [snownee.jade.Jade/]: Loaded plugin from snownee.jade.addon.core.CorePlugin in 4.679 ms
[26Sep2026 23:24:21.542] [Worker-Main-15/INFO] [snownee.jade.Jade/]: Start loading plugin from mekanism.common.integration.lookingat.jade.MekanismJadePlugin
[26Sep2026 23:24:21.550] [Worker-Main-15/INFO] [snownee.jade.Jade/]: Bootstrapped plugin from mekanism.common.integration.lookingat.jade.MekanismJadePlugin in 7.917 ms
[26Sep2026 23:24:21.550] [Worker-Main-15/INFO] [snownee.jade.Jade/]: Loaded plugin from mekanism.common.integration.lookingat.jade.MekanismJadePlugin in 8.297 ms
[26Sep2026 23:24:21.550] [Worker-Main-15/INFO] [snownee.jade.Jade/]: Start loading plugin from com.enderio.enderio.compat.jade.EIOJadePlugin
[26Sep2026 23:24:21.552] [Worker-Main-15/INFO] [snownee.jade.Jade/]: Bootstrapped plugin from com.enderio.enderio.compat.jade.EIOJadePlugin in 604.2 μs
[26Sep2026 23:24:21.552] [Worker-Main-15/INFO] [snownee.jade.Jade/]: Loaded plugin from com.enderio.enderio.compat.jade.EIOJadePlugin in 1.237 ms
[26Sep2026 23:24:21.842] [Render thread/WARN] [net.minecraft.client.sounds.SoundEngine/]: Missing sound for event: minecraft:item.goat_horn.play
[26Sep2026 23:24:21.843] [Render thread/WARN] [net.minecraft.client.sounds.SoundEngine/]: Missing sound for event: minecraft:entity.goat.screaming.horn_break
[26Sep2026 23:24:21.891] [Render thread/INFO] [com.mojang.blaze3d.audio.Library/]: OpenAL initialized on device OpenAL Soft on Наушники (THS326)
[26Sep2026 23:24:21.892] [Render thread/INFO] [net.minecraft.client.sounds.SoundEngine/SOUNDS]: Sound engine started
[26Sep2026 23:24:21.994] [Render thread/INFO] [net.minecraft.client.renderer.texture.TextureAtlas/]: Created: 2048x1024x4 minecraft:textures/atlas/blocks.png-atlas
[26Sep2026 23:24:22.020] [Render thread/INFO] [net.minecraft.client.renderer.texture.TextureAtlas/]: Created: 256x256x4 minecraft:textures/atlas/signs.png-atlas
[26Sep2026 23:24:22.020] [Render thread/INFO] [net.minecraft.client.renderer.texture.TextureAtlas/]: Created: 512x512x4 minecraft:textures/atlas/shield_patterns.png-atlas
[26Sep2026 23:24:22.020] [Render thread/INFO] [net.minecraft.client.renderer.texture.TextureAtlas/]: Created: 512x512x4 minecraft:textures/atlas/banner_patterns.png-atlas
[26Sep2026 23:24:22.021] [Render thread/INFO] [net.minecraft.client.renderer.texture.TextureAtlas/]: Created: 1024x1024x4 minecraft:textures/atlas/armor_trims.png-atlas
[26Sep2026 23:24:22.022] [Render thread/INFO] [net.minecraft.client.renderer.texture.TextureAtlas/]: Created: 256x256x4 minecraft:textures/atlas/chest.png-atlas
[26Sep2026 23:24:22.023] [Render thread/INFO] [net.minecraft.client.renderer.texture.TextureAtlas/]: Created: 128x64x4 minecraft:textures/atlas/decorated_pot.png-atlas
[26Sep2026 23:24:22.023] [Render thread/INFO] [net.minecraft.client.renderer.texture.TextureAtlas/]: Created: 512x256x4 minecraft:textures/atlas/beds.png-atlas
[26Sep2026 23:24:22.023] [Render thread/INFO] [net.minecraft.client.renderer.texture.TextureAtlas/]: Created: 512x256x4 minecraft:textures/atlas/shulker_boxes.png-atlas
[26Sep2026 23:24:22.164] [Render thread/INFO] [net.minecraft.client.renderer.texture.TextureAtlas/]: Created: 512x256x0 minecraft:textures/atlas/particles.png-atlas
[26Sep2026 23:24:22.167] [Render thread/INFO] [net.minecraft.client.renderer.texture.TextureAtlas/]: Created: 512x256x0 minecraft:textures/atlas/paintings.png-atlas
[26Sep2026 23:24:22.167] [Render thread/INFO] [net.minecraft.client.renderer.texture.TextureAtlas/]: Created: 256x128x0 minecraft:textures/atlas/mob_effects.png-atlas
[26Sep2026 23:24:22.167] [Render thread/INFO] [net.minecraft.client.renderer.texture.TextureAtlas/]: Created: 64x64x0 minecraft:textures/atlas/map_decorations.png-atlas
[26Sep2026 23:24:22.167] [Render thread/INFO] [net.minecraft.client.renderer.texture.TextureAtlas/]: Created: 1024x1024x0 minecraft:textures/atlas/gui.png-atlas
[26Sep2026 23:24:22.205] [Render thread/WARN] [net.minecraft.client.renderer.ShaderInstance/]: Shader rendertype_entity_translucent_emissive could not find sampler named Sampler2 in the specified shader program.
[26Sep2026 23:24:22.291] [Render thread/INFO] [net.minecraft.client.renderer.texture.TextureAtlas/]: Created: 256x256x0 jei:textures/atlas/gui.png-atlas
[26Sep2026 23:24:22.291] [Render thread/INFO] [net.minecraft.client.renderer.texture.TextureAtlas/]: Created: 512x256x0 mekanism:textures/atlas/robit.png-atlas
[26Sep2026 23:24:22.295] [Render thread/INFO] [patchouli/]: BookContentResourceListenerLoader preloaded 161 jsons
[26Sep2026 23:24:22.296] [Render thread/INFO] [net.neoforged.neoforge.client.entity.animation.json.AnimationLoader/]: Loaded 0 entity animations
[26Sep2026 23:24:28.986] [Render thread/INFO] [net.minecraft.world.item.crafting.RecipeManager/]: Loaded 4434 recipes
[26Sep2026 23:24:29.196] [Render thread/INFO] [net.minecraft.advancements.AdvancementTree/]: Loaded 2667 advancements
[26Sep2026 23:24:29.208] [Render thread/INFO] [Curios API/]: Loaded 10 curio slots
[26Sep2026 23:24:29.210] [Render thread/ERROR] [Curios API/]: example is not a registered slot type!
[26Sep2026 23:24:29.210] [Render thread/ERROR] [Curios API/]: feet is not a registered slot type!
[26Sep2026 23:24:29.211] [Render thread/INFO] [Curios API/]: Loaded 2 curio entities
[26Sep2026 23:24:29.213] [Render thread/INFO] [com.enderio.enderio.foundation.souldata.SoulDataReloadListener/]: Data loader for eio_soul/engine loaded 6 jsons
[26Sep2026 23:24:29.213] [Render thread/INFO] [com.enderio.enderio.foundation.souldata.SoulDataReloadListener/]: Data loader for eio_soul/solar loaded 1 jsons
[26Sep2026 23:24:29.213] [Render thread/INFO] [com.enderio.enderio.foundation.souldata.SoulDataReloadListener/]: Data loader for eio_soul/farm loaded 3 jsons
[26Sep2026 23:24:29.213] [Render thread/INFO] [com.enderio.enderio.foundation.souldata.SoulDataReloadListener/]: Data loader for eio_soul/spawner loaded 81 jsons
[26Sep2026 23:24:29.629] [Render thread/INFO] [mezz.jei.neoforge.startup.StartEventObserver/]: JEI StartEventObserver received class net.neoforged.neoforge.event.TagsUpdatedEvent too early, ignoring
[26Sep2026 23:24:29.700] [Server thread/INFO] [net.minecraft.client.server.IntegratedServer/]: Starting integrated minecraft server version 1.21.1
[26Sep2026 23:24:29.700] [Server thread/INFO] [net.minecraft.server.MinecraftServer/]: Generating keypair
[26Sep2026 23:24:29.865] [Server thread/INFO] [FTB Teams/]: loaded team data: 1 known players, 1 teams total
[26Sep2026 23:24:30.593] [Server thread/INFO] [net.minecraft.server.MinecraftServer/]: Preparing start region for dimension minecraft:overworld
[26Sep2026 23:24:30.867] [progressListener/INFO] [net.minecraft.server.level.progress.LoggerChunkProgressListener/]: Preparing spawn area: 0%
[26Sep2026 23:24:30.955] [Server thread/INFO] [net.neoforged.neoforge.server.permission.PermissionAPI/]: Successfully initialized permission handler neoforge:default_handler
[26Sep2026 23:24:30.955] [Server thread/INFO] [io.gitlab.nyg2.industrial_forogoing_souls_addon.Industrial_forogoing_souls_addon/]: HELLO from server starting
[26Sep2026 23:24:30.964] [Server thread/INFO] [patchouli/]: Sending reload packet to clients
[26Sep2026 23:24:30.967] [progressListener/INFO] [net.minecraft.server.level.progress.LoggerChunkProgressListener/]: Time elapsed: 359 ms
[26Sep2026 23:24:31.053] [Server thread/INFO] [net.minecraft.client.server.IntegratedServer/]: Changing view distance to 12, from 10
[26Sep2026 23:24:31.054] [Server thread/INFO] [net.minecraft.client.server.IntegratedServer/]: Changing simulation distance to 12, from 0
[26Sep2026 23:24:31.699] [Render thread/INFO] [mezz.jei.neoforge.startup.StartEventObserver/]: JEI StartEventObserver received class net.neoforged.neoforge.event.TagsUpdatedEvent
[26Sep2026 23:24:31.904] [Server thread/INFO] [net.minecraft.server.players.PlayerList/]: Dev[local:E:43d86e4e] logged in with entity id 12 at (1563.675021078326, 106.13293342492534, 845.2201502311033)
[26Sep2026 23:24:32.018] [Server thread/INFO] [net.minecraft.server.MinecraftServer/]: Dev joined the game
[26Sep2026 23:24:32.481] [Server thread/ERROR] [net.minecraft.world.level.block.entity.BlockEntity/]: Failed to load data for block entity industrial_forogoing_souls_addon:soul_infuser
java.lang.NullPointerException: Cannot invoke "net.minecraft.world.level.Level.registryAccess()" because "this.level" is null
	at TRANSFORMER/industrial_forogoing_souls_addon@1/io.gitlab.nyg2.industrial_forogoing_souls_addon.block.SoulMachineBlockEntity.loadAdditional(SoulMachineBlockEntity.java:115) ~[%23193!/:?]
	at TRANSFORMER/minecraft@1.21.1/net.minecraft.world.level.block.entity.BlockEntity.loadWithComponents(BlockEntity.java:83) ~[neoforge-21.1.251.jar%23190!/:?]
	at TRANSFORMER/minecraft@1.21.1/net.minecraft.world.level.block.entity.BlockEntity.lambda$loadStatic$5(BlockEntity.java:178) ~[neoforge-21.1.251.jar%23190!/:?]
	at java.base/java.util.Optional.map(Optional.java:260) ~[?:?]
	at TRANSFORMER/minecraft@1.21.1/net.minecraft.world.level.block.entity.BlockEntity.loadStatic(BlockEntity.java:176) ~[neoforge-21.1.251.jar%23190!/:?]
	at TRANSFORMER/minecraft@1.21.1/net.minecraft.world.level.chunk.storage.ChunkSerializer.lambda$postLoadChunk$10(ChunkSerializer.java:440) ~[neoforge-21.1.251.jar%23190!/:?]
	at TRANSFORMER/minecraft@1.21.1/net.minecraft.world.level.chunk.LevelChunk.runPostLoad(LevelChunk.java:480) ~[neoforge-21.1.251.jar%23190!/:?]
	at TRANSFORMER/minecraft@1.21.1/net.minecraft.world.level.chunk.status.ChunkStatusTasks.lambda$full$2(ChunkStatusTasks.java:206) ~[neoforge-21.1.251.jar%23190!/:?]
	at java.base/java.util.concurrent.CompletableFuture$AsyncSupply.run(CompletableFuture.java:1768) ~[?:?]
	at TRANSFORMER/minecraft@1.21.1/net.minecraft.server.level.ChunkTaskPriorityQueueSorter.lambda$message$1(ChunkTaskPriorityQueueSorter.java:50) ~[neoforge-21.1.251.jar%23190!/:?]
	at TRANSFORMER/minecraft@1.21.1/net.minecraft.util.thread.BlockableEventLoop.doRunTask(BlockableEventLoop.java:151) ~[neoforge-21.1.251.jar%23190!/:?]
	at TRANSFORMER/minecraft@1.21.1/net.minecraft.server.level.ServerChunkCache$MainThreadExecutor.doRunTask(ServerChunkCache.java:562) ~[neoforge-21.1.251.jar%23190!/:?]
	at TRANSFORMER/minecraft@1.21.1/net.minecraft.util.thread.BlockableEventLoop.pollTask(BlockableEventLoop.java:122) ~[neoforge-21.1.251.jar%23190!/:?]
	at TRANSFORMER/minecraft@1.21.1/net.minecraft.server.level.ServerChunkCache$MainThreadExecutor.pollTask(ServerChunkCache.java:571) ~[neoforge-21.1.251.jar%23190!/:?]
	at TRANSFORMER/minecraft@1.21.1/net.minecraft.util.thread.BlockableEventLoop.managedBlock(BlockableEventLoop.java:135) ~[neoforge-21.1.251.jar%23190!/:?]
	at TRANSFORMER/minecraft@1.21.1/net.minecraft.server.level.ServerChunkCache$MainThreadExecutor.managedBlock(ServerChunkCache.java:536) ~[neoforge-21.1.251.jar%23190!/:?]
	at TRANSFORMER/minecraft@1.21.1/net.minecraft.server.level.ServerChunkCache.getChunk(ServerChunkCache.java:159) ~[neoforge-21.1.251.jar%23190!/:?]
	at TRANSFORMER/minecraft@1.21.1/net.minecraft.world.level.Level.getChunk(Level.java:208) ~[neoforge-21.1.251.jar%23190!/:?]
	at TRANSFORMER/minecraft@1.21.1/net.minecraft.world.level.LevelReader.getChunk(LevelReader.java:137) ~[neoforge-21.1.251.jar%23190!/:?]
	at TRANSFORMER/minecraft@1.21.1/net.minecraft.world.level.Level.getChunk(Level.java:202) ~[neoforge-21.1.251.jar%23190!/:?]
	at TRANSFORMER/minecraft@1.21.1/net.minecraft.world.level.Level.getChunkAt(Level.java:198) ~[neoforge-21.1.251.jar%23190!/:?]
	at TRANSFORMER/minecraft@1.21.1/net.minecraft.world.level.Level.getFluidState(Level.java:415) ~[neoforge-21.1.251.jar%23190!/:?]
	at TRANSFORMER/minecraft@1.21.1/net.minecraft.world.entity.Entity.updateFluidOnEyes(Entity.java:1314) ~[neoforge-21.1.251.jar%23190!/:?]
	at TRANSFORMER/minecraft@1.21.1/net.minecraft.world.entity.Entity.baseTick(Entity.java:456) ~[neoforge-21.1.251.jar%23190!/:?]
	at TRANSFORMER/minecraft@1.21.1/net.minecraft.world.entity.LivingEntity.baseTick(LivingEntity.java:402) ~[neoforge-21.1.251.jar%23190!/:?]
	at TRANSFORMER/minecraft@1.21.1/net.minecraft.world.entity.Entity.tick(Entity.java:431) ~[neoforge-21.1.251.jar%23190!/:?]
	at TRANSFORMER/minecraft@1.21.1/net.minecraft.world.entity.LivingEntity.tick(LivingEntity.java:2439) ~[neoforge-21.1.251.jar%23190!/:?]
	at TRANSFORMER/minecraft@1.21.1/net.minecraft.world.entity.player.Player.tick(Player.java:284) ~[neoforge-21.1.251.jar%23190!/:?]
	at TRANSFORMER/minecraft@1.21.1/net.minecraft.server.level.ServerPlayer.doTick(ServerPlayer.java:568) ~[neoforge-21.1.251.jar%23190!/:?]
	at TRANSFORMER/minecraft@1.21.1/net.minecraft.server.network.ServerGamePacketListenerImpl.tick(ServerGamePacketListenerImpl.java:263) ~[neoforge-21.1.251.jar%23190!/:?]
	at TRANSFORMER/minecraft@1.21.1/net.minecraft.network.Connection.tick(Connection.java:421) ~[neoforge-21.1.251.jar%23190!/:?]
	at TRANSFORMER/minecraft@1.21.1/net.minecraft.server.network.ServerConnectionListener.tick(ServerConnectionListener.java:174) ~[neoforge-21.1.251.jar%23190!/:?]
	at TRANSFORMER/minecraft@1.21.1/net.minecraft.server.MinecraftServer.tickChildren(MinecraftServer.java:1060) ~[neoforge-21.1.251.jar%23190!/:?]
	at TRANSFORMER/minecraft@1.21.1/net.minecraft.server.MinecraftServer.tickServer(MinecraftServer.java:926) ~[neoforge-21.1.251.jar%23190!/:?]
	at TRANSFORMER/minecraft@1.21.1/net.minecraft.client.server.IntegratedServer.tickServer(IntegratedServer.java:113) ~[neoforge-21.1.251.jar%23190!/:?]
	at TRANSFORMER/minecraft@1.21.1/net.minecraft.server.MinecraftServer.runServer(MinecraftServer.java:710) ~[neoforge-21.1.251.jar%23190!/:?]
	at TRANSFORMER/minecraft@1.21.1/net.minecraft.server.MinecraftServer.lambda$spin$2(MinecraftServer.java:267) ~[neoforge-21.1.251.jar%23190!/:?]
	at java.base/java.lang.Thread.run(Thread.java:1583) [?:?]
[26Sep2026 23:24:32.484] [Server thread/WARN] [net.minecraft.world.level.block.entity.BlockEntity/]: Skipping BlockEntity with id industrial_forogoing_souls_addon:soul_infuser
[26Sep2026 23:24:32.545] [Render thread/INFO] [mezz.jei.neoforge.startup.StartEventObserver/]: JEI StartEventObserver received class net.neoforged.neoforge.client.event.RecipesUpdatedEvent
[26Sep2026 23:24:32.545] [Render thread/INFO] [mezz.jei.neoforge.startup.StartEventObserver/]: JEI StartEventObserver transitioning state from LISTENING to JEI_STARTED
[26Sep2026 23:24:32.547] [Render thread/INFO] [mezz.jei.core.util.LoggedTimer/]: Starting JEI...
[26Sep2026 23:24:32.563] [Render thread/INFO] [mezz.jei.library.load.PluginCaller/]: Registering item subtypes...
[26Sep2026 23:24:32.593] [Render thread/INFO] [mezz.jei.library.load.PluginCallerTimerRunnable/]: Registering item subtypes: mekanism:jei_plugin took 19.61 milliseconds
[26Sep2026 23:24:32.598] [Render thread/INFO] [mezz.jei.library.load.PluginCaller/]: Registering item subtypes took 34.86 ms
[26Sep2026 23:24:32.599] [Render thread/INFO] [mezz.jei.library.load.PluginCaller/]: Registering fluid subtypes...
[26Sep2026 23:24:32.602] [Render thread/INFO] [mezz.jei.library.load.PluginCaller/]: Registering fluid subtypes took 3.216 ms
[26Sep2026 23:24:32.606] [Render thread/INFO] [mezz.jei.library.load.PluginCaller/]: Registering ingredients...
[26Sep2026 23:24:32.731] [Render thread/WARN] [mezz.jei.library.plugins.vanilla.ingredients.ItemStackListFactory/]: Item Group has no display items and no search tab display items. Items from this group will be missing from the JEI ingredient list. Operator Utilities
[26Sep2026 23:24:32.734] [Render thread/WARN] [mezz.jei.library.plugins.vanilla.ingredients.ItemStackListFactory/]: Item Group has no display items and no search tab display items. Items from this group will be missing from the JEI ingredient list. FTB Suite
[26Sep2026 23:24:32.767] [Render thread/WARN] [mezz.jei.library.plugins.vanilla.ingredients.ItemStackListFactory/]: 5 duplicate items were found in 'Ender IO' creative tab's: displayItems
This may indicate that these types of item need a subtype interpreter added to JEI:
[enderio:cold_fire_igniter, enderio:electromagnet, enderio:staff_of_travelling, enderio:staff_of_levity, enderio:void_vial]
[26Sep2026 23:24:32.792] [Render thread/INFO] [mezz.jei.library.load.PluginCallerTimerRunnable/]: Registering ingredients: jei:minecraft took 184.4 milliseconds
[26Sep2026 23:24:32.799] [Render thread/INFO] [mezz.jei.library.load.PluginCaller/]: Registering ingredients took 192.4 ms
[26Sep2026 23:24:32.800] [Render thread/INFO] [mezz.jei.library.load.PluginCaller/]: Registering extra ingredients...
[26Sep2026 23:24:32.802] [Render thread/INFO] [mezz.jei.library.load.PluginCaller/]: Registering extra ingredients took 1.308 ms
[26Sep2026 23:24:32.802] [Render thread/INFO] [mezz.jei.library.load.PluginCaller/]: Registering search ingredient aliases...
[26Sep2026 23:24:32.825] [Render thread/INFO] [mezz.jei.library.load.PluginCallerTimerRunnable/]: Registering search ingredient aliases: mekanism:jei_plugin took 21.43 milliseconds
[26Sep2026 23:24:32.825] [Render thread/INFO] [mezz.jei.library.load.PluginCaller/]: Registering search ingredient aliases took 23.39 ms
[26Sep2026 23:24:32.862] [Render thread/INFO] [mezz.jei.library.load.PluginCaller/]: Registering Mod Info...
[26Sep2026 23:24:32.864] [Render thread/INFO] [mezz.jei.library.load.PluginCaller/]: Registering Mod Info took 1.304 ms
[26Sep2026 23:24:32.899] [Render thread/INFO] [mezz.jei.library.load.PluginCaller/]: Registering categories...
[26Sep2026 23:24:32.937] [Render thread/INFO] [mezz.jei.library.load.PluginCallerTimerRunnable/]: Registering categories: jei:minecraft took 37.40 milliseconds
[26Sep2026 23:24:32.970] [Render thread/INFO] [mezz.jei.library.load.PluginCallerTimerRunnable/]: Registering categories: industrialforegoing:default took 32.42 milliseconds
[26Sep2026 23:24:33.054] [Render thread/INFO] [mezz.jei.library.load.PluginCallerTimerRunnable/]: Registering categories: mekanism:jei_plugin took 83.39 milliseconds
[26Sep2026 23:24:33.065] [Render thread/INFO] [mezz.jei.library.load.PluginCallerTimerRunnable/]: Registering categories: enderio:machines took 11.21 milliseconds
[26Sep2026 23:24:33.080] [Render thread/INFO] [mezz.jei.library.load.PluginCaller/]: Registering categories took 180.1 ms
[26Sep2026 23:24:33.081] [Render thread/INFO] [mezz.jei.library.load.PluginCaller/]: Registering vanilla category extensions...
[26Sep2026 23:24:33.091] [Render thread/INFO] [mezz.jei.library.load.PluginCaller/]: Registering vanilla category extensions took 10.06 ms
[26Sep2026 23:24:33.092] [Render thread/INFO] [mezz.jei.library.load.PluginCaller/]: Registering recipe catalysts...
[26Sep2026 23:24:33.097] [Render thread/INFO] [mezz.jei.library.load.PluginCaller/]: Registering recipe catalysts took 3.799 ms
[26Sep2026 23:24:33.098] [Render thread/INFO] [mezz.jei.core.util.LoggedTimer/]: Building recipe registry...
[26Sep2026 23:24:33.129] [Render thread/INFO] [mezz.jei.core.util.LoggedTimer/]: Building recipe registry took 30.95 ms
[26Sep2026 23:24:33.131] [Render thread/INFO] [mezz.jei.library.load.PluginCaller/]: Registering advanced plugins...
[26Sep2026 23:24:33.132] [Render thread/INFO] [mezz.jei.library.load.PluginCaller/]: Registering advanced plugins took 1.054 ms
[26Sep2026 23:24:33.133] [Render thread/INFO] [mezz.jei.library.load.PluginCaller/]: Registering recipes...
[26Sep2026 23:24:33.363] [Render thread/INFO] [mezz.jei.library.load.PluginCallerTimerRunnable/]: Registering recipes: jei:minecraft took 229.1 milliseconds
[26Sep2026 23:24:33.472] [Render thread/INFO] [mezz.jei.library.load.PluginCallerTimerRunnable/]: Registering recipes: industrialforegoing:default took 108.8 milliseconds
[26Sep2026 23:24:33.577] [Render thread/INFO] [mezz.jei.library.load.PluginCallerTimerRunnable/]: Registering recipes: mekanism:jei_plugin took 103.6 milliseconds
[26Sep2026 23:24:33.611] [Render thread/INFO] [mezz.jei.library.load.PluginCallerTimerRunnable/]: Registering recipes: enderio:machines took 33.80 milliseconds
[26Sep2026 23:24:33.614] [Render thread/INFO] [mezz.jei.library.ingredients.IngredientManager/]: Ingredients are being removed at runtime: 83 net.minecraft.world.item.ItemStack
[26Sep2026 23:24:33.619] [Render thread/INFO] [mezz.jei.library.ingredients.IngredientManager/]: Ingredients are being removed at runtime: 672 net.minecraft.world.item.ItemStack
[26Sep2026 23:24:33.624] [Render thread/INFO] [mezz.jei.library.load.PluginCallerTimerRunnable/]: Registering recipes: enderio:base took 13.84 milliseconds
[26Sep2026 23:24:33.675] [Render thread/INFO] [mezz.jei.library.load.PluginCallerTimerRunnable/]: Registering recipes: jei:internal took 49.65 milliseconds
[26Sep2026 23:24:33.677] [Render thread/INFO] [mezz.jei.library.load.PluginCaller/]: Registering recipes took 542.3 ms
[26Sep2026 23:24:33.687] [Render thread/INFO] [mezz.jei.library.load.PluginCaller/]: Registering recipes transfer handlers...
[26Sep2026 23:24:33.698] [Render thread/INFO] [mezz.jei.library.load.PluginCaller/]: Registering recipes transfer handlers took 10.55 ms
[26Sep2026 23:24:33.711] [Render thread/INFO] [mezz.jei.core.util.LoggedTimer/]: Building runtime...
[26Sep2026 23:24:33.714] [Render thread/INFO] [mezz.jei.library.load.PluginCaller/]: Registering gui handlers...
[26Sep2026 23:24:33.735] [Render thread/INFO] [mezz.jei.library.load.PluginCaller/]: Registering gui handlers took 21.68 ms
[26Sep2026 23:24:33.742] [Render thread/INFO] [mezz.jei.library.load.PluginCaller/]: Registering Runtime...
[26Sep2026 23:24:33.744] [Render thread/INFO] [mezz.jei.gui.startup.JeiGuiStarter/]: Starting JEI GUI
[26Sep2026 23:24:33.745] [Render thread/INFO] [mezz.jei.core.util.LoggedTimer/]: Building ingredient list...
[26Sep2026 23:24:33.795] [Render thread/INFO] [mezz.jei.core.util.LoggedTimer/]: Building ingredient list took 49.23 ms
[26Sep2026 23:24:33.795] [Render thread/INFO] [mezz.jei.core.util.LoggedTimer/]: Building ingredient filter...
[26Sep2026 23:24:33.858] [Render thread/INFO] [mezz.jei.gui.ingredients.IngredientFilter/]: Adding 2843 ingredients
[26Sep2026 23:24:34.327] [Render thread/INFO] [mezz.jei.gui.ingredients.IngredientFilter/]: Added 2843 ingredients
[26Sep2026 23:24:34.328] [Render thread/INFO] [mezz.jei.core.util.LoggedTimer/]: Building ingredient filter took 532.3 ms
[26Sep2026 23:24:34.431] [Render thread/INFO] [mezz.jei.library.load.PluginCallerTimerRunnable/]: Registering Runtime: jei:neoforge_gui took 688.0 milliseconds
[26Sep2026 23:24:34.432] [Render thread/INFO] [mezz.jei.library.load.PluginCaller/]: Registering Runtime took 689.3 ms
[26Sep2026 23:24:34.433] [Render thread/INFO] [mezz.jei.core.util.LoggedTimer/]: Building runtime took 722.1 ms
[26Sep2026 23:24:34.433] [Render thread/INFO] [mezz.jei.library.load.PluginCaller/]: Sending Runtime...
[26Sep2026 23:24:34.434] [Render thread/INFO] [mezz.jei.library.load.PluginCaller/]: Sending Runtime took 836.6 μs
[26Sep2026 23:24:34.434] [Render thread/INFO] [mezz.jei.core.util.LoggedTimer/]: Starting JEI took 1.887 s
[26Sep2026 23:24:34.495] [Render thread/INFO] [FTB Chunks/]: Loading FTB Chunks client data from world afd6e006-e000-468c-8f7a-a04733ee119d
[26Sep2026 23:24:34.502] [Render thread/INFO] [snownee.jade.Jade/]: Received config from the server: 
[26Sep2026 23:24:34.511] [Render thread/INFO] [net.minecraft.client.gui.components.ChatComponent/]: [System] [CHAT] [Warning] Ender IO is in alpha - expect bugs and take backups often!
[26Sep2026 23:24:34.524] [Render thread/INFO] [net.minecraft.client.gui.components.ChatComponent/]: [System] [CHAT] [Mekanism] Warning: Mekanism is currently in alpha, and is not recommended for widespread use in modpacks. There are likely to be game breaking bugs, and various other issues that you can read more about here.
[26Sep2026 23:24:34.525] [Render thread/INFO] [net.minecraft.advancements.AdvancementTree/]: Loaded 60 advancements
[26Sep2026 23:24:34.529] [Render thread/INFO] [patchouli/]: BookContentResourceListenerLoader: Files found in 133.8 μs
[26Sep2026 23:24:34.538] [Render thread/INFO] [patchouli/]: BookContentResourceListenerLoader: Files found in 30.10 μs
[26Sep2026 23:24:34.558] [Render thread/INFO] [patchouli/]: BookContentResourceListenerLoader: Files found in 29.60 μs
[26Sep2026 23:24:34.559] [Render thread/INFO] [patchouli/]: BookContentResourceListenerLoader: Files found in 375.8 μs
[26Sep2026 23:24:34.561] [Render thread/INFO] [patchouli/]: BookContentResourceListenerLoader: Files found in 383.4 μs
[26Sep2026 23:24:34.580] [Render thread/WARN] [patchouli/]: Invalid icon item stack: com.mojang.brigadier.exceptions.CommandSyntaxException: Unknown item 'industrialforegoing:range_addon11' at position 0: <--[HERE]
[26Sep2026 23:24:34.581] [Render thread/INFO] [patchouli/]: BookContentResourceListenerLoader: Files found in 347.9 μs
[26Sep2026 23:24:34.583] [Render thread/WARN] [patchouli/]: Recipe industrialforegoing:dissolution_chamber/infinity_backpack (of type industrialforegoing:dissolution_chamber) not found
[26Sep2026 23:24:36.083] [Server thread/INFO] [net.minecraft.client.server.IntegratedServer/]: Saving and pausing game...
[26Sep2026 23:24:36.147] [Server thread/INFO] [net.minecraft.server.MinecraftServer/]: Saving chunks for level 'ServerLevel[New World]'/minecraft:overworld
[26Sep2026 23:24:36.282] [Server thread/INFO] [net.minecraft.server.MinecraftServer/]: Saving chunks for level 'ServerLevel[New World]'/minecraft:the_nether
[26Sep2026 23:24:36.282] [Server thread/INFO] [net.minecraft.server.MinecraftServer/]: Saving chunks for level 'ServerLevel[New World]'/minecraft:the_end
[26Sep2026 23:24:53.038] [Render thread/INFO] [net.minecraft.client.gui.components.ChatComponent/]: [System] [CHAT] 1561, 103, 833 has the following block data: {redstoneManager: {LastState: 0b, ShouldWork: 1b, Name: "ignore"}, energyStorage: 0, storageSouls: {Soul_0: "industrial_forogoing_souls_addon:zombie_soul", Amount_0: 1500, Count: 1}, x: 1561, y: 103, z: 833, id: "industrial_forogoing_souls_addon:soul_infuser", augmentInventory: {Size: 4, FacingModes: {LEFT: "NONE", TOP: "NONE", FRONT: "NONE", RIGHT: "NONE", BACK: "NONE", BOTTOM: "NONE"}, Items: []}, uuid: "d28b7061-fb92-4064-90fb-7e02b95a72a5"}
[26Sep2026 23:25:14.602] [Render thread/INFO] [net.minecraft.client.gui.components.ChatComponent/]: [System] [CHAT] 1561, 103, 833 has the following block data: {redstoneManager: {LastState: 0b, ShouldWork: 1b, Name: "ignore"}, energyStorage: 0, storageSouls: {Soul_1: "industrial_forogoing_souls_addon:bee_soul", Soul_0: "industrial_forogoing_souls_addon:zombie_soul", Amount_1: 800, Amount_0: 1500, Count: 2}, x: 1561, y: 103, z: 833, id: "industrial_forogoing_souls_addon:soul_infuser", augmentInventory: {Size: 4, FacingModes: {LEFT: "NONE", TOP: "NONE", FRONT: "NONE", RIGHT: "NONE", BACK: "NONE", BOTTOM: "NONE"}, Items: []}, uuid: "d28b7061-fb92-4064-90fb-7e02b95a72a5"}
[26Sep2026 23:25:54.360] [Render thread/INFO] [net.minecraft.client.gui.components.ChatComponent/]: [System] [CHAT] 1561, 103, 833 has the following block data: {redstoneManager: {LastState: 0b, ShouldWork: 1b, Name: "ignore"}, energyStorage: 0, storageSouls: {Count: 0}, x: 1561, y: 103, z: 833, id: "industrial_forogoing_souls_addon:soul_infuser", augmentInventory: {Size: 4, FacingModes: {LEFT: "NONE", TOP: "NONE", FRONT: "NONE", RIGHT: "NONE", BACK: "NONE", BOTTOM: "NONE"}, Items: []}, uuid: "380df991-f603-344c-a090-369bad2a924a"}
[26Sep2026 23:26:14.749] [Render thread/INFO] [net.minecraft.client.gui.components.ChatComponent/]: [System] [CHAT] 1561, 103, 833 has the following block data: {redstoneManager: {LastState: 0b, ShouldWork: 1b, Name: "ignore"}, energyStorage: 0, storageSouls: {Soul_1: "industrial_forogoing_souls_addon:bee_soul", Soul_0: "industrial_forogoing_souls_addon:zombie_soul", Amount_1: 800, Amount_0: 1500, Count: 2}, x: 1561, y: 103, z: 833, id: "industrial_forogoing_souls_addon:soul_infuser", augmentInventory: {Size: 4, FacingModes: {LEFT: "NONE", TOP: "NONE", FRONT: "NONE", RIGHT: "NONE", BACK: "NONE", BOTTOM: "NONE"}, Items: []}, uuid: "380df991-f603-344c-a090-369bad2a924a"}
[26Sep2026 23:26:19.084] [Server thread/INFO] [net.minecraft.client.server.IntegratedServer/]: Saving and pausing game...
[26Sep2026 23:26:19.096] [Server thread/INFO] [net.minecraft.server.MinecraftServer/]: Saving chunks for level 'ServerLevel[New World]'/minecraft:overworld
[26Sep2026 23:26:19.120] [Server thread/INFO] [net.minecraft.server.MinecraftServer/]: Saving chunks for level 'ServerLevel[New World]'/minecraft:the_nether
[26Sep2026 23:26:19.120] [Server thread/INFO] [net.minecraft.server.MinecraftServer/]: Saving chunks for level 'ServerLevel[New World]'/minecraft:the_end
